ISO-10303-21;
HEADER;
FILE_DESCRIPTION((''),'2;1');
FILE_NAME('Case', '2026-10-10T07:02:53', (''), (''), 'ImageToStl.com STEP Converter','', '');
FILE_SCHEMA(('AUTOMOTIVE_DESIGN_CC2'));
ENDSEC;
DATA;
#1=PRODUCT_DEFINITION_CONTEXT('',#4,'design');
#2=APPLICATION_PROTOCOL_DEFINITION('INTERNATIONAL STANDARD','automotive_design',1994,#4);
#3=(GEOMETRIC_REPRESENTATION_CONTEXT(3)GLOBAL_UNCERTAINTY_ASSIGNED_CONTEXT((#5))GLOBAL_UNIT_ASSIGNED_CONTEXT((#6,#7,#8))REPRESENTATION_CONTEXT('NONE','WORKSPACE'));
#4=APPLICATION_CONTEXT(' ');
#5=UNCERTAINTY_MEASURE_WITH_UNIT(LENGTH_MEASURE(1.0E-006),#6,'','');
#6=(CONVERSION_BASED_UNIT('METRE',#10)LENGTH_UNIT()NAMED_UNIT(#11));
#7=(NAMED_UNIT(#12)PLANE_ANGLE_UNIT()SI_UNIT($,.RADIAN.));
#8=(NAMED_UNIT(#12)SOLID_ANGLE_UNIT()SI_UNIT($,.STERADIAN.));
#9=AXIS2_PLACEMENT_3D('',#14,#15,#16);
#10=LENGTH_MEASURE_WITH_UNIT(LENGTH_MEASURE(1.0),#17);
#11=DIMENSIONAL_EXPONENTS(1.0,0.0,0.0,0.0,0.0,0.0,0.0);
#12=DIMENSIONAL_EXPONENTS(0.0,0.0,0.0,0.0,0.0,0.0,0.0);
#13=PRODUCT_CONTEXT('',#4,'mechanical');
#14=CARTESIAN_POINT('',(0.0,0.0,0.0));
#15=DIRECTION('',(0.0,0.0,1.0));
#16=DIRECTION('',(1.0,0.0,0.0));
#17=(NAMED_UNIT(#11)LENGTH_UNIT()SI_UNIT(.MILLI.,.METRE.));
#18=PRESENTATION_STYLE_ASSIGNMENT((#19));
#19=SURFACE_STYLE_USAGE(.BOTH.,#20);
#20=SURFACE_SIDE_STYLE('',(#21));
#21=SURFACE_STYLE_FILL_AREA(#22);
#22=FILL_AREA_STYLE('',(#23));
#23=FILL_AREA_STYLE_COLOUR('',#24);
#24=COLOUR_RGB('',0,0,0);
#25=SHAPE_DEFINITION_REPRESENTATION(#26,#27);
#26=PRODUCT_DEFINITION_SHAPE('productshape0','',#30);
#27=MANIFOLD_SURFACE_SHAPE_REPRESENTATION('',(#28,#9),#3);
#28=SHELL_BASED_SURFACE_MODEL('shell0',(#33));
#29=PRODUCT('product0','','',(#13));
#30=PRODUCT_DEFINITION('mesh0','',#31,#2);
#31=PRODUCT_DEFINITION_FORMATION_WITH_SPECIFIED_SOURCE('prodsource0','',#29,.NOT_KNOWN.);
#32=STYLED_ITEM('',(#18),#33);
#33=CLOSED_SHELL('',(#134,#156,#178,#200,#222,#244,#266,#288,#310,#332,#354,#376,#398,#420,#442,#464,#486,#508,#530,#552,#574,#596,#618,#640,#662,#684,#706,#728,#750,#772,#794,#816,#838,#860,#882,#904,#926,#948,#970,#992,#1014,#1036,#1058,#1080,#1102,#1124,#1146,#1168,#1190,#1212,#1234,#1256));
#34=CARTESIAN_POINT('',(-214.85141082141854,56.74306722808751,-4.485394807503159));
#35=VERTEX_POINT('',#34);
#36=CARTESIAN_POINT('',(-214.85141082141854,56.91291140036628,-4.65356129914699));
#37=VERTEX_POINT('',#36);
#38=CARTESIAN_POINT('',(-214.85141082141854,-77.70631326816238,-5.8755599634298745));
#39=VERTEX_POINT('',#38);
#40=CARTESIAN_POINT('',(-214.85141082141854,-77.70631326816238,8.160417400089958));
#41=VERTEX_POINT('',#40);
#42=CARTESIAN_POINT('',(-214.85141082141854,74.49058500044976,8.160417400089951));
#43=VERTEX_POINT('',#42);
#44=CARTESIAN_POINT('',(-214.85141082141854,74.49058500044976,-5.875559963429883));
#45=VERTEX_POINT('',#44);
#46=CARTESIAN_POINT('',(-214.85141082141854,63.999602040811624,-4.757118153325482));
#47=VERTEX_POINT('',#46);
#48=CARTESIAN_POINT('',(-214.85141082141854,64.19224171359747,-4.65356129914699));
#49=VERTEX_POINT('',#48);
#50=CARTESIAN_POINT('',(-214.85141082141854,64.36977248027006,-4.485394807503159));
#51=VERTEX_POINT('',#50);
#52=CARTESIAN_POINT('',(-214.85141082141854,56.59419545379933,-4.259080349243224));
#53=VERTEX_POINT('',#52);
#54=CARTESIAN_POINT('',(-214.85141082141854,56.47202070899084,-3.9833152875765485));
#55=VERTEX_POINT('',#54);
#56=CARTESIAN_POINT('',(-214.85141082141854,64.5253857024386,-4.259080349243224));
#57=VERTEX_POINT('',#56);
#58=CARTESIAN_POINT('',(-214.85141082141854,56.38123289129044,-3.6686974282043003));
#59=VERTEX_POINT('',#58);
#60=CARTESIAN_POINT('',(-214.85141082141854,56.32533038660813,-3.3273169794673016));
#61=VERTEX_POINT('',#60);
#62=CARTESIAN_POINT('',(-214.85141082141854,64.65308798657225,-3.9833152875765485));
#63=VERTEX_POINT('',#62);
#64=CARTESIAN_POINT('',(-214.85141082141854,64.74798338414394,-3.6686974282043003));
#65=VERTEX_POINT('',#64);
#66=CARTESIAN_POINT('',(-214.85141082141854,56.306454332543126,-2.972293192106182));
#67=VERTEX_POINT('',#66);
#68=CARTESIAN_POINT('',(-214.85141082141854,56.32533038660813,-2.6172694047450626));
#69=VERTEX_POINT('',#68);
#70=CARTESIAN_POINT('',(-214.85141082141854,64.80642121075334,-3.3273169794673016));
#71=VERTEX_POINT('',#70);
#72=CARTESIAN_POINT('',(-214.85141082141854,64.82615282398456,-2.9722931921061826));
#73=VERTEX_POINT('',#72);
#74=CARTESIAN_POINT('',(-214.85141082141854,56.38123289129044,-2.2758893719508286));
#75=VERTEX_POINT('',#74);
#76=CARTESIAN_POINT('',(-214.85141082141854,56.47202070899084,-1.9612715125785805));
#77=VERTEX_POINT('',#76);
#78=CARTESIAN_POINT('',(-214.85141082141854,64.80642121075334,-2.617269404745063));
#79=VERTEX_POINT('',#78);
#80=CARTESIAN_POINT('',(-214.85141082141854,64.74798338414394,-2.275889371950829));
#81=VERTEX_POINT('',#80);
#82=CARTESIAN_POINT('',(-214.85141082141854,56.59419545379933,-1.6855064509119053));
#83=VERTEX_POINT('',#82);
#84=CARTESIAN_POINT('',(-214.85141082141854,56.74306722808751,-1.45919199265197));
#85=VERTEX_POINT('',#84);
#86=CARTESIAN_POINT('',(-214.85141082141854,64.65308798657225,-1.961271512578581));
#87=VERTEX_POINT('',#86);
#88=CARTESIAN_POINT('',(-214.85141082141854,64.5253857024386,-1.6855064509119058));
#89=VERTEX_POINT('',#88);
#90=CARTESIAN_POINT('',(-214.85141082141854,56.91291140036628,-1.2910250850653746));
#91=VERTEX_POINT('',#90);
#92=CARTESIAN_POINT('',(-214.85141082141854,57.09720601175604,-1.1874686468296467));
#93=VERTEX_POINT('',#92);
#94=CARTESIAN_POINT('',(-214.85141082141854,64.36977248027006,-1.4591919926519705));
#95=VERTEX_POINT('',#94);
#96=CARTESIAN_POINT('',(-214.85141082141854,64.19224171359747,-1.291025085065375));
#97=VERTEX_POINT('',#96);
#98=CARTESIAN_POINT('',(-214.85141082141854,57.28886470308953,-1.1525017944030544));
#99=VERTEX_POINT('',#98);
#100=CARTESIAN_POINT('',(-214.85141082141854,63.999602040811624,-1.1874686468296471));
#101=VERTEX_POINT('',#100);
#102=CARTESIAN_POINT('',(-214.85141082141854,57.28886470308953,-4.792084797780692));
#103=VERTEX_POINT('',#102);
#104=CARTESIAN_POINT('',(-214.85141082141854,57.09720601175604,-4.757118153325482));
#105=VERTEX_POINT('',#104);
#106=CARTESIAN_POINT('',(227.62959094439793,74.49058500044976,8.160417400089951));
#107=VERTEX_POINT('',#106);
#108=CARTESIAN_POINT('',(227.62959094439793,74.49058500044976,-5.875559963429883));
#109=VERTEX_POINT('',#108);
#110=CARTESIAN_POINT('',(227.62959094439793,-77.70631326816238,8.160417400089958));
#111=VERTEX_POINT('',#110);
#112=CARTESIAN_POINT('',(227.62959094439793,-77.70631326816238,-5.8755599634298745));
#113=VERTEX_POINT('',#112);
#114=CARTESIAN_POINT('',(-214.85141082141854,-77.70631326816238,8.160417400089958));
#115=VERTEX_POINT('',#114);
#116=CARTESIAN_POINT('',(-214.85141082141854,-77.70631326816238,-5.8755599634298745));
#117=VERTEX_POINT('',#116);
#118=CARTESIAN_POINT('',(-214.85141082141854,74.49058500044976,-5.875559963429883));
#119=VERTEX_POINT('',#118);
#120=CARTESIAN_POINT('',(-214.85141082141854,-77.70631326816238,-5.8755599634298745));
#121=VERTEX_POINT('',#120);
#122=CARTESIAN_POINT('',(225.25041898299241,-75.80590582974037,8.160417400089958));
#123=VERTEX_POINT('',#122);
#124=CARTESIAN_POINT('',(225.25041898299241,72.55392156259677,8.160417400089951));
#125=VERTEX_POINT('',#124);
#126=CARTESIAN_POINT('',(-211.76293406983677,72.55392156259677,8.160417400089951));
#127=VERTEX_POINT('',#126);
#128=CARTESIAN_POINT('',(-214.85141082141854,-77.70631326816238,8.160417400089958));
#129=VERTEX_POINT('',#128);
#130=CARTESIAN_POINT('',(-211.76293406983677,-75.80590582974037,8.160417400089958));
#131=VERTEX_POINT('',#130);
#132=CARTESIAN_POINT('',(-214.85141082141854,74.49058500044976,8.160417400089951));
#133=VERTEX_POINT('',#132);
#134=FACE_SURFACE('',(#139),#135,.T.);
#135=PLANE('',#136);
#136=AXIS2_PLACEMENT_3D('',#34,#137,#138);
#137=DIRECTION('',(-1,0,-0));
#138=DIRECTION('',(0,0.7106076788968823,-0.7035884640134356));
#139=FACE_BOUND('',#140,.T.);
#140=EDGE_LOOP('',(#141,#142,#143));
#141=ORIENTED_EDGE('',*,*,#144,.T.);
#142=ORIENTED_EDGE('',*,*,#145,.T.);
#143=ORIENTED_EDGE('',*,*,#146,.T.);
#144=EDGE_CURVE('',#35,#37,#147,.F.);
#145=EDGE_CURVE('',#37,#39,#148,.T.);
#146=EDGE_CURVE('',#39,#35,#149,.T.);
#147=LINE('',#34,#150);
#148=LINE('',#36,#151);
#149=LINE('',#38,#152);
#150=VECTOR('',#153,1.0);
#151=VECTOR('',#154,1.0);
#152=VECTOR('',#155,1.0);
#153=DIRECTION('',(0,0.7106076788968823,-0.7035884640134356));
#154=DIRECTION('',(0,-0.9999588025383183,-0.009077071451336367));
#155=DIRECTION('',(0,0.9999465496725373,0.010339139131865892));
#156=FACE_SURFACE('',(#161),#157,.T.);
#157=PLANE('',#158);
#158=AXIS2_PLACEMENT_3D('',#38,#159,#160);
#159=DIRECTION('',(-1,0,0));
#160=DIRECTION('',(0,0,1));
#161=FACE_BOUND('',#162,.T.);
#162=EDGE_LOOP('',(#163,#164,#165));
#163=ORIENTED_EDGE('',*,*,#166,.T.);
#164=ORIENTED_EDGE('',*,*,#167,.T.);
#165=ORIENTED_EDGE('',*,*,#168,.T.);
#166=EDGE_CURVE('',#39,#41,#169,.F.);
#167=EDGE_CURVE('',#41,#43,#170,.T.);
#168=EDGE_CURVE('',#43,#39,#171,.T.);
#169=LINE('',#38,#172);
#170=LINE('',#40,#173);
#171=LINE('',#42,#174);
#172=VECTOR('',#175,1.0);
#173=VECTOR('',#176,1.0);
#174=VECTOR('',#177,1.0);
#175=DIRECTION('',(0,0,1));
#176=DIRECTION('',(0,1,-4.668575666411178E-17));
#177=DIRECTION('',(0,-0.9957744406323186,-0.09183280123895453));
#178=FACE_SURFACE('',(#183),#179,.T.);
#179=PLANE('',#180);
#180=AXIS2_PLACEMENT_3D('',#44,#181,#182);
#181=DIRECTION('',(-1,0,0));
#182=DIRECTION('',(0,-0.9943651605761933,0.10600909127183947));
#183=FACE_BOUND('',#184,.T.);
#184=EDGE_LOOP('',(#185,#186,#187));
#185=ORIENTED_EDGE('',*,*,#188,.T.);
#186=ORIENTED_EDGE('',*,*,#189,.T.);
#187=ORIENTED_EDGE('',*,*,#190,.T.);
#188=EDGE_CURVE('',#45,#47,#191,.F.);
#189=EDGE_CURVE('',#47,#49,#192,.T.);
#190=EDGE_CURVE('',#49,#45,#193,.T.);
#191=LINE('',#44,#194);
#192=LINE('',#46,#195);
#193=LINE('',#48,#196);
#194=VECTOR('',#197,1.0);
#195=VECTOR('',#198,1.0);
#196=VECTOR('',#199,1.0);
#197=DIRECTION('',(0,-0.9943651605761933,0.10600909127183947));
#198=DIRECTION('',(0,0.8807995510444742,0.47348933555028744));
#199=DIRECTION('',(0,0.9930334159877411,-0.11783307995515495));
#200=FACE_SURFACE('',(#205),#201,.T.);
#201=PLANE('',#202);
#202=AXIS2_PLACEMENT_3D('',#44,#203,#204);
#203=DIRECTION('',(-1,0,0));
#204=DIRECTION('',(0,-0.9930334159877411,0.11783307995515495));
#205=FACE_BOUND('',#206,.T.);
#206=EDGE_LOOP('',(#207,#208,#209));
#207=ORIENTED_EDGE('',*,*,#210,.T.);
#208=ORIENTED_EDGE('',*,*,#211,.T.);
#209=ORIENTED_EDGE('',*,*,#212,.T.);
#210=EDGE_CURVE('',#45,#49,#213,.F.);
#211=EDGE_CURVE('',#49,#51,#214,.T.);
#212=EDGE_CURVE('',#51,#45,#215,.T.);
#213=LINE('',#44,#216);
#214=LINE('',#48,#217);
#215=LINE('',#50,#218);
#216=VECTOR('',#219,1.0);
#217=VECTOR('',#220,1.0);
#218=VECTOR('',#221,1.0);
#219=DIRECTION('',(0,-0.9930334159877411,0.11783307995515495));
#220=DIRECTION('',(0,0.7259946407710868,0.6877003574025977));
#221=DIRECTION('',(0,0.9906979388567548,-0.1360793663454436));
#222=FACE_SURFACE('',(#227),#223,.T.);
#223=PLANE('',#224);
#224=AXIS2_PLACEMENT_3D('',#52,#225,#226);
#225=DIRECTION('',(-1,0,-0));
#226=DIRECTION('',(0,0.5495667328565403,-0.8354498226329262));
#227=FACE_BOUND('',#228,.T.);
#228=EDGE_LOOP('',(#229,#230,#231));
#229=ORIENTED_EDGE('',*,*,#232,.T.);
#230=ORIENTED_EDGE('',*,*,#233,.T.);
#231=ORIENTED_EDGE('',*,*,#234,.T.);
#232=EDGE_CURVE('',#53,#35,#235,.F.);
#233=EDGE_CURVE('',#35,#39,#236,.T.);
#234=EDGE_CURVE('',#39,#53,#237,.T.);
#235=LINE('',#52,#238);
#236=LINE('',#34,#239);
#237=LINE('',#38,#240);
#238=VECTOR('',#241,1.0);
#239=VECTOR('',#242,1.0);
#240=VECTOR('',#243,1.0);
#241=DIRECTION('',(0,0.5495667328565403,-0.8354498226329262));
#242=DIRECTION('',(0,-0.9999465496725373,-0.010339139131865892));
#243=DIRECTION('',(0,0.9999275717539918,0.01203541632705051));
#244=FACE_SURFACE('',(#249),#245,.T.);
#245=PLANE('',#246);
#246=AXIS2_PLACEMENT_3D('',#54,#247,#248);
#247=DIRECTION('',(-1,0,-0));
#248=DIRECTION('',(0,0.40506534840518915,-0.9142877356288788));
#249=FACE_BOUND('',#250,.T.);
#250=EDGE_LOOP('',(#251,#252,#253));
#251=ORIENTED_EDGE('',*,*,#254,.T.);
#252=ORIENTED_EDGE('',*,*,#255,.T.);
#253=ORIENTED_EDGE('',*,*,#256,.T.);
#254=EDGE_CURVE('',#55,#53,#257,.F.);
#255=EDGE_CURVE('',#53,#39,#258,.T.);
#256=EDGE_CURVE('',#39,#55,#259,.T.);
#257=LINE('',#54,#260);
#258=LINE('',#52,#261);
#259=LINE('',#38,#262);
#260=VECTOR('',#263,1.0);
#261=VECTOR('',#264,1.0);
#262=VECTOR('',#265,1.0);
#263=DIRECTION('',(0,0.40506534840518915,-0.9142877356288788));
#264=DIRECTION('',(0,-0.9999275717539918,-0.01203541632705051));
#265=DIRECTION('',(0,0.99990057513164,0.014101058521099899));
#266=FACE_SURFACE('',(#271),#267,.T.);
#267=PLANE('',#268);
#268=AXIS2_PLACEMENT_3D('',#42,#269,#270);
#269=DIRECTION('',(-1,0,-0));
#270=DIRECTION('',(0,0,-1));
#271=FACE_BOUND('',#272,.T.);
#272=EDGE_LOOP('',(#273,#274,#275));
#273=ORIENTED_EDGE('',*,*,#276,.T.);
#274=ORIENTED_EDGE('',*,*,#277,.T.);
#275=ORIENTED_EDGE('',*,*,#278,.T.);
#276=EDGE_CURVE('',#43,#45,#279,.F.);
#277=EDGE_CURVE('',#45,#51,#280,.T.);
#278=EDGE_CURVE('',#51,#43,#281,.T.);
#279=LINE('',#42,#282);
#280=LINE('',#44,#283);
#281=LINE('',#50,#284);
#282=VECTOR('',#285,1.0);
#283=VECTOR('',#286,1.0);
#284=VECTOR('',#287,1.0);
#285=DIRECTION('',(0,0,-1));
#286=DIRECTION('',(0,-0.9906979388567548,0.1360793663454436));
#287=DIRECTION('',(0,0.6248517456263533,0.7807434251965873));
#288=FACE_SURFACE('',(#293),#289,.T.);
#289=PLANE('',#290);
#290=AXIS2_PLACEMENT_3D('',#42,#291,#292);
#291=DIRECTION('',(-1,0,0));
#292=DIRECTION('',(0,-0.6248517456263533,-0.7807434251965873));
#293=FACE_BOUND('',#294,.T.);
#294=EDGE_LOOP('',(#295,#296,#297));
#295=ORIENTED_EDGE('',*,*,#298,.T.);
#296=ORIENTED_EDGE('',*,*,#299,.T.);
#297=ORIENTED_EDGE('',*,*,#300,.T.);
#298=EDGE_CURVE('',#43,#51,#301,.F.);
#299=EDGE_CURVE('',#51,#57,#302,.T.);
#300=EDGE_CURVE('',#57,#43,#303,.T.);
#301=LINE('',#42,#304);
#302=LINE('',#50,#305);
#303=LINE('',#56,#306);
#304=VECTOR('',#307,1.0);
#305=VECTOR('',#308,1.0);
#306=VECTOR('',#309,1.0);
#307=DIRECTION('',(0,-0.6248517456263533,-0.7807434251965873));
#308=DIRECTION('',(0,0.5665832934924727,0.8240044730068049));
#309=DIRECTION('',(0,0.6258279191268008,0.7799611629058324));
#310=FACE_SURFACE('',(#315),#311,.T.);
#311=PLANE('',#312);
#312=AXIS2_PLACEMENT_3D('',#58,#313,#314);
#313=DIRECTION('',(-1,0,-0));
#314=DIRECTION('',(0,0.277252743956937,-0.9607970212112177));
#315=FACE_BOUND('',#316,.T.);
#316=EDGE_LOOP('',(#317,#318,#319));
#317=ORIENTED_EDGE('',*,*,#320,.T.);
#318=ORIENTED_EDGE('',*,*,#321,.T.);
#319=ORIENTED_EDGE('',*,*,#322,.T.);
#320=EDGE_CURVE('',#59,#55,#323,.F.);
#321=EDGE_CURVE('',#55,#39,#324,.T.);
#322=EDGE_CURVE('',#39,#59,#325,.T.);
#323=LINE('',#58,#326);
#324=LINE('',#54,#327);
#325=LINE('',#38,#328);
#326=VECTOR('',#329,1.0);
#327=VECTOR('',#330,1.0);
#328=VECTOR('',#331,1.0);
#329=DIRECTION('',(0,0.277252743956937,-0.9607970212112177));
#330=DIRECTION('',(0,-0.99990057513164,-0.014101058521099899));
#331=DIRECTION('',(0,0.9998645885270201,0.016456142005127284));
#332=FACE_SURFACE('',(#337),#333,.T.);
#333=PLANE('',#334);
#334=AXIS2_PLACEMENT_3D('',#60,#335,#336);
#335=DIRECTION('',(-1,0,-0));
#336=DIRECTION('',(0,0.16160188503673834,-0.9868560334479254));
#337=FACE_BOUND('',#338,.T.);
#338=EDGE_LOOP('',(#339,#340,#341));
#339=ORIENTED_EDGE('',*,*,#342,.T.);
#340=ORIENTED_EDGE('',*,*,#343,.T.);
#341=ORIENTED_EDGE('',*,*,#344,.T.);
#342=EDGE_CURVE('',#61,#59,#345,.F.);
#343=EDGE_CURVE('',#59,#39,#346,.T.);
#344=EDGE_CURVE('',#39,#61,#347,.T.);
#345=LINE('',#60,#348);
#346=LINE('',#58,#349);
#347=LINE('',#38,#350);
#348=VECTOR('',#351,1.0);
#349=VECTOR('',#352,1.0);
#350=VECTOR('',#353,1.0);
#351=DIRECTION('',(0,0.16160188503673834,-0.9868560334479254));
#352=DIRECTION('',(0,-0.9998645885270201,-0.016456142005127284));
#353=DIRECTION('',(0,0.9998193161756175,0.01900881380099447));
#354=FACE_SURFACE('',(#359),#355,.T.);
#355=PLANE('',#356);
#356=AXIS2_PLACEMENT_3D('',#42,#357,#358);
#357=DIRECTION('',(-1,0,0));
#358=DIRECTION('',(0,-0.6258279191268008,-0.7799611629058324));
#359=FACE_BOUND('',#360,.T.);
#360=EDGE_LOOP('',(#361,#362,#363));
#361=ORIENTED_EDGE('',*,*,#364,.T.);
#362=ORIENTED_EDGE('',*,*,#365,.T.);
#363=ORIENTED_EDGE('',*,*,#366,.T.);
#364=EDGE_CURVE('',#43,#57,#367,.F.);
#365=EDGE_CURVE('',#57,#63,#368,.T.);
#366=EDGE_CURVE('',#63,#43,#369,.T.);
#367=LINE('',#42,#370);
#368=LINE('',#56,#371);
#369=LINE('',#62,#372);
#370=VECTOR('',#373,1.0);
#371=VECTOR('',#374,1.0);
#372=VECTOR('',#375,1.0);
#373=DIRECTION('',(0,-0.6258279191268008,-0.7799611629058324));
#374=DIRECTION('',(0,0.4202137313557478,0.9074251594374487));
#375=DIRECTION('',(0,0.6294632185146142,0.7770302803219595));
#376=FACE_SURFACE('',(#381),#377,.T.);
#377=PLANE('',#378);
#378=AXIS2_PLACEMENT_3D('',#42,#379,#380);
#379=DIRECTION('',(-1,0,0));
#380=DIRECTION('',(0,-0.6294632185146142,-0.7770302803219595));
#381=FACE_BOUND('',#382,.T.);
#382=EDGE_LOOP('',(#383,#384,#385));
#383=ORIENTED_EDGE('',*,*,#386,.T.);
#384=ORIENTED_EDGE('',*,*,#387,.T.);
#385=ORIENTED_EDGE('',*,*,#388,.T.);
#386=EDGE_CURVE('',#43,#63,#389,.F.);
#387=EDGE_CURVE('',#63,#65,#390,.T.);
#388=EDGE_CURVE('',#65,#43,#391,.T.);
#389=LINE('',#42,#392);
#390=LINE('',#62,#393);
#391=LINE('',#64,#394);
#392=VECTOR('',#395,1.0);
#393=VECTOR('',#396,1.0);
#394=VECTOR('',#397,1.0);
#395=DIRECTION('',(0,-0.6294632185146142,-0.7770302803219595));
#396=DIRECTION('',(0,0.28877149168500166,0.9573980497107873));
#397=DIRECTION('',(0,0.6357452660653339,0.7718989290545218));
#398=FACE_SURFACE('',(#403),#399,.T.);
#399=PLANE('',#400);
#400=AXIS2_PLACEMENT_3D('',#66,#401,#402);
#401=DIRECTION('',(-1,0,-0));
#402=DIRECTION('',(0,0.053093429202568064,-0.9985895492020292));
#403=FACE_BOUND('',#404,.T.);
#404=EDGE_LOOP('',(#405,#406,#407));
#405=ORIENTED_EDGE('',*,*,#408,.T.);
#406=ORIENTED_EDGE('',*,*,#409,.T.);
#407=ORIENTED_EDGE('',*,*,#410,.T.);
#408=EDGE_CURVE('',#67,#61,#411,.F.);
#409=EDGE_CURVE('',#61,#39,#412,.T.);
#410=EDGE_CURVE('',#39,#67,#413,.T.);
#411=LINE('',#66,#414);
#412=LINE('',#60,#415);
#413=LINE('',#38,#416);
#414=VECTOR('',#417,1.0);
#415=VECTOR('',#418,1.0);
#416=VECTOR('',#419,1.0);
#417=DIRECTION('',(0,0.053093429202568064,-0.9985895492020292));
#418=DIRECTION('',(0,-0.9998193161756175,-0.01900881380099447));
#419=DIRECTION('',(0,0.9997654158310995,0.021659023709960038));
#420=FACE_SURFACE('',(#425),#421,.T.);
#421=PLANE('',#422);
#422=AXIS2_PLACEMENT_3D('',#68,#423,#424);
#423=DIRECTION('',(-1,0,0));
#424=DIRECTION('',(0,-0.053093429202568064,-0.9985895492020292));
#425=FACE_BOUND('',#426,.T.);
#426=EDGE_LOOP('',(#427,#428,#429));
#427=ORIENTED_EDGE('',*,*,#430,.T.);
#428=ORIENTED_EDGE('',*,*,#431,.T.);
#429=ORIENTED_EDGE('',*,*,#432,.T.);
#430=EDGE_CURVE('',#69,#67,#433,.F.);
#431=EDGE_CURVE('',#67,#39,#434,.T.);
#432=EDGE_CURVE('',#39,#69,#435,.T.);
#433=LINE('',#68,#436);
#434=LINE('',#66,#437);
#435=LINE('',#38,#438);
#436=VECTOR('',#439,1.0);
#437=VECTOR('',#440,1.0);
#438=VECTOR('',#441,1.0);
#439=DIRECTION('',(0,-0.053093429202568064,-0.9985895492020292));
#440=DIRECTION('',(0,-0.9997654158310995,-0.021659023709960038));
#441=DIRECTION('',(0,0.9997046462437544,0.02430268048282215));
#442=FACE_SURFACE('',(#447),#443,.T.);
#443=PLANE('',#444);
#444=AXIS2_PLACEMENT_3D('',#42,#445,#446);
#445=DIRECTION('',(-1,0,0));
#446=DIRECTION('',(0,-0.6357452660653339,-0.7718989290545218));
#447=FACE_BOUND('',#448,.T.);
#448=EDGE_LOOP('',(#449,#450,#451));
#449=ORIENTED_EDGE('',*,*,#452,.T.);
#450=ORIENTED_EDGE('',*,*,#453,.T.);
#451=ORIENTED_EDGE('',*,*,#454,.T.);
#452=EDGE_CURVE('',#43,#65,#455,.F.);
#453=EDGE_CURVE('',#65,#71,#456,.T.);
#454=EDGE_CURVE('',#71,#43,#457,.T.);
#455=LINE('',#42,#458);
#456=LINE('',#64,#459);
#457=LINE('',#70,#460);
#458=VECTOR('',#461,1.0);
#459=VECTOR('',#462,1.0);
#460=VECTOR('',#463,1.0);
#461=DIRECTION('',(0,-0.6357452660653339,-0.7718989290545218));
#462=DIRECTION('',(0,0.16872669872547472,0.9856628739773062));
#463=DIRECTION('',(0,0.6445360569799816,0.764573914839303));
#464=FACE_SURFACE('',(#469),#465,.T.);
#465=PLANE('',#466);
#466=AXIS2_PLACEMENT_3D('',#42,#467,#468);
#467=DIRECTION('',(-1,0,0));
#468=DIRECTION('',(0,-0.6445360569799816,-0.764573914839303));
#469=FACE_BOUND('',#470,.T.);
#470=EDGE_LOOP('',(#471,#472,#473));
#471=ORIENTED_EDGE('',*,*,#474,.T.);
#472=ORIENTED_EDGE('',*,*,#475,.T.);
#473=ORIENTED_EDGE('',*,*,#476,.T.);
#474=EDGE_CURVE('',#43,#71,#477,.F.);
#475=EDGE_CURVE('',#71,#73,#478,.T.);
#476=EDGE_CURVE('',#73,#43,#479,.T.);
#477=LINE('',#42,#480);
#478=LINE('',#70,#481);
#479=LINE('',#72,#482);
#480=VECTOR('',#483,1.0);
#481=VECTOR('',#484,1.0);
#482=VECTOR('',#485,1.0);
#483=DIRECTION('',(0,-0.6445360569799816,-0.764573914839303));
#484=DIRECTION('',(0,0.05549264418717539,0.9984590960280323));
#485=DIRECTION('',(0,0.6555533113979318,0.7551488965198893));
#486=FACE_SURFACE('',(#491),#487,.T.);
#487=PLANE('',#488);
#488=AXIS2_PLACEMENT_3D('',#74,#489,#490);
#489=DIRECTION('',(-1,0,0));
#490=DIRECTION('',(0,-0.1616020767929589,-0.9868560020470073));
#491=FACE_BOUND('',#492,.T.);
#492=EDGE_LOOP('',(#493,#494,#495));
#493=ORIENTED_EDGE('',*,*,#496,.T.);
#494=ORIENTED_EDGE('',*,*,#497,.T.);
#495=ORIENTED_EDGE('',*,*,#498,.T.);
#496=EDGE_CURVE('',#75,#69,#499,.F.);
#497=EDGE_CURVE('',#69,#39,#500,.T.);
#498=EDGE_CURVE('',#39,#75,#501,.T.);
#499=LINE('',#74,#502);
#500=LINE('',#68,#503);
#501=LINE('',#38,#504);
#502=VECTOR('',#505,1.0);
#503=VECTOR('',#506,1.0);
#504=VECTOR('',#507,1.0);
#505=DIRECTION('',(0,-0.1616020767929589,-0.9868560020470073));
#506=DIRECTION('',(0,-0.9997046462437544,-0.02430268048282215));
#507=DIRECTION('',(0,0.99963984954177,0.02683600581508868));
#508=FACE_SURFACE('',(#513),#509,.T.);
#509=PLANE('',#510);
#510=AXIS2_PLACEMENT_3D('',#76,#511,#512);
#511=DIRECTION('',(-1,0,0));
#512=DIRECTION('',(0,-0.277252743956937,-0.9607970212112177));
#513=FACE_BOUND('',#514,.T.);
#514=EDGE_LOOP('',(#515,#516,#517));
#515=ORIENTED_EDGE('',*,*,#518,.T.);
#516=ORIENTED_EDGE('',*,*,#519,.T.);
#517=ORIENTED_EDGE('',*,*,#520,.T.);
#518=EDGE_CURVE('',#77,#75,#521,.F.);
#519=EDGE_CURVE('',#75,#39,#522,.T.);
#520=EDGE_CURVE('',#39,#77,#523,.T.);
#521=LINE('',#76,#524);
#522=LINE('',#74,#525);
#523=LINE('',#38,#526);
#524=VECTOR('',#527,1.0);
#525=VECTOR('',#528,1.0);
#526=VECTOR('',#529,1.0);
#527=DIRECTION('',(0,-0.277252743956937,-0.9607970212112177));
#528=DIRECTION('',(0,-0.99963984954177,-0.02683600581508868));
#529=DIRECTION('',(0,0.9995747603233278,0.029159878678790732));
#530=FACE_SURFACE('',(#535),#531,.T.);
#531=PLANE('',#532);
#532=AXIS2_PLACEMENT_3D('',#42,#533,#534);
#533=DIRECTION('',(-1,0,0));
#534=DIRECTION('',(0,-0.6555533113979318,-0.7551488965198893));
#535=FACE_BOUND('',#536,.T.);
#536=EDGE_LOOP('',(#537,#538,#539));
#537=ORIENTED_EDGE('',*,*,#540,.T.);
#538=ORIENTED_EDGE('',*,*,#541,.T.);
#539=ORIENTED_EDGE('',*,*,#542,.T.);
#540=EDGE_CURVE('',#43,#73,#543,.F.);
#541=EDGE_CURVE('',#73,#79,#544,.T.);
#542=EDGE_CURVE('',#79,#43,#545,.T.);
#543=LINE('',#42,#546);
#544=LINE('',#72,#547);
#545=LINE('',#78,#548);
#546=VECTOR('',#549,1.0);
#547=VECTOR('',#550,1.0);
#548=VECTOR('',#551,1.0);
#549=DIRECTION('',(0,-0.6555533113979318,-0.7551488965198893));
#550=DIRECTION('',(0,-0.05549264418717533,0.9984590960280324));
#551=DIRECTION('',(0,0.6683637928884525,0.743834551735641));
#552=FACE_SURFACE('',(#557),#553,.T.);
#553=PLANE('',#554);
#554=AXIS2_PLACEMENT_3D('',#42,#555,#556);
#555=DIRECTION('',(-1,0,0));
#556=DIRECTION('',(0,-0.6683637928884525,-0.743834551735641));
#557=FACE_BOUND('',#558,.T.);
#558=EDGE_LOOP('',(#559,#560,#561));
#559=ORIENTED_EDGE('',*,*,#562,.T.);
#560=ORIENTED_EDGE('',*,*,#563,.T.);
#561=ORIENTED_EDGE('',*,*,#564,.T.);
#562=EDGE_CURVE('',#43,#79,#565,.F.);
#563=EDGE_CURVE('',#79,#81,#566,.T.);
#564=EDGE_CURVE('',#81,#43,#567,.T.);
#565=LINE('',#42,#568);
#566=LINE('',#78,#569);
#567=LINE('',#80,#570);
#568=VECTOR('',#571,1.0);
#569=VECTOR('',#572,1.0);
#570=VECTOR('',#573,1.0);
#571=DIRECTION('',(0,-0.6683637928884525,-0.743834551735641));
#572=DIRECTION('',(0,-0.1687268984521361,0.9856628397878874));
#573=DIRECTION('',(0,0.6823949341099134,0.7309836892168846));
#574=FACE_SURFACE('',(#579),#575,.T.);
#575=PLANE('',#576);
#576=AXIS2_PLACEMENT_3D('',#82,#577,#578);
#577=DIRECTION('',(-1,0,0));
#578=DIRECTION('',(0,-0.40506534840518915,-0.9142877356288788));
#579=FACE_BOUND('',#580,.T.);
#580=EDGE_LOOP('',(#581,#582,#583));
#581=ORIENTED_EDGE('',*,*,#584,.T.);
#582=ORIENTED_EDGE('',*,*,#585,.T.);
#583=ORIENTED_EDGE('',*,*,#586,.T.);
#584=EDGE_CURVE('',#83,#77,#587,.F.);
#585=EDGE_CURVE('',#77,#39,#588,.T.);
#586=EDGE_CURVE('',#39,#83,#589,.T.);
#587=LINE('',#82,#590);
#588=LINE('',#76,#591);
#589=LINE('',#38,#592);
#590=VECTOR('',#593,1.0);
#591=VECTOR('',#594,1.0);
#592=VECTOR('',#595,1.0);
#593=DIRECTION('',(0,-0.40506534840518915,-0.9142877356288788));
#594=DIRECTION('',(0,-0.9995747603233278,-0.029159878678790732));
#595=DIRECTION('',(0,0.9995136634406095,0.03118391565425379));
#596=FACE_SURFACE('',(#601),#597,.T.);
#597=PLANE('',#598);
#598=AXIS2_PLACEMENT_3D('',#84,#599,#600);
#599=DIRECTION('',(-1,0,0));
#600=DIRECTION('',(0,-0.5495667328565403,-0.8354498226329262));
#601=FACE_BOUND('',#602,.T.);
#602=EDGE_LOOP('',(#603,#604,#605));
#603=ORIENTED_EDGE('',*,*,#606,.T.);
#604=ORIENTED_EDGE('',*,*,#607,.T.);
#605=ORIENTED_EDGE('',*,*,#608,.T.);
#606=EDGE_CURVE('',#85,#83,#609,.F.);
#607=EDGE_CURVE('',#83,#39,#610,.T.);
#608=EDGE_CURVE('',#39,#85,#611,.T.);
#609=LINE('',#84,#612);
#610=LINE('',#82,#613);
#611=LINE('',#38,#614);
#612=VECTOR('',#615,1.0);
#613=VECTOR('',#616,1.0);
#614=VECTOR('',#617,1.0);
#615=DIRECTION('',(0,-0.5495667328565403,-0.8354498226329262));
#616=DIRECTION('',(0,-0.9995136634406095,-0.03118391565425379));
#617=DIRECTION('',(0,0.9994609468052132,0.03283010525762162));
#618=FACE_SURFACE('',(#623),#619,.T.);
#619=PLANE('',#620);
#620=AXIS2_PLACEMENT_3D('',#42,#621,#622);
#621=DIRECTION('',(-1,0,0));
#622=DIRECTION('',(0,-0.6823949341099134,-0.7309836892168846));
#623=FACE_BOUND('',#624,.T.);
#624=EDGE_LOOP('',(#625,#626,#627));
#625=ORIENTED_EDGE('',*,*,#628,.T.);
#626=ORIENTED_EDGE('',*,*,#629,.T.);
#627=ORIENTED_EDGE('',*,*,#630,.T.);
#628=EDGE_CURVE('',#43,#81,#631,.F.);
#629=EDGE_CURVE('',#81,#87,#632,.T.);
#630=EDGE_CURVE('',#87,#43,#633,.T.);
#631=LINE('',#42,#634);
#632=LINE('',#80,#635);
#633=LINE('',#86,#636);
#634=VECTOR('',#637,1.0);
#635=VECTOR('',#638,1.0);
#636=VECTOR('',#639,1.0);
#637=DIRECTION('',(0,-0.6823949341099134,-0.7309836892168846));
#638=DIRECTION('',(0,-0.28877149168500166,0.9573980497107873));
#639=DIRECTION('',(0,0.6969678861606365,0.7171023397401335));
#640=FACE_SURFACE('',(#645),#641,.T.);
#641=PLANE('',#642);
#642=AXIS2_PLACEMENT_3D('',#42,#643,#644);
#643=DIRECTION('',(-1,0,0));
#644=DIRECTION('',(0,-0.6969678861606365,-0.7171023397401335));
#645=FACE_BOUND('',#646,.T.);
#646=EDGE_LOOP('',(#647,#648,#649));
#647=ORIENTED_EDGE('',*,*,#650,.T.);
#648=ORIENTED_EDGE('',*,*,#651,.T.);
#649=ORIENTED_EDGE('',*,*,#652,.T.);
#650=EDGE_CURVE('',#43,#87,#653,.F.);
#651=EDGE_CURVE('',#87,#89,#654,.T.);
#652=EDGE_CURVE('',#89,#43,#655,.T.);
#653=LINE('',#42,#656);
#654=LINE('',#86,#657);
#655=LINE('',#88,#658);
#656=VECTOR('',#659,1.0);
#657=VECTOR('',#660,1.0);
#658=VECTOR('',#661,1.0);
#659=DIRECTION('',(0,-0.6969678861606365,-0.7171023397401335));
#660=DIRECTION('',(0,-0.4202137313557478,0.9074251594374487));
#661=DIRECTION('',(0,0.7113511172456415,0.702836814625826));
#662=FACE_SURFACE('',(#667),#663,.T.);
#663=PLANE('',#664);
#664=AXIS2_PLACEMENT_3D('',#90,#665,#666);
#665=DIRECTION('',(-1,0,0));
#666=DIRECTION('',(0,-0.7106068088129146,-0.7035893427765417));
#667=FACE_BOUND('',#668,.T.);
#668=EDGE_LOOP('',(#669,#670,#671));
#669=ORIENTED_EDGE('',*,*,#672,.T.);
#670=ORIENTED_EDGE('',*,*,#673,.T.);
#671=ORIENTED_EDGE('',*,*,#674,.T.);
#672=EDGE_CURVE('',#91,#85,#675,.F.);
#673=EDGE_CURVE('',#85,#39,#676,.T.);
#674=EDGE_CURVE('',#39,#91,#677,.T.);
#675=LINE('',#90,#678);
#676=LINE('',#84,#679);
#677=LINE('',#38,#680);
#678=VECTOR('',#681,1.0);
#679=VECTOR('',#682,1.0);
#680=VECTOR('',#683,1.0);
#681=DIRECTION('',(0,-0.7106068088129146,-0.7035893427765417));
#682=DIRECTION('',(0,-0.9994609468052132,-0.03283010525762162));
#683=DIRECTION('',(0,0.9994206128857325,0.03403584197734738));
#684=FACE_SURFACE('',(#689),#685,.T.);
#685=PLANE('',#686);
#686=AXIS2_PLACEMENT_3D('',#92,#687,#688);
#687=DIRECTION('',(-1,0,0));
#688=DIRECTION('',(0,-0.8717963398249488,-0.4898684944633839));
#689=FACE_BOUND('',#690,.T.);
#690=EDGE_LOOP('',(#691,#692,#693));
#691=ORIENTED_EDGE('',*,*,#694,.T.);
#692=ORIENTED_EDGE('',*,*,#695,.T.);
#693=ORIENTED_EDGE('',*,*,#696,.T.);
#694=EDGE_CURVE('',#93,#91,#697,.F.);
#695=EDGE_CURVE('',#91,#39,#698,.T.);
#696=EDGE_CURVE('',#39,#93,#699,.T.);
#697=LINE('',#92,#700);
#698=LINE('',#90,#701);
#699=LINE('',#38,#702);
#700=VECTOR('',#703,1.0);
#701=VECTOR('',#704,1.0);
#702=VECTOR('',#705,1.0);
#703=DIRECTION('',(0,-0.8717963398249488,-0.4898684944633839));
#704=DIRECTION('',(0,-0.9994206128857325,-0.03403584197734738));
#705=DIRECTION('',(0,0.999395820560332,0.034756205870905714));
#706=FACE_SURFACE('',(#711),#707,.T.);
#707=PLANE('',#708);
#708=AXIS2_PLACEMENT_3D('',#42,#709,#710);
#709=DIRECTION('',(-1,0,0));
#710=DIRECTION('',(0,-0.7113511172456415,-0.702836814625826));
#711=FACE_BOUND('',#712,.T.);
#712=EDGE_LOOP('',(#713,#714,#715));
#713=ORIENTED_EDGE('',*,*,#716,.T.);
#714=ORIENTED_EDGE('',*,*,#717,.T.);
#715=ORIENTED_EDGE('',*,*,#718,.T.);
#716=EDGE_CURVE('',#43,#89,#719,.F.);
#717=EDGE_CURVE('',#89,#95,#720,.T.);
#718=EDGE_CURVE('',#95,#43,#721,.T.);
#719=LINE('',#42,#722);
#720=LINE('',#88,#723);
#721=LINE('',#94,#724);
#722=VECTOR('',#725,1.0);
#723=VECTOR('',#726,1.0);
#724=VECTOR('',#727,1.0);
#725=DIRECTION('',(0,-0.7113511172456415,-0.702836814625826));
#726=DIRECTION('',(0,-0.5665832934924727,0.8240044730068049));
#727=DIRECTION('',(0,0.7248264137847883,0.6889315422303458));
#728=FACE_SURFACE('',(#733),#729,.T.);
#729=PLANE('',#730);
#730=AXIS2_PLACEMENT_3D('',#42,#731,#732);
#731=DIRECTION('',(-1,0,0));
#732=DIRECTION('',(0,-0.7248264137847883,-0.6889315422303458));
#733=FACE_BOUND('',#734,.T.);
#734=EDGE_LOOP('',(#735,#736,#737));
#735=ORIENTED_EDGE('',*,*,#738,.T.);
#736=ORIENTED_EDGE('',*,*,#739,.T.);
#737=ORIENTED_EDGE('',*,*,#740,.T.);
#738=EDGE_CURVE('',#43,#95,#741,.F.);
#739=EDGE_CURVE('',#95,#97,#742,.T.);
#740=EDGE_CURVE('',#97,#43,#743,.T.);
#741=LINE('',#42,#744);
#742=LINE('',#94,#745);
#743=LINE('',#96,#746);
#744=VECTOR('',#747,1.0);
#745=VECTOR('',#748,1.0);
#746=VECTOR('',#749,1.0);
#747=DIRECTION('',(0,-0.7248264137847883,-0.6889315422303458));
#748=DIRECTION('',(0,-0.7259937915401629,0.687701253921453));
#749=DIRECTION('',(0,0.7367515263113863,0.6761635811531427));
#750=FACE_SURFACE('',(#755),#751,.T.);
#751=PLANE('',#752);
#752=AXIS2_PLACEMENT_3D('',#92,#753,#754);
#753=DIRECTION('',(-1,-0,0));
#754=DIRECTION('',(0,-0.999395820560332,-0.034756205870905714));
#755=FACE_BOUND('',#756,.T.);
#756=EDGE_LOOP('',(#757,#758,#759));
#757=ORIENTED_EDGE('',*,*,#760,.T.);
#758=ORIENTED_EDGE('',*,*,#761,.T.);
#759=ORIENTED_EDGE('',*,*,#762,.T.);
#760=EDGE_CURVE('',#93,#39,#763,.F.);
#761=EDGE_CURVE('',#39,#43,#764,.T.);
#762=EDGE_CURVE('',#43,#93,#765,.T.);
#763=LINE('',#92,#766);
#764=LINE('',#38,#767);
#765=LINE('',#42,#768);
#766=VECTOR('',#769,1.0);
#767=VECTOR('',#770,1.0);
#768=VECTOR('',#771,1.0);
#769=DIRECTION('',(0,-0.999395820560332,-0.034756205870905714));
#770=DIRECTION('',(0,0.9957744406323186,0.09183280123895453));
#771=DIRECTION('',(0,-0.8808466799612451,-0.47340165441330234));
#772=FACE_SURFACE('',(#777),#773,.T.);
#773=PLANE('',#774);
#774=AXIS2_PLACEMENT_3D('',#98,#775,#776);
#775=DIRECTION('',(-1,-0,0));
#776=DIRECTION('',(0,-0.9837614882565155,-0.1794807349643012));
#777=FACE_BOUND('',#778,.T.);
#778=EDGE_LOOP('',(#779,#780,#781));
#779=ORIENTED_EDGE('',*,*,#782,.T.);
#780=ORIENTED_EDGE('',*,*,#783,.T.);
#781=ORIENTED_EDGE('',*,*,#784,.T.);
#782=EDGE_CURVE('',#99,#93,#785,.F.);
#783=EDGE_CURVE('',#93,#43,#786,.T.);
#784=EDGE_CURVE('',#43,#99,#787,.T.);
#785=LINE('',#98,#788);
#786=LINE('',#92,#789);
#787=LINE('',#42,#790);
#788=VECTOR('',#791,1.0);
#789=VECTOR('',#792,1.0);
#790=VECTOR('',#793,1.0);
#791=DIRECTION('',(0,-0.9837614882565155,-0.1794807349643012));
#792=DIRECTION('',(0,0.8808466799612451,0.47340165441330234));
#793=DIRECTION('',(0,-0.8793921291308767,-0.47609818653578534));
#794=FACE_SURFACE('',(#799),#795,.T.);
#795=PLANE('',#796);
#796=AXIS2_PLACEMENT_3D('',#42,#797,#798);
#797=DIRECTION('',(-1,0,0));
#798=DIRECTION('',(0,-0.7367515263113863,-0.6761635811531427));
#799=FACE_BOUND('',#800,.T.);
#800=EDGE_LOOP('',(#801,#802,#803));
#801=ORIENTED_EDGE('',*,*,#804,.T.);
#802=ORIENTED_EDGE('',*,*,#805,.T.);
#803=ORIENTED_EDGE('',*,*,#806,.T.);
#804=EDGE_CURVE('',#43,#97,#807,.F.);
#805=EDGE_CURVE('',#97,#101,#808,.T.);
#806=EDGE_CURVE('',#101,#43,#809,.T.);
#807=LINE('',#42,#810);
#808=LINE('',#96,#811);
#809=LINE('',#100,#812);
#810=VECTOR('',#813,1.0);
#811=VECTOR('',#814,1.0);
#812=VECTOR('',#815,1.0);
#813=DIRECTION('',(0,-0.7367515263113863,-0.6761635811531427));
#814=DIRECTION('',(0,-0.8808003441882633,0.4734878601166425));
#815=DIRECTION('',(0,0.7466112754943054,0.6652605529450596));
#816=FACE_SURFACE('',(#821),#817,.T.);
#817=PLANE('',#818);
#818=AXIS2_PLACEMENT_3D('',#42,#819,#820);
#819=DIRECTION('',(-1,0,0));
#820=DIRECTION('',(0,-0.7466112754943054,-0.6652605529450596));
#821=FACE_BOUND('',#822,.T.);
#822=EDGE_LOOP('',(#823,#824,#825));
#823=ORIENTED_EDGE('',*,*,#826,.T.);
#824=ORIENTED_EDGE('',*,*,#827,.T.);
#825=ORIENTED_EDGE('',*,*,#828,.T.);
#826=EDGE_CURVE('',#43,#101,#829,.F.);
#827=EDGE_CURVE('',#101,#99,#830,.T.);
#828=EDGE_CURVE('',#99,#43,#831,.T.);
#829=LINE('',#42,#832);
#830=LINE('',#100,#833);
#831=LINE('',#98,#834);
#832=VECTOR('',#835,1.0);
#833=VECTOR('',#836,1.0);
#834=VECTOR('',#837,1.0);
#835=DIRECTION('',(0,-0.7466112754943054,-0.6652605529450596));
#836=DIRECTION('',(0,-0.9999864251899541,0.00521051204934839));
#837=DIRECTION('',(0,0.8793921291308767,0.47609818653578534));
#838=FACE_SURFACE('',(#843),#839,.T.);
#839=PLANE('',#840);
#840=AXIS2_PLACEMENT_3D('',#102,#841,#842);
#841=DIRECTION('',(-1,0,0));
#842=DIRECTION('',(0,0.9999864253514272,0.005210481059771095));
#843=FACE_BOUND('',#844,.T.);
#844=EDGE_LOOP('',(#845,#846,#847));
#845=ORIENTED_EDGE('',*,*,#848,.T.);
#846=ORIENTED_EDGE('',*,*,#849,.T.);
#847=ORIENTED_EDGE('',*,*,#850,.T.);
#848=EDGE_CURVE('',#103,#47,#851,.F.);
#849=EDGE_CURVE('',#47,#45,#852,.T.);
#850=EDGE_CURVE('',#45,#103,#853,.T.);
#851=LINE('',#102,#854);
#852=LINE('',#46,#855);
#853=LINE('',#44,#856);
#854=VECTOR('',#857,1.0);
#855=VECTOR('',#858,1.0);
#856=VECTOR('',#859,1.0);
#857=DIRECTION('',(0,0.9999864253514272,0.005210481059771095));
#858=DIRECTION('',(0,0.9943651605761933,-0.10600909127183947));
#859=DIRECTION('',(0,-0.9980222368644845,0.06286187019180081));
#860=FACE_SURFACE('',(#865),#861,.T.);
#861=PLANE('',#862);
#862=AXIS2_PLACEMENT_3D('',#38,#863,#864);
#863=DIRECTION('',(-1,0,0));
#864=DIRECTION('',(0,0.9999588025383183,0.009077071451336367));
#865=FACE_BOUND('',#866,.T.);
#866=EDGE_LOOP('',(#867,#868,#869));
#867=ORIENTED_EDGE('',*,*,#870,.T.);
#868=ORIENTED_EDGE('',*,*,#871,.T.);
#869=ORIENTED_EDGE('',*,*,#872,.T.);
#870=EDGE_CURVE('',#39,#37,#873,.F.);
#871=EDGE_CURVE('',#37,#105,#874,.T.);
#872=EDGE_CURVE('',#105,#39,#875,.T.);
#873=LINE('',#38,#876);
#874=LINE('',#36,#877);
#875=LINE('',#104,#878);
#876=VECTOR('',#879,1.0);
#877=VECTOR('',#880,1.0);
#878=VECTOR('',#881,1.0);
#879=DIRECTION('',(0,0.9999588025383183,0.009077071451336367));
#880=DIRECTION('',(0,0.8717954995318958,-0.4898699898911264));
#881=DIRECTION('',(0,-0.9999655830873214,-0.008296543908975568));
#882=FACE_SURFACE('',(#887),#883,.T.);
#883=PLANE('',#884);
#884=AXIS2_PLACEMENT_3D('',#102,#885,#886);
#885=DIRECTION('',(-1,0,-0));
#886=DIRECTION('',(0,0.9980222368644845,-0.06286187019180081));
#887=FACE_BOUND('',#888,.T.);
#888=EDGE_LOOP('',(#889,#890,#891));
#889=ORIENTED_EDGE('',*,*,#892,.T.);
#890=ORIENTED_EDGE('',*,*,#893,.T.);
#891=ORIENTED_EDGE('',*,*,#894,.T.);
#892=EDGE_CURVE('',#103,#45,#895,.F.);
#893=EDGE_CURVE('',#45,#39,#896,.T.);
#894=EDGE_CURVE('',#39,#103,#897,.T.);
#895=LINE('',#102,#898);
#896=LINE('',#44,#899);
#897=LINE('',#38,#900);
#898=VECTOR('',#901,1.0);
#899=VECTOR('',#902,1.0);
#900=VECTOR('',#903,1.0);
#901=DIRECTION('',(0,0.9980222368644845,-0.06286187019180081));
#902=DIRECTION('',(0,-1,5.835719583013973E-17));
#903=DIRECTION('',(0,0.9999677929880805,0.008025770152933414));
#904=FACE_SURFACE('',(#909),#905,.T.);
#905=PLANE('',#906);
#906=AXIS2_PLACEMENT_3D('',#102,#907,#908);
#907=DIRECTION('',(-1,-0,0));
#908=DIRECTION('',(0,-0.9999677929880805,-0.008025770152933414));
#909=FACE_BOUND('',#910,.T.);
#910=EDGE_LOOP('',(#911,#912,#913));
#911=ORIENTED_EDGE('',*,*,#914,.T.);
#912=ORIENTED_EDGE('',*,*,#915,.T.);
#913=ORIENTED_EDGE('',*,*,#916,.T.);
#914=EDGE_CURVE('',#103,#39,#917,.F.);
#915=EDGE_CURVE('',#39,#105,#918,.T.);
#916=EDGE_CURVE('',#105,#103,#919,.T.);
#917=LINE('',#102,#920);
#918=LINE('',#38,#921);
#919=LINE('',#104,#922);
#920=VECTOR('',#923,1.0);
#921=VECTOR('',#924,1.0);
#922=VECTOR('',#925,1.0);
#923=DIRECTION('',(0,-0.9999677929880805,-0.008025770152933414));
#924=DIRECTION('',(0,0.9999655830873214,0.008296543908975568));
#925=DIRECTION('',(0,0.9837616767391602,-0.17947970185889067));
#926=FACE_SURFACE('',(#931),#927,.T.);
#927=PLANE('',#928);
#928=AXIS2_PLACEMENT_3D('',#44,#929,#930);
#929=DIRECTION('',(0,1,0));
#930=DIRECTION('',(0,0,1));
#931=FACE_BOUND('',#932,.T.);
#932=EDGE_LOOP('',(#933,#934,#935));
#933=ORIENTED_EDGE('',*,*,#936,.T.);
#934=ORIENTED_EDGE('',*,*,#937,.T.);
#935=ORIENTED_EDGE('',*,*,#938,.T.);
#936=EDGE_CURVE('',#45,#43,#939,.F.);
#937=EDGE_CURVE('',#43,#107,#940,.T.);
#938=EDGE_CURVE('',#107,#45,#941,.T.);
#939=LINE('',#44,#942);
#940=LINE('',#42,#943);
#941=LINE('',#106,#944);
#942=VECTOR('',#945,1.0);
#943=VECTOR('',#946,1.0);
#944=VECTOR('',#947,1.0);
#945=DIRECTION('',(0,0,1));
#946=DIRECTION('',(1,0,0));
#947=DIRECTION('',(-0.9994972657575556,0,-0.03170513748858723));
#948=FACE_SURFACE('',(#953),#949,.T.);
#949=PLANE('',#950);
#950=AXIS2_PLACEMENT_3D('',#44,#951,#952);
#951=DIRECTION('',(0,1,0));
#952=DIRECTION('',(0.9994972657575556,0,0.03170513748858723));
#953=FACE_BOUND('',#954,.T.);
#954=EDGE_LOOP('',(#955,#956,#957));
#955=ORIENTED_EDGE('',*,*,#958,.T.);
#956=ORIENTED_EDGE('',*,*,#959,.T.);
#957=ORIENTED_EDGE('',*,*,#960,.T.);
#958=EDGE_CURVE('',#45,#107,#961,.F.);
#959=EDGE_CURVE('',#107,#109,#962,.T.);
#960=EDGE_CURVE('',#109,#45,#963,.T.);
#961=LINE('',#44,#964);
#962=LINE('',#106,#965);
#963=LINE('',#108,#966);
#964=VECTOR('',#967,1.0);
#965=VECTOR('',#968,1.0);
#966=VECTOR('',#969,1.0);
#967=DIRECTION('',(0.9994972657575556,0,0.03170513748858723));
#968=DIRECTION('',(0,0,-1));
#969=DIRECTION('',(-1,0,0));
#970=FACE_SURFACE('',(#975),#971,.T.);
#971=PLANE('',#972);
#972=AXIS2_PLACEMENT_3D('',#108,#973,#974);
#973=DIRECTION('',(1,0,-0));
#974=DIRECTION('',(0,0,1));
#975=FACE_BOUND('',#976,.T.);
#976=EDGE_LOOP('',(#977,#978,#979));
#977=ORIENTED_EDGE('',*,*,#980,.T.);
#978=ORIENTED_EDGE('',*,*,#981,.T.);
#979=ORIENTED_EDGE('',*,*,#982,.T.);
#980=EDGE_CURVE('',#109,#107,#983,.F.);
#981=EDGE_CURVE('',#107,#111,#984,.T.);
#982=EDGE_CURVE('',#111,#109,#985,.T.);
#983=LINE('',#108,#986);
#984=LINE('',#106,#987);
#985=LINE('',#110,#988);
#986=VECTOR('',#989,1.0);
#987=VECTOR('',#990,1.0);
#988=VECTOR('',#991,1.0);
#989=DIRECTION('',(0,0,1));
#990=DIRECTION('',(0,-1,4.668575666411178E-17));
#991=DIRECTION('',(0,0.9957744406323186,-0.09183280123895463));
#992=FACE_SURFACE('',(#997),#993,.T.);
#993=PLANE('',#994);
#994=AXIS2_PLACEMENT_3D('',#108,#995,#996);
#995=DIRECTION('',(1,0,0));
#996=DIRECTION('',(0,-0.9957744406323186,0.09183280123895463));
#997=FACE_BOUND('',#998,.T.);
#998=EDGE_LOOP('',(#999,#1000,#1001));
#999=ORIENTED_EDGE('',*,*,#1002,.T.);
#1000=ORIENTED_EDGE('',*,*,#1003,.T.);
#1001=ORIENTED_EDGE('',*,*,#1004,.T.);
#1002=EDGE_CURVE('',#109,#111,#1005,.F.);
#1003=EDGE_CURVE('',#111,#113,#1006,.T.);
#1004=EDGE_CURVE('',#113,#109,#1007,.T.);
#1005=LINE('',#108,#1008);
#1006=LINE('',#110,#1009);
#1007=LINE('',#112,#1010);
#1008=VECTOR('',#1011,1.0);
#1009=VECTOR('',#1012,1.0);
#1010=VECTOR('',#1013,1.0);
#1011=DIRECTION('',(0,-0.9957744406323186,0.09183280123895463));
#1012=DIRECTION('',(0,0,-1));
#1013=DIRECTION('',(0,1,-5.835719583013973E-17));
#1014=FACE_SURFACE('',(#1019),#1015,.T.);
#1015=PLANE('',#1016);
#1016=AXIS2_PLACEMENT_3D('',#112,#1017,#1018);
#1017=DIRECTION('',(0,-1,0));
#1018=DIRECTION('',(0,0,1));
#1019=FACE_BOUND('',#1020,.T.);
#1020=EDGE_LOOP('',(#1021,#1022,#1023));
#1021=ORIENTED_EDGE('',*,*,#1024,.T.);
#1022=ORIENTED_EDGE('',*,*,#1025,.T.);
#1023=ORIENTED_EDGE('',*,*,#1026,.T.);
#1024=EDGE_CURVE('',#113,#111,#1027,.F.);
#1025=EDGE_CURVE('',#111,#115,#1028,.T.);
#1026=EDGE_CURVE('',#115,#113,#1029,.T.);
#1027=LINE('',#112,#1030);
#1028=LINE('',#110,#1031);
#1029=LINE('',#114,#1032);
#1030=VECTOR('',#1033,1.0);
#1031=VECTOR('',#1034,1.0);
#1032=VECTOR('',#1035,1.0);
#1033=DIRECTION('',(0,0,1));
#1034=DIRECTION('',(-1,0,0));
#1035=DIRECTION('',(0.9994972657575556,0,-0.03170513748858723));
#1036=FACE_SURFACE('',(#1041),#1037,.T.);
#1037=PLANE('',#1038);
#1038=AXIS2_PLACEMENT_3D('',#112,#1039,#1040);
#1039=DIRECTION('',(0,-1,0));
#1040=DIRECTION('',(-0.9994972657575556,0,0.03170513748858723));
#1041=FACE_BOUND('',#1042,.T.);
#1042=EDGE_LOOP('',(#1043,#1044,#1045));
#1043=ORIENTED_EDGE('',*,*,#1046,.T.);
#1044=ORIENTED_EDGE('',*,*,#1047,.T.);
#1045=ORIENTED_EDGE('',*,*,#1048,.T.);
#1046=EDGE_CURVE('',#113,#115,#1049,.F.);
#1047=EDGE_CURVE('',#115,#117,#1050,.T.);
#1048=EDGE_CURVE('',#117,#113,#1051,.T.);
#1049=LINE('',#112,#1052);
#1050=LINE('',#114,#1053);
#1051=LINE('',#116,#1054);
#1052=VECTOR('',#1055,1.0);
#1053=VECTOR('',#1056,1.0);
#1054=VECTOR('',#1057,1.0);
#1055=DIRECTION('',(-0.9994972657575556,0,0.03170513748858723));
#1056=DIRECTION('',(0,0,-1));
#1057=DIRECTION('',(1,0,0));
#1058=FACE_SURFACE('',(#1063),#1059,.T.);
#1059=PLANE('',#1060);
#1060=AXIS2_PLACEMENT_3D('',#118,#1061,#1062);
#1061=DIRECTION('',(0,-5.835719583013973E-17,-1));
#1062=DIRECTION('',(1,0,0));
#1063=FACE_BOUND('',#1064,.T.);
#1064=EDGE_LOOP('',(#1065,#1066,#1067));
#1065=ORIENTED_EDGE('',*,*,#1068,.T.);
#1066=ORIENTED_EDGE('',*,*,#1069,.T.);
#1067=ORIENTED_EDGE('',*,*,#1070,.T.);
#1068=EDGE_CURVE('',#119,#109,#1071,.F.);
#1069=EDGE_CURVE('',#109,#113,#1072,.T.);
#1070=EDGE_CURVE('',#113,#119,#1073,.T.);
#1071=LINE('',#118,#1074);
#1072=LINE('',#108,#1075);
#1073=LINE('',#112,#1076);
#1074=VECTOR('',#1077,1.0);
#1075=VECTOR('',#1078,1.0);
#1076=VECTOR('',#1079,1.0);
#1077=DIRECTION('',(1,0,0));
#1078=DIRECTION('',(0,-1,5.835719583013973E-17));
#1079=DIRECTION('',(-0.9456247893652494,0.32525952366983446,-1.8981233718418498E-17));
#1080=FACE_SURFACE('',(#1085),#1081,.T.);
#1081=PLANE('',#1082);
#1082=AXIS2_PLACEMENT_3D('',#118,#1083,#1084);
#1083=DIRECTION('',(0,-5.835719583013973E-17,-1));
#1084=DIRECTION('',(0.9456247893652494,-0.32525952366983446,1.8981233718418498E-17));
#1085=FACE_BOUND('',#1086,.T.);
#1086=EDGE_LOOP('',(#1087,#1088,#1089));
#1087=ORIENTED_EDGE('',*,*,#1090,.T.);
#1088=ORIENTED_EDGE('',*,*,#1091,.T.);
#1089=ORIENTED_EDGE('',*,*,#1092,.T.);
#1090=EDGE_CURVE('',#119,#113,#1093,.F.);
#1091=EDGE_CURVE('',#113,#121,#1094,.T.);
#1092=EDGE_CURVE('',#121,#119,#1095,.T.);
#1093=LINE('',#118,#1096);
#1094=LINE('',#112,#1097);
#1095=LINE('',#120,#1098);
#1096=VECTOR('',#1099,1.0);
#1097=VECTOR('',#1100,1.0);
#1098=VECTOR('',#1101,1.0);
#1099=DIRECTION('',(0.9456247893652494,-0.32525952366983446,1.8981233718418498E-17));
#1100=DIRECTION('',(-1,0,0));
#1101=DIRECTION('',(0,1,-5.835719583013973E-17));
#1102=FACE_SURFACE('',(#1107),#1103,.T.);
#1103=PLANE('',#1104);
#1104=AXIS2_PLACEMENT_3D('',#122,#1105,#1106);
#1105=DIRECTION('',(3.7291108281397414E-17,4.668575666411178E-17,1));
#1106=DIRECTION('',(0.7813379924070247,-0.6241081169327637,0));
#1107=FACE_BOUND('',#1108,.T.);
#1108=EDGE_LOOP('',(#1109,#1110,#1111));
#1109=ORIENTED_EDGE('',*,*,#1112,.T.);
#1110=ORIENTED_EDGE('',*,*,#1113,.T.);
#1111=ORIENTED_EDGE('',*,*,#1114,.T.);
#1112=EDGE_CURVE('',#123,#111,#1115,.F.);
#1113=EDGE_CURVE('',#111,#107,#1116,.T.);
#1114=EDGE_CURVE('',#107,#123,#1117,.T.);
#1115=LINE('',#122,#1118);
#1116=LINE('',#110,#1119);
#1117=LINE('',#106,#1120);
#1118=VECTOR('',#1121,1.0);
#1119=VECTOR('',#1122,1.0);
#1120=VECTOR('',#1123,1.0);
#1121=DIRECTION('',(0.7813379924070247,-0.6241081169327637,0));
#1122=DIRECTION('',(0,1,-4.668575666411178E-17));
#1123=DIRECTION('',(-0.015827874041628266,-0.9998747313555446,4.7270147367409775E-17));
#1124=FACE_SURFACE('',(#1129),#1125,.T.);
#1125=PLANE('',#1126);
#1126=AXIS2_PLACEMENT_3D('',#122,#1127,#1128);
#1127=DIRECTION('',(-3.8985418890342045E-17,4.789320318370767E-17,1));
#1128=DIRECTION('',(0.015827874041628266,0.9998747313555446,-4.7270147367409775E-17));
#1129=FACE_BOUND('',#1130,.T.);
#1130=EDGE_LOOP('',(#1131,#1132,#1133));
#1131=ORIENTED_EDGE('',*,*,#1134,.T.);
#1132=ORIENTED_EDGE('',*,*,#1135,.T.);
#1133=ORIENTED_EDGE('',*,*,#1136,.T.);
#1134=EDGE_CURVE('',#123,#107,#1137,.F.);
#1135=EDGE_CURVE('',#107,#125,#1138,.T.);
#1136=EDGE_CURVE('',#125,#123,#1139,.T.);
#1137=LINE('',#122,#1140);
#1138=LINE('',#106,#1141);
#1139=LINE('',#124,#1142);
#1140=VECTOR('',#1143,1.0);
#1141=VECTOR('',#1144,1.0);
#1142=VECTOR('',#1145,1.0);
#1143=DIRECTION('',(0.015827874041628266,0.9998747313555446,-4.7270147367409775E-17));
#1144=DIRECTION('',(-0.7755415562729224,-0.6312965186770584,0));
#1145=DIRECTION('',(0,-1,4.789320318370767E-17));
#1146=FACE_SURFACE('',(#1151),#1147,.T.);
#1147=PLANE('',#1148);
#1148=AXIS2_PLACEMENT_3D('',#126,#1149,#1150);
#1149=DIRECTION('',(0,0,1));
#1150=DIRECTION('',(1,0,0));
#1151=FACE_BOUND('',#1152,.T.);
#1152=EDGE_LOOP('',(#1153,#1154,#1155));
#1153=ORIENTED_EDGE('',*,*,#1156,.T.);
#1154=ORIENTED_EDGE('',*,*,#1157,.T.);
#1155=ORIENTED_EDGE('',*,*,#1158,.T.);
#1156=EDGE_CURVE('',#127,#125,#1159,.F.);
#1157=EDGE_CURVE('',#125,#107,#1160,.T.);
#1158=EDGE_CURVE('',#107,#127,#1161,.T.);
#1159=LINE('',#126,#1162);
#1160=LINE('',#124,#1163);
#1161=LINE('',#106,#1164);
#1162=VECTOR('',#1165,1.0);
#1163=VECTOR('',#1166,1.0);
#1164=VECTOR('',#1167,1.0);
#1165=DIRECTION('',(1,0,0));
#1166=DIRECTION('',(0.7755415562729224,0.6312965186770584,0));
#1167=DIRECTION('',(-0.9999902867032932,-0.004407550234050185,0));
#1168=FACE_SURFACE('',(#1173),#1169,.T.);
#1169=PLANE('',#1170);
#1170=AXIS2_PLACEMENT_3D('',#128,#1171,#1172);
#1171=DIRECTION('',(0,0,1));
#1172=DIRECTION('',(1,0,0));
#1173=FACE_BOUND('',#1174,.T.);
#1174=EDGE_LOOP('',(#1175,#1176,#1177));
#1175=ORIENTED_EDGE('',*,*,#1178,.T.);
#1176=ORIENTED_EDGE('',*,*,#1179,.T.);
#1177=ORIENTED_EDGE('',*,*,#1180,.T.);
#1178=EDGE_CURVE('',#129,#111,#1181,.F.);
#1179=EDGE_CURVE('',#111,#123,#1182,.T.);
#1180=EDGE_CURVE('',#123,#129,#1183,.T.);
#1181=LINE('',#128,#1184);
#1182=LINE('',#110,#1185);
#1183=LINE('',#122,#1186);
#1184=VECTOR('',#1187,1.0);
#1185=VECTOR('',#1188,1.0);
#1186=VECTOR('',#1189,1.0);
#1187=DIRECTION('',(1,0,0));
#1188=DIRECTION('',(-0.7813379924070247,0.6241081169327637,0));
#1189=DIRECTION('',(-0.9999906771000021,-0.004318068211527479,0));
#1190=FACE_SURFACE('',(#1195),#1191,.T.);
#1191=PLANE('',#1192);
#1192=AXIS2_PLACEMENT_3D('',#128,#1193,#1194);
#1193=DIRECTION('',(0,0,1));
#1194=DIRECTION('',(0.9999906771000021,0.004318068211527479,0));
#1195=FACE_BOUND('',#1196,.T.);
#1196=EDGE_LOOP('',(#1197,#1198,#1199));
#1197=ORIENTED_EDGE('',*,*,#1200,.T.);
#1198=ORIENTED_EDGE('',*,*,#1201,.T.);
#1199=ORIENTED_EDGE('',*,*,#1202,.T.);
#1200=EDGE_CURVE('',#129,#123,#1203,.F.);
#1201=EDGE_CURVE('',#123,#131,#1204,.T.);
#1202=EDGE_CURVE('',#131,#129,#1205,.T.);
#1203=LINE('',#128,#1206);
#1204=LINE('',#122,#1207);
#1205=LINE('',#130,#1208);
#1206=VECTOR('',#1209,1.0);
#1207=VECTOR('',#1210,1.0);
#1208=VECTOR('',#1211,1.0);
#1209=DIRECTION('',(0.9999906771000021,0.004318068211527479,0));
#1210=DIRECTION('',(-1,0,0));
#1211=DIRECTION('',(-0.8516821502402528,-0.5240586941957353,0));
#1212=FACE_SURFACE('',(#1217),#1213,.T.);
#1213=PLANE('',#1214);
#1214=AXIS2_PLACEMENT_3D('',#126,#1215,#1216);
#1215=DIRECTION('',(0,-0,1));
#1216=DIRECTION('',(0.9999902867032932,0.004407550234050185,0));
#1217=FACE_BOUND('',#1218,.T.);
#1218=EDGE_LOOP('',(#1219,#1220,#1221));
#1219=ORIENTED_EDGE('',*,*,#1222,.T.);
#1220=ORIENTED_EDGE('',*,*,#1223,.T.);
#1221=ORIENTED_EDGE('',*,*,#1224,.T.);
#1222=EDGE_CURVE('',#127,#107,#1225,.F.);
#1223=EDGE_CURVE('',#107,#133,#1226,.T.);
#1224=EDGE_CURVE('',#133,#127,#1227,.T.);
#1225=LINE('',#126,#1228);
#1226=LINE('',#106,#1229);
#1227=LINE('',#132,#1230);
#1228=VECTOR('',#1231,1.0);
#1229=VECTOR('',#1232,1.0);
#1230=VECTOR('',#1233,1.0);
#1231=DIRECTION('',(0.9999902867032932,0.004407550234050185,0));
#1232=DIRECTION('',(-1,0,0));
#1233=DIRECTION('',(0.8472125935192669,-0.531254008344744,0));
#1234=FACE_SURFACE('',(#1239),#1235,.T.);
#1235=PLANE('',#1236);
#1236=AXIS2_PLACEMENT_3D('',#128,#1237,#1238);
#1237=DIRECTION('',(-2.9469737641237033E-17,4.789320318370767E-17,1));
#1238=DIRECTION('',(0.8516821502402528,0.5240586941957353,0));
#1239=FACE_BOUND('',#1240,.T.);
#1240=EDGE_LOOP('',(#1241,#1242,#1243));
#1241=ORIENTED_EDGE('',*,*,#1244,.T.);
#1242=ORIENTED_EDGE('',*,*,#1245,.T.);
#1243=ORIENTED_EDGE('',*,*,#1246,.T.);
#1244=EDGE_CURVE('',#129,#131,#1247,.F.);
#1245=EDGE_CURVE('',#131,#127,#1248,.T.);
#1246=EDGE_CURVE('',#127,#129,#1249,.T.);
#1247=LINE('',#128,#1250);
#1248=LINE('',#130,#1251);
#1249=LINE('',#126,#1252);
#1250=VECTOR('',#1253,1.0);
#1251=VECTOR('',#1254,1.0);
#1252=VECTOR('',#1255,1.0);
#1253=DIRECTION('',(0.8516821502402528,0.5240586941957353,0));
#1254=DIRECTION('',(0,1,-4.789320318370767E-17));
#1255=DIRECTION('',(-0.020549845142324878,-0.9997888296358519,4.7277491013638787E-17));
#1256=FACE_SURFACE('',(#1261),#1257,.T.);
#1257=PLANE('',#1258);
#1258=AXIS2_PLACEMENT_3D('',#126,#1259,#1260);
#1259=DIRECTION('',(2.9274819036141594E-17,4.668575666411178E-17,1));
#1260=DIRECTION('',(-0.8472125935192669,0.531254008344744,0));
#1261=FACE_BOUND('',#1262,.T.);
#1262=EDGE_LOOP('',(#1263,#1264,#1265));
#1263=ORIENTED_EDGE('',*,*,#1266,.T.);
#1264=ORIENTED_EDGE('',*,*,#1267,.T.);
#1265=ORIENTED_EDGE('',*,*,#1268,.T.);
#1266=EDGE_CURVE('',#127,#133,#1269,.F.);
#1267=EDGE_CURVE('',#133,#129,#1270,.T.);
#1268=EDGE_CURVE('',#129,#127,#1271,.T.);
#1269=LINE('',#126,#1272);
#1270=LINE('',#132,#1273);
#1271=LINE('',#128,#1274);
#1272=VECTOR('',#1275,1.0);
#1273=VECTOR('',#1276,1.0);
#1274=VECTOR('',#1277,1.0);
#1275=DIRECTION('',(-0.8472125935192669,0.531254008344744,0));
#1276=DIRECTION('',(0,-1,4.668575666411178E-17));
#1277=DIRECTION('',(0.020549845142324878,0.9997888296358519,-4.7277491013638787E-17));
#1278=SHAPE_DEFINITION_REPRESENTATION(#1279,#1280);
#1279=PRODUCT_DEFINITION_SHAPE('productshape1','',#1283);
#1280=MANIFOLD_SURFACE_SHAPE_REPRESENTATION('',(#1281,#9),#3);
#1281=SHELL_BASED_SURFACE_MODEL('shell1',(#1286));
#1282=PRODUCT('product1','','',(#13));
#1283=PRODUCT_DEFINITION('mesh1','',#1284,#2);
#1284=PRODUCT_DEFINITION_FORMATION_WITH_SPECIFIED_SOURCE('prodsource1','',#1282,.NOT_KNOWN.);
#1285=STYLED_ITEM('',(#18),#1286);
#1286=CLOSED_SHELL('',(#2145,#2167,#2189,#2211,#2233,#2255,#2277,#2299,#2321,#2343,#2365,#2387,#2409,#2431,#2453,#2475,#2497,#2519,#2541,#2563,#2585,#2607,#2629,#2651,#2673,#2695,#2717,#2739,#2761,#2783,#2805,#2827,#2849,#2871,#2893,#2915,#2937,#2959,#2981,#3003,#3025,#3047,#3069,#3091,#3113,#3135,#3157,#3179,#3201,#3223,#3245,#3267,#3289,#3311,#3333,#3355,#3377,#3399,#3421,#3443,#3465,#3487,#3509,#3531,#3553,#3575,#3597,#3619,#3641,#3663,#3685,#3707,#3729,#3751,#3773,#3795,#3817,#3839,#3861,#3883,#3905,#3927,#3949,#3971,#3993,#4015,#4037,#4059,#4081,#4103,#4125,#4147,#4169,#4191,#4213,#4235,#4257,#4279,#4301,#4323,#4345,#4367,#4389,#4411,#4433,#4455,#4477,#4499,#4521,#4543,#4565,#4587,#4609,#4631,#4653,#4675,#4697,#4719,#4741,#4763,#4785,#4807,#4829,#4851,#4873,#4895,#4917,#4939,#4961,#4983,#5005,#5027,#5049,#5071,#5093,#5115,#5137,#5159,#5181,#5203,#5225,#5247,#5269,#5291,#5313,#5335,#5357,#5379,#5401,#5423,#5445,#5467,#5489,#5511,#5533,#5555,#5577,#5599,#5621,#5643,#5665,#5687,#5709,#5731,#5753,#5775,#5797,#5819,#5841,#5863,#5885,#5907,#5929,#5951,#5973,#5995,#6017,#6039,#6061,#6083,#6105,#6127,#6149,#6171,#6193,#6215,#6237,#6259,#6281,#6303,#6325,#6347,#6369,#6391,#6413,#6435,#6457,#6479,#6501,#6523,#6545,#6567,#6589,#6611,#6633,#6655,#6677,#6699,#6721,#6743,#6765,#6787,#6809,#6831,#6853,#6875,#6897,#6919,#6941,#6963,#6985,#7007,#7029,#7051,#7073,#7095,#7117,#7139,#7161,#7183,#7205,#7227,#7249,#7271,#7293,#7315,#7337,#7359,#7381,#7403,#7425,#7447,#7469,#7491,#7513,#7535,#7557,#7579,#7601,#7623,#7645,#7667,#7689,#7711,#7733,#7755,#7777,#7799,#7821,#7843,#7865,#7887,#7909,#7931,#7953,#7975,#7997,#8019,#8041,#8063,#8085,#8107,#8129,#8151,#8173,#8195,#8217,#8239,#8261,#8283,#8305,#8327,#8349,#8371,#8393,#8415,#8437,#8459,#8481,#8503,#8525,#8547,#8569,#8591,#8613,#8635,#8657,#8679,#8701,#8723,#8745,#8767,#8789,#8811,#8833,#8855,#8877,#8899,#8921,#8943,#8965,#8987,#9009,#9031,#9053,#9075,#9097,#9119,#9141,#9163,#9185,#9207,#9229,#9251,#9273,#9295,#9317,#9339,#9361,#9383,#9405,#9427,#9449,#9471,#9493,#9515,#9537,#9559,#9581,#9603,#9625,#9647,#9669,#9691,#9713,#9735,#9757,#9779,#9801,#9823,#9845,#9867,#9889,#9911,#9933,#9955,#9977));
#1287=CARTESIAN_POINT('',(-211.76293406983677,64.19224619296483,-4.65356129914699));
#1288=VERTEX_POINT('',#1287);
#1289=CARTESIAN_POINT('',(-211.76293406983677,64.00753500041037,-4.752856403758617));
#1290=VERTEX_POINT('',#1289);
#1291=CARTESIAN_POINT('',(-211.76293406983677,72.55392156259677,-4.752856403758618));
#1292=VERTEX_POINT('',#1291);
#1293=CARTESIAN_POINT('',(-211.76293406983677,72.55392156259677,4.263507661860937));
#1294=VERTEX_POINT('',#1293);
#1295=CARTESIAN_POINT('',(-211.76293406983677,51.7469869230049,4.263507661860938));
#1296=VERTEX_POINT('',#1295);
#1297=CARTESIAN_POINT('',(-211.76293406983677,51.7469869230049,8.113345989297155));
#1298=VERTEX_POINT('',#1297);
#1299=CARTESIAN_POINT('',(-211.76293406983677,72.55392156259677,8.113345989297155));
#1300=VERTEX_POINT('',#1299);
#1301=CARTESIAN_POINT('',(-211.76293406983677,72.55392156259677,8.160417400089951));
#1302=VERTEX_POINT('',#1301);
#1303=CARTESIAN_POINT('',(-211.76293406983677,-75.80590582974037,8.160417400089958));
#1304=VERTEX_POINT('',#1303);
#1305=CARTESIAN_POINT('',(-211.76293406983677,-75.80590582974037,-4.752856403758609));
#1306=VERTEX_POINT('',#1305);
#1307=CARTESIAN_POINT('',(-211.76293406983677,-29.04617963897863,-4.752856403758612));
#1308=VERTEX_POINT('',#1307);
#1309=CARTESIAN_POINT('',(-211.76293406983677,-29.04617963897863,-0.48544741565165417));
#1310=VERTEX_POINT('',#1309);
#1311=CARTESIAN_POINT('',(-211.76293406983677,64.36977695963742,-4.485394807503159));
#1312=VERTEX_POINT('',#1311);
#1313=CARTESIAN_POINT('',(-211.76293406983677,64.52539018180596,-4.259080349243224));
#1314=VERTEX_POINT('',#1313);
#1315=CARTESIAN_POINT('',(-211.76293406983677,-26.462424552274797,-0.4854474156516544));
#1316=VERTEX_POINT('',#1315);
#1317=CARTESIAN_POINT('',(-211.76293406983677,64.65309246593961,-3.9833152875765485));
#1318=VERTEX_POINT('',#1317);
#1319=CARTESIAN_POINT('',(-211.76293406983677,64.7479878635113,-3.6686974282043003));
#1320=VERTEX_POINT('',#1319);
#1321=CARTESIAN_POINT('',(-211.76293406983677,-26.39923187721024,-0.4854474156516544));
#1322=VERTEX_POINT('',#1321);
#1323=CARTESIAN_POINT('',(-211.76293406983677,-26.239634257772877,-0.4854474156516544));
#1324=VERTEX_POINT('',#1323);
#1325=CARTESIAN_POINT('',(-211.76293406983677,-26.239634257772877,-4.752856403758612));
#1326=VERTEX_POINT('',#1325);
#1327=CARTESIAN_POINT('',(-211.76293406983677,28.01524936415717,-4.752856403758615));
#1328=VERTEX_POINT('',#1327);
#1329=CARTESIAN_POINT('',(-211.76293406983677,64.8064256901207,-3.3273169794673016));
#1330=VERTEX_POINT('',#1329);
#1331=CARTESIAN_POINT('',(-211.76293406983677,64.82615730335192,-2.9722931921061826));
#1332=VERTEX_POINT('',#1331);
#1333=CARTESIAN_POINT('',(-211.76293406983677,28.01524936415717,-0.4854475196373489));
#1334=VERTEX_POINT('',#1333);
#1335=CARTESIAN_POINT('',(-211.76293406983677,30.599004450861003,-0.4854475196373489));
#1336=VERTEX_POINT('',#1335);
#1337=CARTESIAN_POINT('',(-211.76293406983677,64.8064256901207,-2.617269404745063));
#1338=VERTEX_POINT('',#1337);
#1339=CARTESIAN_POINT('',(-211.76293406983677,64.7479878635113,-2.2758895799222114));
#1340=VERTEX_POINT('',#1339);
#1341=CARTESIAN_POINT('',(-211.76293406983677,30.66219712592556,-0.4854475196373489));
#1342=VERTEX_POINT('',#1341);
#1343=CARTESIAN_POINT('',(-211.76293406983677,64.65309246593961,-1.961271512578581));
#1344=VERTEX_POINT('',#1343);
#1345=CARTESIAN_POINT('',(-211.76293406983677,64.52539018180596,-1.685506658883288));
#1346=VERTEX_POINT('',#1345);
#1347=CARTESIAN_POINT('',(-211.76293406983677,30.821794745362922,-0.4854475196373489));
#1348=VERTEX_POINT('',#1347);
#1349=CARTESIAN_POINT('',(-211.76293406983677,30.821794745362922,-4.752856403758615));
#1350=VERTEX_POINT('',#1349);
#1351=CARTESIAN_POINT('',(-211.76293406983677,57.08962692217892,-4.752856403758617));
#1352=VERTEX_POINT('',#1351);
#1353=CARTESIAN_POINT('',(-211.76293406983677,56.912915879733646,-4.65356129914699));
#1354=VERTEX_POINT('',#1353);
#1355=CARTESIAN_POINT('',(-211.76293406983677,64.36977695963742,-1.4591919926519705));
#1356=VERTEX_POINT('',#1355);
#1357=CARTESIAN_POINT('',(-211.76293406983677,64.19224619296483,-1.291025085065375));
#1358=VERTEX_POINT('',#1357);
#1359=CARTESIAN_POINT('',(-211.76293406983677,56.743071707454874,-4.485394807503159));
#1360=VERTEX_POINT('',#1359);
#1361=CARTESIAN_POINT('',(-211.76293406983677,56.59419993316669,-4.259080349243224));
#1362=VERTEX_POINT('',#1361);
#1363=CARTESIAN_POINT('',(-211.76293406983677,63.999606520178986,-1.1874686468296471));
#1364=VERTEX_POINT('',#1363);
#1365=CARTESIAN_POINT('',(-211.76293406983677,56.4720251883582,-3.9833152875765485));
#1366=VERTEX_POINT('',#1365);
#1367=CARTESIAN_POINT('',(-211.76293406983677,57.28886918245689,-1.1525017944030544));
#1368=VERTEX_POINT('',#1367);
#1369=CARTESIAN_POINT('',(-211.76293406983677,57.097210491123406,-1.1874686468296467));
#1370=VERTEX_POINT('',#1369);
#1371=CARTESIAN_POINT('',(-211.76293406983677,56.3812373706578,-3.6686974282043003));
#1372=VERTEX_POINT('',#1371);
#1373=CARTESIAN_POINT('',(-211.76293406983677,56.32533486597549,-3.3273169794673016));
#1374=VERTEX_POINT('',#1373);
#1375=CARTESIAN_POINT('',(-211.76293406983677,56.912915879733646,-1.2910250850653746));
#1376=VERTEX_POINT('',#1375);
#1377=CARTESIAN_POINT('',(-211.76293406983677,56.743071707454874,-1.45919199265197));
#1378=VERTEX_POINT('',#1377);
#1379=CARTESIAN_POINT('',(-211.76293406983677,56.30645881191049,-2.972293192106182));
#1380=VERTEX_POINT('',#1379);
#1381=CARTESIAN_POINT('',(-211.76293406983677,56.32533486597549,-2.6172694047450626));
#1382=VERTEX_POINT('',#1381);
#1383=CARTESIAN_POINT('',(-211.76293406983677,56.59419993316669,-1.6855066588832877));
#1384=VERTEX_POINT('',#1383);
#1385=CARTESIAN_POINT('',(-211.76293406983677,56.4720251883582,-1.9612715125785805));
#1386=VERTEX_POINT('',#1385);
#1387=CARTESIAN_POINT('',(-211.76293406983677,56.3812373706578,-2.275889579922211));
#1388=VERTEX_POINT('',#1387);
#1389=CARTESIAN_POINT('',(225.1426951115427,72.55392156259677,4.263525547399818));
#1390=VERTEX_POINT('',#1389);
#1391=CARTESIAN_POINT('',(225.25041898299241,72.55392156259677,-4.752856403758618));
#1392=VERTEX_POINT('',#1391);
#1393=CARTESIAN_POINT('',(225.25041898299241,72.55392156259677,6.402261441113349));
#1394=VERTEX_POINT('',#1393);
#1395=CARTESIAN_POINT('',(225.25041898299241,72.55392156259677,8.1133642907788));
#1396=VERTEX_POINT('',#1395);
#1397=CARTESIAN_POINT('',(225.25041898299241,72.55392156259677,8.160417400089951));
#1398=VERTEX_POINT('',#1397);
#1399=CARTESIAN_POINT('',(225.25041898299241,28.01524936415717,-2.82899882996165));
#1400=VERTEX_POINT('',#1399);
#1401=CARTESIAN_POINT('',(225.25041898299241,28.01524936415717,-4.752856403758615));
#1402=VERTEX_POINT('',#1401);
#1403=CARTESIAN_POINT('',(225.25041898299241,-26.239634257772877,-4.752856403758612));
#1404=VERTEX_POINT('',#1403);
#1405=CARTESIAN_POINT('',(225.25041898299241,-26.239634257772877,-0.4854474156516544));
#1406=VERTEX_POINT('',#1405);
#1407=CARTESIAN_POINT('',(225.25041898299241,28.01524936415717,-0.4854475196373489));
#1408=VERTEX_POINT('',#1407);
#1409=CARTESIAN_POINT('',(225.25041898299241,29.008307190923915,-0.4854475196373489));
#1410=VERTEX_POINT('',#1409);
#1411=CARTESIAN_POINT('',(225.25041898299241,30.821794745362922,-4.752856403758615));
#1412=VERTEX_POINT('',#1411);
#1413=CARTESIAN_POINT('',(225.25041898299241,30.821794745362922,-0.4854475196373489));
#1414=VERTEX_POINT('',#1413);
#1415=CARTESIAN_POINT('',(225.25041898299241,51.74696900553545,6.40226144111335));
#1416=VERTEX_POINT('',#1415);
#1417=CARTESIAN_POINT('',(225.25041898299241,51.74696900553545,8.1133642907788));
#1418=VERTEX_POINT('',#1417);
#1419=CARTESIAN_POINT('',(225.25041898299241,-28.053121812211884,-0.48544741565165417));
#1420=VERTEX_POINT('',#1419);
#1421=CARTESIAN_POINT('',(225.25041898299241,-75.80590582974037,8.160417400089958));
#1422=VERTEX_POINT('',#1421);
#1423=CARTESIAN_POINT('',(225.25041898299241,-29.04617963897863,-4.752856403758612));
#1424=VERTEX_POINT('',#1423);
#1425=CARTESIAN_POINT('',(225.25041898299241,-75.80590582974037,-4.752856403758609));
#1426=VERTEX_POINT('',#1425);
#1427=CARTESIAN_POINT('',(225.25041898299241,-29.04617963897863,-0.48544741565165417));
#1428=VERTEX_POINT('',#1427);
#1429=CARTESIAN_POINT('',(-211.76293406983677,-75.80590582974037,-4.752856403758609));
#1430=VERTEX_POINT('',#1429);
#1431=CARTESIAN_POINT('',(-211.76293406983677,-75.80590582974037,8.160417400089958));
#1432=VERTEX_POINT('',#1431);
#1433=CARTESIAN_POINT('',(-211.76293406983677,-29.04617963897863,-4.752856403758612));
#1434=VERTEX_POINT('',#1433);
#1435=CARTESIAN_POINT('',(-211.76293406983677,-75.80590582974037,-4.752856403758609));
#1436=VERTEX_POINT('',#1435);
#1437=CARTESIAN_POINT('',(-211.76293406983677,28.01524936415717,-4.752856403758615));
#1438=VERTEX_POINT('',#1437);
#1439=CARTESIAN_POINT('',(-211.76293406983677,-26.239634257772877,-4.752856403758612));
#1440=VERTEX_POINT('',#1439);
#1441=CARTESIAN_POINT('',(-211.76293406983677,30.821794745362922,-4.752856403758615));
#1442=VERTEX_POINT('',#1441);
#1443=CARTESIAN_POINT('',(-211.76293406983677,72.55392156259677,-4.752856403758618));
#1444=VERTEX_POINT('',#1443);
#1445=CARTESIAN_POINT('',(-211.76293406983677,64.00753500041037,-4.752856403758617));
#1446=VERTEX_POINT('',#1445);
#1447=CARTESIAN_POINT('',(-210.19218169016676,64.00753500041037,-4.752856403758617));
#1448=VERTEX_POINT('',#1447);
#1449=CARTESIAN_POINT('',(-210.19218169016676,57.08962692217892,-4.752856403758617));
#1450=VERTEX_POINT('',#1449);
#1451=CARTESIAN_POINT('',(-211.76293406983677,57.08962692217892,-4.752856403758617));
#1452=VERTEX_POINT('',#1451);
#1453=CARTESIAN_POINT('',(-214.05863965270328,64.82615282398456,-2.9722931921061826));
#1454=VERTEX_POINT('',#1453);
#1455=CARTESIAN_POINT('',(-214.85141082141854,64.82615282398456,-2.9722931921061826));
#1456=VERTEX_POINT('',#1455);
#1457=CARTESIAN_POINT('',(-214.85141082141854,64.80642121075334,-3.3273169794673016));
#1458=VERTEX_POINT('',#1457);
#1459=CARTESIAN_POINT('',(-214.05863965270328,64.80642121075334,-3.3273169794673016));
#1460=VERTEX_POINT('',#1459);
#1461=CARTESIAN_POINT('',(-214.05863965270328,64.80642121075334,-3.3273169794673016));
#1462=VERTEX_POINT('',#1461);
#1463=CARTESIAN_POINT('',(-214.85141082141854,64.80642121075334,-3.3273169794673016));
#1464=VERTEX_POINT('',#1463);
#1465=CARTESIAN_POINT('',(-214.85141082141854,64.74798338414394,-3.6686974282043003));
#1466=VERTEX_POINT('',#1465);
#1467=CARTESIAN_POINT('',(-214.05863965270328,64.74798338414394,-3.6686974282043003));
#1468=VERTEX_POINT('',#1467);
#1469=CARTESIAN_POINT('',(-214.85141082141854,64.65308798657225,-3.9833152875765485));
#1470=VERTEX_POINT('',#1469);
#1471=CARTESIAN_POINT('',(-214.05863965270328,64.65308798657225,-3.9833152875765485));
#1472=VERTEX_POINT('',#1471);
#1473=CARTESIAN_POINT('',(-214.05863965270328,64.65308798657225,-3.9833152875765485));
#1474=VERTEX_POINT('',#1473);
#1475=CARTESIAN_POINT('',(-214.85141082141854,64.65308798657225,-3.9833152875765485));
#1476=VERTEX_POINT('',#1475);
#1477=CARTESIAN_POINT('',(-214.85141082141854,64.5253857024386,-4.259080349243224));
#1478=VERTEX_POINT('',#1477);
#1479=CARTESIAN_POINT('',(-214.05863965270328,64.5253857024386,-4.259080349243224));
#1480=VERTEX_POINT('',#1479);
#1481=CARTESIAN_POINT('',(-214.85141082141854,64.36977248027006,-4.485394807503159));
#1482=VERTEX_POINT('',#1481);
#1483=CARTESIAN_POINT('',(-214.05863965270328,64.36977248027006,-4.485394807503159));
#1484=VERTEX_POINT('',#1483);
#1485=CARTESIAN_POINT('',(-214.85141082141854,64.19224171359747,-4.65356129914699));
#1486=VERTEX_POINT('',#1485);
#1487=CARTESIAN_POINT('',(-214.05863965270328,64.19224171359747,-4.65356129914699));
#1488=VERTEX_POINT('',#1487);
#1489=CARTESIAN_POINT('',(-214.85141082141854,64.19224171359747,-4.65356129914699));
#1490=VERTEX_POINT('',#1489);
#1491=CARTESIAN_POINT('',(-214.85141082141854,63.999602040811624,-4.757118153325482));
#1492=VERTEX_POINT('',#1491);
#1493=CARTESIAN_POINT('',(-214.05863965270328,63.999602040811624,-4.757118153325482));
#1494=VERTEX_POINT('',#1493);
#1495=CARTESIAN_POINT('',(-214.85141082141854,57.28886470308953,-4.792084797780692));
#1496=VERTEX_POINT('',#1495);
#1497=CARTESIAN_POINT('',(-212.75783466127905,57.28886470308953,-4.792084797780692));
#1498=VERTEX_POINT('',#1497);
#1499=CARTESIAN_POINT('',(-212.75783466127905,57.28886918245689,-4.792084797780692));
#1500=VERTEX_POINT('',#1499);
#1501=CARTESIAN_POINT('',(-214.05863965270328,57.28886918245689,-4.792084797780692));
#1502=VERTEX_POINT('',#1501);
#1503=CARTESIAN_POINT('',(-214.05863965270328,63.999602040811624,-4.757118153325482));
#1504=VERTEX_POINT('',#1503);
#1505=CARTESIAN_POINT('',(-214.85141082141854,63.999602040811624,-4.757118153325482));
#1506=VERTEX_POINT('',#1505);
#1507=CARTESIAN_POINT('',(-214.85141082141854,57.09720601175604,-4.757118153325482));
#1508=VERTEX_POINT('',#1507);
#1509=CARTESIAN_POINT('',(-212.75783466127905,57.09720601175604,-4.757118153325482));
#1510=VERTEX_POINT('',#1509);
#1511=CARTESIAN_POINT('',(-214.85141082141854,57.28886470308953,-4.792084797780692));
#1512=VERTEX_POINT('',#1511);
#1513=CARTESIAN_POINT('',(-214.85141082141854,56.91291140036628,-4.65356129914699));
#1514=VERTEX_POINT('',#1513);
#1515=CARTESIAN_POINT('',(-212.75783466127905,56.91291140036628,-4.65356129914699));
#1516=VERTEX_POINT('',#1515);
#1517=CARTESIAN_POINT('',(-214.85141082141854,57.09720601175604,-4.757118153325482));
#1518=VERTEX_POINT('',#1517);
#1519=CARTESIAN_POINT('',(-214.85141082141854,56.74306722808751,-4.485394807503159));
#1520=VERTEX_POINT('',#1519);
#1521=CARTESIAN_POINT('',(-212.75783466127905,56.74306722808751,-4.485394807503159));
#1522=VERTEX_POINT('',#1521);
#1523=CARTESIAN_POINT('',(-214.85141082141854,56.91291140036628,-4.65356129914699));
#1524=VERTEX_POINT('',#1523);
#1525=CARTESIAN_POINT('',(-214.85141082141854,56.59419545379933,-4.259080349243224));
#1526=VERTEX_POINT('',#1525);
#1527=CARTESIAN_POINT('',(-212.75783466127905,56.59419545379933,-4.259080349243224));
#1528=VERTEX_POINT('',#1527);
#1529=CARTESIAN_POINT('',(-214.85141082141854,56.74306722808751,-4.485394807503159));
#1530=VERTEX_POINT('',#1529);
#1531=CARTESIAN_POINT('',(-214.85141082141854,56.47202070899084,-3.9833152875765485));
#1532=VERTEX_POINT('',#1531);
#1533=CARTESIAN_POINT('',(-212.75783466127905,56.47202070899084,-3.9833152875765485));
#1534=VERTEX_POINT('',#1533);
#1535=CARTESIAN_POINT('',(-214.85141082141854,56.38123289129044,-3.6686974282043003));
#1536=VERTEX_POINT('',#1535);
#1537=CARTESIAN_POINT('',(-212.75783466127905,56.38123289129044,-3.6686974282043003));
#1538=VERTEX_POINT('',#1537);
#1539=CARTESIAN_POINT('',(-214.85141082141854,56.47202070899084,-3.9833152875765485));
#1540=VERTEX_POINT('',#1539);
#1541=CARTESIAN_POINT('',(-214.85141082141854,56.32533038660813,-3.3273169794673016));
#1542=VERTEX_POINT('',#1541);
#1543=CARTESIAN_POINT('',(-212.75783466127905,56.32533038660813,-3.3273169794673016));
#1544=VERTEX_POINT('',#1543);
#1545=CARTESIAN_POINT('',(-214.85141082141854,56.38123289129044,-3.6686974282043003));
#1546=VERTEX_POINT('',#1545);
#1547=CARTESIAN_POINT('',(-214.85141082141854,56.306454332543126,-2.972293192106182));
#1548=VERTEX_POINT('',#1547);
#1549=CARTESIAN_POINT('',(-212.75783466127905,56.306454332543126,-2.972293192106182));
#1550=VERTEX_POINT('',#1549);
#1551=CARTESIAN_POINT('',(-214.85141082141854,56.32533038660813,-2.6172694047450626));
#1552=VERTEX_POINT('',#1551);
#1553=CARTESIAN_POINT('',(-212.75783466127905,56.32533038660813,-2.6172694047450626));
#1554=VERTEX_POINT('',#1553);
#1555=CARTESIAN_POINT('',(-214.85141082141854,56.38123289129044,-2.2758893719508286));
#1556=VERTEX_POINT('',#1555);
#1557=CARTESIAN_POINT('',(-212.75783466127905,56.38123289129044,-2.275889579922211));
#1558=VERTEX_POINT('',#1557);
#1559=CARTESIAN_POINT('',(-214.85141082141854,56.47202070899084,-1.9612715125785805));
#1560=VERTEX_POINT('',#1559);
#1561=CARTESIAN_POINT('',(-212.75783466127905,56.47202070899084,-1.9612715125785805));
#1562=VERTEX_POINT('',#1561);
#1563=CARTESIAN_POINT('',(-214.85141082141854,56.59419545379933,-1.6855064509119053));
#1564=VERTEX_POINT('',#1563);
#1565=CARTESIAN_POINT('',(-212.75783466127905,56.59419545379933,-1.6855066588832877));
#1566=VERTEX_POINT('',#1565);
#1567=CARTESIAN_POINT('',(-214.85141082141854,56.74306722808751,-1.45919199265197));
#1568=VERTEX_POINT('',#1567);
#1569=CARTESIAN_POINT('',(-212.75783466127905,56.74306722808751,-1.45919199265197));
#1570=VERTEX_POINT('',#1569);
#1571=CARTESIAN_POINT('',(-214.85141082141854,56.91291140036628,-1.2910250850653746));
#1572=VERTEX_POINT('',#1571);
#1573=CARTESIAN_POINT('',(-212.75783466127905,56.91291140036628,-1.2910250850653746));
#1574=VERTEX_POINT('',#1573);
#1575=CARTESIAN_POINT('',(-214.85141082141854,56.74306722808751,-1.45919199265197));
#1576=VERTEX_POINT('',#1575);
#1577=CARTESIAN_POINT('',(-214.85141082141854,57.09720601175604,-1.1874686468296467));
#1578=VERTEX_POINT('',#1577);
#1579=CARTESIAN_POINT('',(-212.75783466127905,57.09720601175604,-1.1874686468296467));
#1580=VERTEX_POINT('',#1579);
#1581=CARTESIAN_POINT('',(-214.85141082141854,56.91291140036628,-1.2910250850653746));
#1582=VERTEX_POINT('',#1581);
#1583=CARTESIAN_POINT('',(-214.85141082141854,57.28886470308953,-1.1525017944030544));
#1584=VERTEX_POINT('',#1583);
#1585=CARTESIAN_POINT('',(-212.75783466127905,57.28886470308953,-1.1525017944030544));
#1586=VERTEX_POINT('',#1585);
#1587=CARTESIAN_POINT('',(-214.85141082141854,57.28886470308953,-1.1525017944030544));
#1588=VERTEX_POINT('',#1587);
#1589=CARTESIAN_POINT('',(-214.85141082141854,63.999602040811624,-1.1874686468296471));
#1590=VERTEX_POINT('',#1589);
#1591=CARTESIAN_POINT('',(-214.05863965270328,63.999602040811624,-1.1874686468296471));
#1592=VERTEX_POINT('',#1591);
#1593=CARTESIAN_POINT('',(-214.05863965270328,57.28886918245689,-1.1525017944030544));
#1594=VERTEX_POINT('',#1593);
#1595=CARTESIAN_POINT('',(-212.75783466127905,57.28886918245689,-1.1525017944030544));
#1596=VERTEX_POINT('',#1595);
#1597=CARTESIAN_POINT('',(-214.05863965270328,63.999602040811624,-1.1874686468296471));
#1598=VERTEX_POINT('',#1597);
#1599=CARTESIAN_POINT('',(-214.85141082141854,63.999602040811624,-1.1874686468296471));
#1600=VERTEX_POINT('',#1599);
#1601=CARTESIAN_POINT('',(-214.85141082141854,64.19224171359747,-1.291025085065375));
#1602=VERTEX_POINT('',#1601);
#1603=CARTESIAN_POINT('',(-214.05863965270328,64.19224171359747,-1.291025085065375));
#1604=VERTEX_POINT('',#1603);
#1605=CARTESIAN_POINT('',(-214.85141082141854,64.36977248027006,-1.4591919926519705));
#1606=VERTEX_POINT('',#1605);
#1607=CARTESIAN_POINT('',(-214.05863965270328,64.36977248027006,-1.4591919926519705));
#1608=VERTEX_POINT('',#1607);
#1609=CARTESIAN_POINT('',(-214.05863965270328,64.36977248027006,-1.4591919926519705));
#1610=VERTEX_POINT('',#1609);
#1611=CARTESIAN_POINT('',(-214.85141082141854,64.36977248027006,-1.4591919926519705));
#1612=VERTEX_POINT('',#1611);
#1613=CARTESIAN_POINT('',(-214.85141082141854,64.5253857024386,-1.6855064509119058));
#1614=VERTEX_POINT('',#1613);
#1615=CARTESIAN_POINT('',(-214.05863965270328,64.5253857024386,-1.6855064509119058));
#1616=VERTEX_POINT('',#1615);
#1617=CARTESIAN_POINT('',(-214.05863965270328,64.5253857024386,-1.6855064509119058));
#1618=VERTEX_POINT('',#1617);
#1619=CARTESIAN_POINT('',(-214.85141082141854,64.5253857024386,-1.6855064509119058));
#1620=VERTEX_POINT('',#1619);
#1621=CARTESIAN_POINT('',(-214.85141082141854,64.65308798657225,-1.961271512578581));
#1622=VERTEX_POINT('',#1621);
#1623=CARTESIAN_POINT('',(-214.05863965270328,64.65308798657225,-1.961271512578581));
#1624=VERTEX_POINT('',#1623);
#1625=CARTESIAN_POINT('',(-214.85141082141854,64.65308798657225,-1.961271512578581));
#1626=VERTEX_POINT('',#1625);
#1627=CARTESIAN_POINT('',(-214.85141082141854,64.74798338414394,-2.275889371950829));
#1628=VERTEX_POINT('',#1627);
#1629=CARTESIAN_POINT('',(-214.05863965270328,64.74798338414394,-2.275889371950829));
#1630=VERTEX_POINT('',#1629);
#1631=CARTESIAN_POINT('',(-212.75783466127905,57.28886470308953,-1.1525017944030544));
#1632=VERTEX_POINT('',#1631);
#1633=CARTESIAN_POINT('',(-212.75783466127905,57.28886918245689,-1.1525017944030544));
#1634=VERTEX_POINT('',#1633);
#1635=CARTESIAN_POINT('',(-212.75783466127905,57.097210491123406,-1.1874686468296467));
#1636=VERTEX_POINT('',#1635);
#1637=CARTESIAN_POINT('',(-212.75783466127905,57.09720601175604,-1.1874686468296467));
#1638=VERTEX_POINT('',#1637);
#1639=CARTESIAN_POINT('',(-212.75783466127905,57.097210491123406,-4.757118153325482));
#1640=VERTEX_POINT('',#1639);
#1641=CARTESIAN_POINT('',(-212.75783466127905,57.28886918245689,-4.792084797780692));
#1642=VERTEX_POINT('',#1641);
#1643=CARTESIAN_POINT('',(-212.75783466127905,57.28886470308953,-4.792084797780692));
#1644=VERTEX_POINT('',#1643);
#1645=CARTESIAN_POINT('',(-212.75783466127905,57.09720601175604,-4.757118153325482));
#1646=VERTEX_POINT('',#1645);
#1647=CARTESIAN_POINT('',(-212.75783466127905,56.912915879733646,-1.2910250850653746));
#1648=VERTEX_POINT('',#1647);
#1649=CARTESIAN_POINT('',(-212.75783466127905,56.91291140036628,-1.2910250850653746));
#1650=VERTEX_POINT('',#1649);
#1651=CARTESIAN_POINT('',(-212.75783466127905,56.912915879733646,-4.65356129914699));
#1652=VERTEX_POINT('',#1651);
#1653=CARTESIAN_POINT('',(-212.75783466127905,56.91291140036628,-4.65356129914699));
#1654=VERTEX_POINT('',#1653);
#1655=CARTESIAN_POINT('',(-212.75783466127905,56.743071707454874,-1.45919199265197));
#1656=VERTEX_POINT('',#1655);
#1657=CARTESIAN_POINT('',(-212.75783466127905,56.74306722808751,-1.45919199265197));
#1658=VERTEX_POINT('',#1657);
#1659=CARTESIAN_POINT('',(-212.75783466127905,56.743071707454874,-4.485394807503159));
#1660=VERTEX_POINT('',#1659);
#1661=CARTESIAN_POINT('',(-212.75783466127905,56.74306722808751,-4.485394807503159));
#1662=VERTEX_POINT('',#1661);
#1663=CARTESIAN_POINT('',(-212.75783466127905,56.59419993316669,-1.6855066588832877));
#1664=VERTEX_POINT('',#1663);
#1665=CARTESIAN_POINT('',(-212.75783466127905,56.59419545379933,-1.6855066588832877));
#1666=VERTEX_POINT('',#1665);
#1667=CARTESIAN_POINT('',(-212.75783466127905,56.59419993316669,-4.259080349243224));
#1668=VERTEX_POINT('',#1667);
#1669=CARTESIAN_POINT('',(-212.75783466127905,56.59419545379933,-4.259080349243224));
#1670=VERTEX_POINT('',#1669);
#1671=CARTESIAN_POINT('',(-212.75783466127905,56.4720251883582,-1.9612715125785805));
#1672=VERTEX_POINT('',#1671);
#1673=CARTESIAN_POINT('',(-212.75783466127905,56.47202070899084,-1.9612715125785805));
#1674=VERTEX_POINT('',#1673);
#1675=CARTESIAN_POINT('',(-212.75783466127905,56.4720251883582,-3.9833152875765485));
#1676=VERTEX_POINT('',#1675);
#1677=CARTESIAN_POINT('',(-212.75783466127905,56.47202070899084,-3.9833152875765485));
#1678=VERTEX_POINT('',#1677);
#1679=CARTESIAN_POINT('',(-212.75783466127905,56.3812373706578,-2.275889579922211));
#1680=VERTEX_POINT('',#1679);
#1681=CARTESIAN_POINT('',(-212.75783466127905,56.38123289129044,-2.275889579922211));
#1682=VERTEX_POINT('',#1681);
#1683=CARTESIAN_POINT('',(-212.75783466127905,56.3812373706578,-3.6686974282043003));
#1684=VERTEX_POINT('',#1683);
#1685=CARTESIAN_POINT('',(-212.75783466127905,56.38123289129044,-3.6686974282043003));
#1686=VERTEX_POINT('',#1685);
#1687=CARTESIAN_POINT('',(-212.75783466127905,56.32533486597549,-2.6172694047450626));
#1688=VERTEX_POINT('',#1687);
#1689=CARTESIAN_POINT('',(-212.75783466127905,56.32533038660813,-2.6172694047450626));
#1690=VERTEX_POINT('',#1689);
#1691=CARTESIAN_POINT('',(-212.75783466127905,56.32533486597549,-3.3273169794673016));
#1692=VERTEX_POINT('',#1691);
#1693=CARTESIAN_POINT('',(-212.75783466127905,56.32533038660813,-3.3273169794673016));
#1694=VERTEX_POINT('',#1693);
#1695=CARTESIAN_POINT('',(-212.75783466127905,56.30645881191049,-2.972293192106182));
#1696=VERTEX_POINT('',#1695);
#1697=CARTESIAN_POINT('',(-212.75783466127905,56.306454332543126,-2.972293192106182));
#1698=VERTEX_POINT('',#1697);
#1699=CARTESIAN_POINT('',(-214.85141082141854,64.80642121075334,-2.617269404745063));
#1700=VERTEX_POINT('',#1699);
#1701=CARTESIAN_POINT('',(-214.05863965270328,64.80642121075334,-2.617269404745063));
#1702=VERTEX_POINT('',#1701);
#1703=CARTESIAN_POINT('',(-214.05863965270328,64.80642121075334,-2.617269404745063));
#1704=VERTEX_POINT('',#1703);
#1705=CARTESIAN_POINT('',(-214.85141082141854,64.80642121075334,-2.617269404745063));
#1706=VERTEX_POINT('',#1705);
#1707=CARTESIAN_POINT('',(-214.85141082141854,64.82615282398456,-2.9722931921061826));
#1708=VERTEX_POINT('',#1707);
#1709=CARTESIAN_POINT('',(-214.05863965270328,64.82615282398456,-2.9722931921061826));
#1710=VERTEX_POINT('',#1709);
#1711=CARTESIAN_POINT('',(-214.05863965270328,64.82615730335192,-2.9722931921061826));
#1712=VERTEX_POINT('',#1711);
#1713=CARTESIAN_POINT('',(-214.05863965270328,64.8064256901207,-3.3273169794673016));
#1714=VERTEX_POINT('',#1713);
#1715=CARTESIAN_POINT('',(-211.76293406983677,64.8064256901207,-3.3273169794673016));
#1716=VERTEX_POINT('',#1715);
#1717=CARTESIAN_POINT('',(-211.76293406983677,64.82615730335192,-2.9722931921061826));
#1718=VERTEX_POINT('',#1717);
#1719=CARTESIAN_POINT('',(-214.05863965270328,64.7479878635113,-3.6686974282043003));
#1720=VERTEX_POINT('',#1719);
#1721=CARTESIAN_POINT('',(-211.76293406983677,64.7479878635113,-3.6686974282043003));
#1722=VERTEX_POINT('',#1721);
#1723=CARTESIAN_POINT('',(-211.76293406983677,64.8064256901207,-3.3273169794673016));
#1724=VERTEX_POINT('',#1723);
#1725=CARTESIAN_POINT('',(-214.05863965270328,64.65309246593961,-3.9833152875765485));
#1726=VERTEX_POINT('',#1725);
#1727=CARTESIAN_POINT('',(-211.76293406983677,64.65309246593961,-3.9833152875765485));
#1728=VERTEX_POINT('',#1727);
#1729=CARTESIAN_POINT('',(-214.05863965270328,64.52539018180596,-4.259080349243224));
#1730=VERTEX_POINT('',#1729);
#1731=CARTESIAN_POINT('',(-211.76293406983677,64.52539018180596,-4.259080349243224));
#1732=VERTEX_POINT('',#1731);
#1733=CARTESIAN_POINT('',(-211.76293406983677,64.65309246593961,-3.9833152875765485));
#1734=VERTEX_POINT('',#1733);
#1735=CARTESIAN_POINT('',(-214.05863965270328,64.36977695963742,-4.485394807503159));
#1736=VERTEX_POINT('',#1735);
#1737=CARTESIAN_POINT('',(-211.76293406983677,64.36977695963742,-4.485394807503159));
#1738=VERTEX_POINT('',#1737);
#1739=CARTESIAN_POINT('',(-211.76293406983677,64.52539018180596,-4.259080349243224));
#1740=VERTEX_POINT('',#1739);
#1741=CARTESIAN_POINT('',(-214.05863965270328,64.19224619296483,-4.65356129914699));
#1742=VERTEX_POINT('',#1741);
#1743=CARTESIAN_POINT('',(-211.76293406983677,64.19224619296483,-4.65356129914699));
#1744=VERTEX_POINT('',#1743);
#1745=CARTESIAN_POINT('',(-211.76293406983677,64.36977695963742,-4.485394807503159));
#1746=VERTEX_POINT('',#1745);
#1747=CARTESIAN_POINT('',(-211.76293406983677,64.00753500041037,-4.752856403758617));
#1748=VERTEX_POINT('',#1747);
#1749=CARTESIAN_POINT('',(-211.76293406983677,64.19224619296483,-4.65356129914699));
#1750=VERTEX_POINT('',#1749);
#1751=CARTESIAN_POINT('',(-214.05863965270328,63.999606520178986,-4.757118153325482));
#1752=VERTEX_POINT('',#1751);
#1753=CARTESIAN_POINT('',(-210.19218169016676,63.999606520178986,-4.757118153325482));
#1754=VERTEX_POINT('',#1753);
#1755=CARTESIAN_POINT('',(-210.19218169016676,64.00753500041037,-4.752856403758617));
#1756=VERTEX_POINT('',#1755);
#1757=CARTESIAN_POINT('',(-214.05863965270328,57.28886918245689,-4.792084797780692));
#1758=VERTEX_POINT('',#1757);
#1759=CARTESIAN_POINT('',(-210.19218169016676,57.28886918245689,-4.792084797780692));
#1760=VERTEX_POINT('',#1759);
#1761=CARTESIAN_POINT('',(-212.75783466127905,57.097210491123406,-4.757118153325482));
#1762=VERTEX_POINT('',#1761);
#1763=CARTESIAN_POINT('',(-210.19218169016676,57.097210491123406,-4.757118153325482));
#1764=VERTEX_POINT('',#1763);
#1765=CARTESIAN_POINT('',(-212.75783466127905,57.28886918245689,-4.792084797780692));
#1766=VERTEX_POINT('',#1765);
#1767=CARTESIAN_POINT('',(-212.75783466127905,56.912915879733646,-4.65356129914699));
#1768=VERTEX_POINT('',#1767);
#1769=CARTESIAN_POINT('',(-211.76293406983677,56.912915879733646,-4.65356129914699));
#1770=VERTEX_POINT('',#1769);
#1771=CARTESIAN_POINT('',(-211.76293406983677,57.08962692217892,-4.752856403758617));
#1772=VERTEX_POINT('',#1771);
#1773=CARTESIAN_POINT('',(-210.19218169016676,57.08962692217892,-4.752856403758617));
#1774=VERTEX_POINT('',#1773);
#1775=CARTESIAN_POINT('',(-212.75783466127905,56.743071707454874,-4.485394807503159));
#1776=VERTEX_POINT('',#1775);
#1777=CARTESIAN_POINT('',(-211.76293406983677,56.743071707454874,-4.485394807503159));
#1778=VERTEX_POINT('',#1777);
#1779=CARTESIAN_POINT('',(-212.75783466127905,56.59419993316669,-4.259080349243224));
#1780=VERTEX_POINT('',#1779);
#1781=CARTESIAN_POINT('',(-211.76293406983677,56.59419993316669,-4.259080349243224));
#1782=VERTEX_POINT('',#1781);
#1783=CARTESIAN_POINT('',(-211.76293406983677,56.4720251883582,-3.9833152875765485));
#1784=VERTEX_POINT('',#1783);
#1785=CARTESIAN_POINT('',(-212.75783466127905,56.4720251883582,-3.9833152875765485));
#1786=VERTEX_POINT('',#1785);
#1787=CARTESIAN_POINT('',(-212.75783466127905,56.3812373706578,-3.6686974282043003));
#1788=VERTEX_POINT('',#1787);
#1789=CARTESIAN_POINT('',(-211.76293406983677,56.3812373706578,-3.6686974282043003));
#1790=VERTEX_POINT('',#1789);
#1791=CARTESIAN_POINT('',(-212.75783466127905,56.32533486597549,-3.3273169794673016));
#1792=VERTEX_POINT('',#1791);
#1793=CARTESIAN_POINT('',(-211.76293406983677,56.32533486597549,-3.3273169794673016));
#1794=VERTEX_POINT('',#1793);
#1795=CARTESIAN_POINT('',(-212.75783466127905,56.30645881191049,-2.972293192106182));
#1796=VERTEX_POINT('',#1795);
#1797=CARTESIAN_POINT('',(-211.76293406983677,56.30645881191049,-2.972293192106182));
#1798=VERTEX_POINT('',#1797);
#1799=CARTESIAN_POINT('',(-211.76293406983677,56.32533486597549,-3.3273169794673016));
#1800=VERTEX_POINT('',#1799);
#1801=CARTESIAN_POINT('',(-211.76293406983677,56.32533486597549,-2.6172694047450626));
#1802=VERTEX_POINT('',#1801);
#1803=CARTESIAN_POINT('',(-212.75783466127905,56.32533486597549,-2.6172694047450626));
#1804=VERTEX_POINT('',#1803);
#1805=CARTESIAN_POINT('',(-212.75783466127905,56.3812373706578,-2.275889579922211));
#1806=VERTEX_POINT('',#1805);
#1807=CARTESIAN_POINT('',(-211.76293406983677,56.3812373706578,-2.275889579922211));
#1808=VERTEX_POINT('',#1807);
#1809=CARTESIAN_POINT('',(-211.76293406983677,56.32533486597549,-2.6172694047450626));
#1810=VERTEX_POINT('',#1809);
#1811=CARTESIAN_POINT('',(-212.75783466127905,56.4720251883582,-1.9612715125785805));
#1812=VERTEX_POINT('',#1811);
#1813=CARTESIAN_POINT('',(-211.76293406983677,56.4720251883582,-1.9612715125785805));
#1814=VERTEX_POINT('',#1813);
#1815=CARTESIAN_POINT('',(-211.76293406983677,56.3812373706578,-2.275889579922211));
#1816=VERTEX_POINT('',#1815);
#1817=CARTESIAN_POINT('',(-212.75783466127905,56.3812373706578,-2.275889579922211));
#1818=VERTEX_POINT('',#1817);
#1819=CARTESIAN_POINT('',(-212.75783466127905,56.59419993316669,-1.6855066588832877));
#1820=VERTEX_POINT('',#1819);
#1821=CARTESIAN_POINT('',(-211.76293406983677,56.59419993316669,-1.6855066588832877));
#1822=VERTEX_POINT('',#1821);
#1823=CARTESIAN_POINT('',(-211.76293406983677,56.4720251883582,-1.9612715125785805));
#1824=VERTEX_POINT('',#1823);
#1825=CARTESIAN_POINT('',(-211.76293406983677,56.743071707454874,-1.45919199265197));
#1826=VERTEX_POINT('',#1825);
#1827=CARTESIAN_POINT('',(-212.75783466127905,56.743071707454874,-1.45919199265197));
#1828=VERTEX_POINT('',#1827);
#1829=CARTESIAN_POINT('',(-212.75783466127905,56.912915879733646,-1.2910250850653746));
#1830=VERTEX_POINT('',#1829);
#1831=CARTESIAN_POINT('',(-211.76293406983677,56.912915879733646,-1.2910250850653746));
#1832=VERTEX_POINT('',#1831);
#1833=CARTESIAN_POINT('',(-212.75783466127905,57.097210491123406,-1.1874686468296467));
#1834=VERTEX_POINT('',#1833);
#1835=CARTESIAN_POINT('',(-211.76293406983677,57.097210491123406,-1.1874686468296467));
#1836=VERTEX_POINT('',#1835);
#1837=CARTESIAN_POINT('',(-212.75783466127905,57.28886918245689,-1.1525017944030544));
#1838=VERTEX_POINT('',#1837);
#1839=CARTESIAN_POINT('',(-211.76293406983677,57.28886918245689,-1.1525017944030544));
#1840=VERTEX_POINT('',#1839);
#1841=CARTESIAN_POINT('',(-211.76293406983677,57.097210491123406,-1.1874686468296467));
#1842=VERTEX_POINT('',#1841);
#1843=CARTESIAN_POINT('',(-212.75783466127905,57.097210491123406,-1.1874686468296467));
#1844=VERTEX_POINT('',#1843);
#1845=CARTESIAN_POINT('',(-214.05863965270328,57.28886918245689,-1.1525017944030544));
#1846=VERTEX_POINT('',#1845);
#1847=CARTESIAN_POINT('',(-214.05863965270328,63.999606520178986,-1.1874686468296471));
#1848=VERTEX_POINT('',#1847);
#1849=CARTESIAN_POINT('',(-211.76293406983677,63.999606520178986,-1.1874686468296471));
#1850=VERTEX_POINT('',#1849);
#1851=CARTESIAN_POINT('',(-211.76293406983677,57.28886918245689,-1.1525017944030544));
#1852=VERTEX_POINT('',#1851);
#1853=CARTESIAN_POINT('',(-214.05863965270328,64.19224619296483,-1.291025085065375));
#1854=VERTEX_POINT('',#1853);
#1855=CARTESIAN_POINT('',(-211.76293406983677,64.19224619296483,-1.291025085065375));
#1856=VERTEX_POINT('',#1855);
#1857=CARTESIAN_POINT('',(-211.76293406983677,63.999606520178986,-1.1874686468296471));
#1858=VERTEX_POINT('',#1857);
#1859=CARTESIAN_POINT('',(-214.05863965270328,64.36977695963742,-1.4591919926519705));
#1860=VERTEX_POINT('',#1859);
#1861=CARTESIAN_POINT('',(-211.76293406983677,64.36977695963742,-1.4591919926519705));
#1862=VERTEX_POINT('',#1861);
#1863=CARTESIAN_POINT('',(-214.05863965270328,64.52539018180596,-1.6855064509119058));
#1864=VERTEX_POINT('',#1863);
#1865=CARTESIAN_POINT('',(-211.76293406983677,64.52539018180596,-1.685506658883288));
#1866=VERTEX_POINT('',#1865);
#1867=CARTESIAN_POINT('',(-211.76293406983677,64.36977695963742,-1.4591919926519705));
#1868=VERTEX_POINT('',#1867);
#1869=CARTESIAN_POINT('',(-214.05863965270328,64.65309246593961,-1.961271512578581));
#1870=VERTEX_POINT('',#1869);
#1871=CARTESIAN_POINT('',(-211.76293406983677,64.65309246593961,-1.961271512578581));
#1872=VERTEX_POINT('',#1871);
#1873=CARTESIAN_POINT('',(-214.05863965270328,64.7479878635113,-2.275889371950829));
#1874=VERTEX_POINT('',#1873);
#1875=CARTESIAN_POINT('',(-211.76293406983677,64.7479878635113,-2.2758895799222114));
#1876=VERTEX_POINT('',#1875);
#1877=CARTESIAN_POINT('',(-210.19218169016676,57.08962692217892,-4.752856403758617));
#1878=VERTEX_POINT('',#1877);
#1879=CARTESIAN_POINT('',(-210.19218169016676,64.00753500041037,-4.752856403758617));
#1880=VERTEX_POINT('',#1879);
#1881=CARTESIAN_POINT('',(-210.19218169016676,63.999606520178986,-4.757118153325482));
#1882=VERTEX_POINT('',#1881);
#1883=CARTESIAN_POINT('',(-210.19218169016676,57.28886918245689,-4.792084797780692));
#1884=VERTEX_POINT('',#1883);
#1885=CARTESIAN_POINT('',(-210.19218169016676,57.097210491123406,-4.757118153325482));
#1886=VERTEX_POINT('',#1885);
#1887=CARTESIAN_POINT('',(-214.05863965270328,64.8064256901207,-2.617269404745063));
#1888=VERTEX_POINT('',#1887);
#1889=CARTESIAN_POINT('',(-211.76293406983677,64.8064256901207,-2.617269404745063));
#1890=VERTEX_POINT('',#1889);
#1891=CARTESIAN_POINT('',(-214.05863965270328,64.82615730335192,-2.9722931921061826));
#1892=VERTEX_POINT('',#1891);
#1893=CARTESIAN_POINT('',(-211.76293406983677,64.82615730335192,-2.9722931921061826));
#1894=VERTEX_POINT('',#1893);
#1895=CARTESIAN_POINT('',(-211.76293406983677,64.8064256901207,-2.617269404745063));
#1896=VERTEX_POINT('',#1895);
#1897=CARTESIAN_POINT('',(-214.05863965270328,63.999602040811624,-4.757118153325482));
#1898=VERTEX_POINT('',#1897);
#1899=CARTESIAN_POINT('',(-214.05863965270328,57.28886918245689,-4.792084797780692));
#1900=VERTEX_POINT('',#1899);
#1901=CARTESIAN_POINT('',(-214.05863965270328,63.999606520178986,-4.757118153325482));
#1902=VERTEX_POINT('',#1901);
#1903=CARTESIAN_POINT('',(-214.05863965270328,63.999606520178986,-1.1874686468296471));
#1904=VERTEX_POINT('',#1903);
#1905=CARTESIAN_POINT('',(-214.05863965270328,57.28886918245689,-1.1525017944030544));
#1906=VERTEX_POINT('',#1905);
#1907=CARTESIAN_POINT('',(-214.05863965270328,63.999602040811624,-1.1874686468296471));
#1908=VERTEX_POINT('',#1907);
#1909=CARTESIAN_POINT('',(-214.05863965270328,64.19224171359747,-1.291025085065375));
#1910=VERTEX_POINT('',#1909);
#1911=CARTESIAN_POINT('',(-214.05863965270328,64.19224619296483,-1.291025085065375));
#1912=VERTEX_POINT('',#1911);
#1913=CARTESIAN_POINT('',(-214.05863965270328,64.19224171359747,-4.65356129914699));
#1914=VERTEX_POINT('',#1913);
#1915=CARTESIAN_POINT('',(-214.05863965270328,64.19224619296483,-4.65356129914699));
#1916=VERTEX_POINT('',#1915);
#1917=CARTESIAN_POINT('',(-214.05863965270328,64.36977248027006,-1.4591919926519705));
#1918=VERTEX_POINT('',#1917);
#1919=CARTESIAN_POINT('',(-214.05863965270328,64.36977695963742,-1.4591919926519705));
#1920=VERTEX_POINT('',#1919);
#1921=CARTESIAN_POINT('',(-214.05863965270328,64.36977248027006,-4.485394807503159));
#1922=VERTEX_POINT('',#1921);
#1923=CARTESIAN_POINT('',(-214.05863965270328,64.36977695963742,-4.485394807503159));
#1924=VERTEX_POINT('',#1923);
#1925=CARTESIAN_POINT('',(-214.05863965270328,64.5253857024386,-1.6855064509119058));
#1926=VERTEX_POINT('',#1925);
#1927=CARTESIAN_POINT('',(-214.05863965270328,64.52539018180596,-1.6855064509119058));
#1928=VERTEX_POINT('',#1927);
#1929=CARTESIAN_POINT('',(-214.05863965270328,64.5253857024386,-4.259080349243224));
#1930=VERTEX_POINT('',#1929);
#1931=CARTESIAN_POINT('',(-214.05863965270328,64.52539018180596,-4.259080349243224));
#1932=VERTEX_POINT('',#1931);
#1933=CARTESIAN_POINT('',(-214.05863965270328,64.65308798657225,-1.961271512578581));
#1934=VERTEX_POINT('',#1933);
#1935=CARTESIAN_POINT('',(-214.05863965270328,64.65309246593961,-1.961271512578581));
#1936=VERTEX_POINT('',#1935);
#1937=CARTESIAN_POINT('',(-214.05863965270328,64.65308798657225,-3.9833152875765485));
#1938=VERTEX_POINT('',#1937);
#1939=CARTESIAN_POINT('',(-214.05863965270328,64.65309246593961,-3.9833152875765485));
#1940=VERTEX_POINT('',#1939);
#1941=CARTESIAN_POINT('',(-214.05863965270328,64.74798338414394,-2.275889371950829));
#1942=VERTEX_POINT('',#1941);
#1943=CARTESIAN_POINT('',(-214.05863965270328,64.7479878635113,-2.275889371950829));
#1944=VERTEX_POINT('',#1943);
#1945=CARTESIAN_POINT('',(-214.05863965270328,64.74798338414394,-3.6686974282043003));
#1946=VERTEX_POINT('',#1945);
#1947=CARTESIAN_POINT('',(-214.05863965270328,64.7479878635113,-3.6686974282043003));
#1948=VERTEX_POINT('',#1947);
#1949=CARTESIAN_POINT('',(-214.05863965270328,64.80642121075334,-2.617269404745063));
#1950=VERTEX_POINT('',#1949);
#1951=CARTESIAN_POINT('',(-214.05863965270328,64.8064256901207,-2.617269404745063));
#1952=VERTEX_POINT('',#1951);
#1953=CARTESIAN_POINT('',(-214.05863965270328,64.80642121075334,-3.3273169794673016));
#1954=VERTEX_POINT('',#1953);
#1955=CARTESIAN_POINT('',(-214.05863965270328,64.8064256901207,-3.3273169794673016));
#1956=VERTEX_POINT('',#1955);
#1957=CARTESIAN_POINT('',(-214.05863965270328,64.82615282398456,-2.9722931921061826));
#1958=VERTEX_POINT('',#1957);
#1959=CARTESIAN_POINT('',(-214.05863965270328,64.82615730335192,-2.9722931921061826));
#1960=VERTEX_POINT('',#1959);
#1961=CARTESIAN_POINT('',(225.25041898299241,51.74696900553545,6.40226144111335));
#1962=VERTEX_POINT('',#1961);
#1963=CARTESIAN_POINT('',(225.25041898299241,51.74696900553545,8.1133642907788));
#1964=VERTEX_POINT('',#1963);
#1965=CARTESIAN_POINT('',(-211.76293406983677,51.7469869230049,8.113345989297155));
#1966=VERTEX_POINT('',#1965);
#1967=CARTESIAN_POINT('',(-211.76293406983677,51.7469869230049,4.263507661860938));
#1968=VERTEX_POINT('',#1967);
#1969=CARTESIAN_POINT('',(225.1426951115427,51.74696900553545,4.263525547399819));
#1970=VERTEX_POINT('',#1969);
#1971=CARTESIAN_POINT('',(-211.76293406983677,72.55392156259677,8.113345989297155));
#1972=VERTEX_POINT('',#1971);
#1973=CARTESIAN_POINT('',(-211.76293406983677,51.7469869230049,8.113345989297155));
#1974=VERTEX_POINT('',#1973);
#1975=CARTESIAN_POINT('',(225.25041898299241,51.74696900553545,8.1133642907788));
#1976=VERTEX_POINT('',#1975);
#1977=CARTESIAN_POINT('',(225.25041898299241,72.55392156259677,8.1133642907788));
#1978=VERTEX_POINT('',#1977);
#1979=CARTESIAN_POINT('',(225.1426951115427,72.55392156259677,4.263525547399818));
#1980=VERTEX_POINT('',#1979);
#1981=CARTESIAN_POINT('',(225.1426951115427,51.74696900553545,4.263525547399819));
#1982=VERTEX_POINT('',#1981);
#1983=CARTESIAN_POINT('',(-211.76293406983677,51.7469869230049,4.263507661860938));
#1984=VERTEX_POINT('',#1983);
#1985=CARTESIAN_POINT('',(-211.76293406983677,72.55392156259677,4.263507661860937));
#1986=VERTEX_POINT('',#1985);
#1987=CARTESIAN_POINT('',(225.25041898299241,51.74696900553545,6.40226144111335));
#1988=VERTEX_POINT('',#1987);
#1989=CARTESIAN_POINT('',(225.1426951115427,51.74696900553545,4.263525547399819));
#1990=VERTEX_POINT('',#1989);
#1991=CARTESIAN_POINT('',(225.1426951115427,72.55392156259677,4.263525547399818));
#1992=VERTEX_POINT('',#1991);
#1993=CARTESIAN_POINT('',(225.25041898299241,72.55392156259677,6.402261441113349));
#1994=VERTEX_POINT('',#1993);
#1995=CARTESIAN_POINT('',(225.25041898299241,-26.239634257772877,-4.752856403758612));
#1996=VERTEX_POINT('',#1995);
#1997=CARTESIAN_POINT('',(-211.76293406983677,-26.239634257772877,-4.752856403758612));
#1998=VERTEX_POINT('',#1997);
#1999=CARTESIAN_POINT('',(-211.76293406983677,-26.239634257772877,-0.4854474156516544));
#2000=VERTEX_POINT('',#1999);
#2001=CARTESIAN_POINT('',(-201.41166828435053,-26.239634257772877,-0.4854474156516544));
#2002=VERTEX_POINT('',#2001);
#2003=CARTESIAN_POINT('',(172.98498929560083,-26.239634257772877,-0.4854474156516544));
#2004=VERTEX_POINT('',#2003);
#2005=CARTESIAN_POINT('',(225.25041898299241,-26.239634257772877,-0.4854474156516544));
#2006=VERTEX_POINT('',#2005);
#2007=CARTESIAN_POINT('',(74.90629191660446,-26.239634257772877,-0.4854474156516544));
#2008=VERTEX_POINT('',#2007);
#2009=CARTESIAN_POINT('',(-198.05400449061017,-26.239634257772877,-0.4854474156516544));
#2010=VERTEX_POINT('',#2009);
#2011=CARTESIAN_POINT('',(36.065965038190825,-26.239634257772877,-0.4854474156516544));
#2012=VERTEX_POINT('',#2011);
#2013=CARTESIAN_POINT('',(56.7000746590511,-26.239634257772877,-0.4854474156516544));
#2014=VERTEX_POINT('',#2013);
#2015=CARTESIAN_POINT('',(54.021074934537864,-26.239634257772877,-0.4854474156516544));
#2016=VERTEX_POINT('',#2015);
#2017=CARTESIAN_POINT('',(-211.76293406983677,-29.04617963897863,-0.48544741565165417));
#2018=VERTEX_POINT('',#2017);
#2019=CARTESIAN_POINT('',(-211.76293406983677,-29.04617963897863,-4.752856403758612));
#2020=VERTEX_POINT('',#2019);
#2021=CARTESIAN_POINT('',(225.25041898299241,-29.04617963897863,-4.752856403758612));
#2022=VERTEX_POINT('',#2021);
#2023=CARTESIAN_POINT('',(225.25041898299241,-29.04617963897863,-0.48544741565165417));
#2024=VERTEX_POINT('',#2023);
#2025=CARTESIAN_POINT('',(78.32057696654738,-29.04617963897863,-0.48544741565165417));
#2026=VERTEX_POINT('',#2025);
#2027=CARTESIAN_POINT('',(65.28032884824188,-29.04617963897863,-0.48544741565165417));
#2028=VERTEX_POINT('',#2027);
#2029=CARTESIAN_POINT('',(47.78448638402779,-29.04617963897863,-0.48544741565165417));
#2030=VERTEX_POINT('',#2029);
#2031=CARTESIAN_POINT('',(60.65800102951198,-29.04617963897863,-0.48544741565165417));
#2032=VERTEX_POINT('',#2031);
#2033=CARTESIAN_POINT('',(-211.76293406983677,-26.239634257772877,-0.4854474156516544));
#2034=VERTEX_POINT('',#2033);
#2035=CARTESIAN_POINT('',(-211.76293406983677,-26.39923187721024,-0.4854474156516544));
#2036=VERTEX_POINT('',#2035);
#2037=CARTESIAN_POINT('',(-201.41166828435053,-26.239634257772877,-0.4854474156516544));
#2038=VERTEX_POINT('',#2037);
#2039=CARTESIAN_POINT('',(-198.05400449061017,-26.239634257772877,-0.4854474156516544));
#2040=VERTEX_POINT('',#2039);
#2041=CARTESIAN_POINT('',(-211.76293406983677,-26.462424552274797,-0.4854474156516544));
#2042=VERTEX_POINT('',#2041);
#2043=CARTESIAN_POINT('',(-211.76293406983677,-29.04617963897863,-0.48544741565165417));
#2044=VERTEX_POINT('',#2043);
#2045=CARTESIAN_POINT('',(47.78448638402779,-29.04617963897863,-0.48544741565165417));
#2046=VERTEX_POINT('',#2045);
#2047=CARTESIAN_POINT('',(36.065965038190825,-26.239634257772877,-0.4854474156516544));
#2048=VERTEX_POINT('',#2047);
#2049=CARTESIAN_POINT('',(60.65800102951198,-29.04617963897863,-0.48544741565165417));
#2050=VERTEX_POINT('',#2049);
#2051=CARTESIAN_POINT('',(65.28032884824188,-29.04617963897863,-0.48544741565165417));
#2052=VERTEX_POINT('',#2051);
#2053=CARTESIAN_POINT('',(56.7000746590511,-26.239634257772877,-0.4854474156516544));
#2054=VERTEX_POINT('',#2053);
#2055=CARTESIAN_POINT('',(54.021074934537864,-26.239634257772877,-0.4854474156516544));
#2056=VERTEX_POINT('',#2055);
#2057=CARTESIAN_POINT('',(225.25041898299241,-29.04617963897863,-0.48544741565165417));
#2058=VERTEX_POINT('',#2057);
#2059=CARTESIAN_POINT('',(225.25041898299241,-28.053121812211884,-0.48544741565165417));
#2060=VERTEX_POINT('',#2059);
#2061=CARTESIAN_POINT('',(172.98498929560083,-26.239634257772877,-0.4854474156516544));
#2062=VERTEX_POINT('',#2061);
#2063=CARTESIAN_POINT('',(74.90629191660446,-26.239634257772877,-0.4854474156516544));
#2064=VERTEX_POINT('',#2063);
#2065=CARTESIAN_POINT('',(78.32057696654738,-29.04617963897863,-0.48544741565165417));
#2066=VERTEX_POINT('',#2065);
#2067=CARTESIAN_POINT('',(225.25041898299241,-26.239634257772877,-0.4854474156516544));
#2068=VERTEX_POINT('',#2067);
#2069=CARTESIAN_POINT('',(172.98498929560083,30.821794745362922,-0.4854475196373489));
#2070=VERTEX_POINT('',#2069);
#2071=CARTESIAN_POINT('',(225.25041898299241,30.821794745362922,-0.4854475196373489));
#2072=VERTEX_POINT('',#2071);
#2073=CARTESIAN_POINT('',(225.25041898299241,30.821794745362922,-4.752856403758615));
#2074=VERTEX_POINT('',#2073);
#2075=CARTESIAN_POINT('',(-211.76293406983677,30.821794745362922,-4.752856403758615));
#2076=VERTEX_POINT('',#2075);
#2077=CARTESIAN_POINT('',(-211.76293406983677,30.821794745362922,-0.4854475196373489));
#2078=VERTEX_POINT('',#2077);
#2079=CARTESIAN_POINT('',(-201.41166828435053,30.821794745362922,-0.4854475196373489));
#2080=VERTEX_POINT('',#2079);
#2081=CARTESIAN_POINT('',(74.90629191660446,30.821794745362922,-0.4854475196373489));
#2082=VERTEX_POINT('',#2081);
#2083=CARTESIAN_POINT('',(56.7000746590511,30.821794745362922,-0.4854475196373489));
#2084=VERTEX_POINT('',#2083);
#2085=CARTESIAN_POINT('',(-198.05400449061017,30.821794745362922,-0.4854475196373489));
#2086=VERTEX_POINT('',#2085);
#2087=CARTESIAN_POINT('',(36.065965038190825,30.821794745362922,-0.4854475196373489));
#2088=VERTEX_POINT('',#2087);
#2089=CARTESIAN_POINT('',(54.021074934537864,30.821794745362922,-0.4854475196373489));
#2090=VERTEX_POINT('',#2089);
#2091=CARTESIAN_POINT('',(-211.76293406983677,28.01524936415717,-0.4854475196373489));
#2092=VERTEX_POINT('',#2091);
#2093=CARTESIAN_POINT('',(-211.76293406983677,28.01524936415717,-4.752856403758615));
#2094=VERTEX_POINT('',#2093);
#2095=CARTESIAN_POINT('',(225.25041898299241,28.01524936415717,-4.752856403758615));
#2096=VERTEX_POINT('',#2095);
#2097=CARTESIAN_POINT('',(225.25041898299241,28.01524936415717,-2.82899882996165));
#2098=VERTEX_POINT('',#2097);
#2099=CARTESIAN_POINT('',(225.25041898299241,28.01524936415717,-0.4854475196373489));
#2100=VERTEX_POINT('',#2099);
#2101=CARTESIAN_POINT('',(78.32057696654738,28.01524936415717,-0.4854475196373489));
#2102=VERTEX_POINT('',#2101);
#2103=CARTESIAN_POINT('',(47.78448638402779,28.01524936415717,-0.4854475196373489));
#2104=VERTEX_POINT('',#2103);
#2105=CARTESIAN_POINT('',(65.28032884824188,28.01524936415717,-0.4854475196373489));
#2106=VERTEX_POINT('',#2105);
#2107=CARTESIAN_POINT('',(60.65800102951198,28.01524936415717,-0.4854475196373489));
#2108=VERTEX_POINT('',#2107);
#2109=CARTESIAN_POINT('',(-211.76293406983677,30.821794745362922,-0.4854475196373489));
#2110=VERTEX_POINT('',#2109);
#2111=CARTESIAN_POINT('',(-211.76293406983677,30.66219712592556,-0.4854475196373489));
#2112=VERTEX_POINT('',#2111);
#2113=CARTESIAN_POINT('',(-201.41166828435053,30.821794745362922,-0.4854475196373489));
#2114=VERTEX_POINT('',#2113);
#2115=CARTESIAN_POINT('',(-198.05400449061017,30.821794745362922,-0.4854475196373489));
#2116=VERTEX_POINT('',#2115);
#2117=CARTESIAN_POINT('',(-211.76293406983677,30.599004450861003,-0.4854475196373489));
#2118=VERTEX_POINT('',#2117);
#2119=CARTESIAN_POINT('',(47.78448638402779,28.01524936415717,-0.4854475196373489));
#2120=VERTEX_POINT('',#2119);
#2121=CARTESIAN_POINT('',(36.065965038190825,30.821794745362922,-0.4854475196373489));
#2122=VERTEX_POINT('',#2121);
#2123=CARTESIAN_POINT('',(-211.76293406983677,28.01524936415717,-0.4854475196373489));
#2124=VERTEX_POINT('',#2123);
#2125=CARTESIAN_POINT('',(60.65800102951198,28.01524936415717,-0.4854475196373489));
#2126=VERTEX_POINT('',#2125);
#2127=CARTESIAN_POINT('',(65.28032884824188,28.01524936415717,-0.4854475196373489));
#2128=VERTEX_POINT('',#2127);
#2129=CARTESIAN_POINT('',(56.7000746590511,30.821794745362922,-0.4854475196373489));
#2130=VERTEX_POINT('',#2129);
#2131=CARTESIAN_POINT('',(54.021074934537864,30.821794745362922,-0.4854475196373489));
#2132=VERTEX_POINT('',#2131);
#2133=CARTESIAN_POINT('',(225.25041898299241,29.008307190923915,-0.4854475196373489));
#2134=VERTEX_POINT('',#2133);
#2135=CARTESIAN_POINT('',(172.98498929560083,30.821794745362922,-0.4854475196373489));
#2136=VERTEX_POINT('',#2135);
#2137=CARTESIAN_POINT('',(74.90629191660446,30.821794745362922,-0.4854475196373489));
#2138=VERTEX_POINT('',#2137);
#2139=CARTESIAN_POINT('',(78.32057696654738,28.01524936415717,-0.4854475196373489));
#2140=VERTEX_POINT('',#2139);
#2141=CARTESIAN_POINT('',(225.25041898299241,28.01524936415717,-0.4854475196373489));
#2142=VERTEX_POINT('',#2141);
#2143=CARTESIAN_POINT('',(225.25041898299241,30.821794745362922,-0.4854475196373489));
#2144=VERTEX_POINT('',#2143);
#2145=FACE_SURFACE('',(#2150),#2146,.T.);
#2146=PLANE('',#2147);
#2147=AXIS2_PLACEMENT_3D('',#1287,#2148,#2149);
#2148=DIRECTION('',(1,0,0));
#2149=DIRECTION('',(0,-0.8807988652654625,-0.47349061125546466));
#2150=FACE_BOUND('',#2151,.T.);
#2151=EDGE_LOOP('',(#2152,#2153,#2154));
#2152=ORIENTED_EDGE('',*,*,#2155,.T.);
#2153=ORIENTED_EDGE('',*,*,#2156,.T.);
#2154=ORIENTED_EDGE('',*,*,#2157,.T.);
#2155=EDGE_CURVE('',#1288,#1290,#2158,.F.);
#2156=EDGE_CURVE('',#1290,#1292,#2159,.T.);
#2157=EDGE_CURVE('',#1292,#1288,#2160,.T.);
#2158=LINE('',#1287,#2161);
#2159=LINE('',#1289,#2162);
#2160=LINE('',#1291,#2163);
#2161=VECTOR('',#2164,1.0);
#2162=VECTOR('',#2165,1.0);
#2163=VECTOR('',#2166,1.0);
#2164=DIRECTION('',(0,-0.8807988652654625,-0.47349061125546466));
#2165=DIRECTION('',(0,1,-1.0392443791740973E-16));
#2166=DIRECTION('',(0,-0.9999294993460501,0.01187418786938504));
#2167=FACE_SURFACE('',(#2172),#2168,.T.);
#2168=PLANE('',#2169);
#2169=AXIS2_PLACEMENT_3D('',#1291,#2170,#2171);
#2170=DIRECTION('',(1,0,-0));
#2171=DIRECTION('',(0,0,1));
#2172=FACE_BOUND('',#2173,.T.);
#2173=EDGE_LOOP('',(#2174,#2175,#2176));
#2174=ORIENTED_EDGE('',*,*,#2177,.T.);
#2175=ORIENTED_EDGE('',*,*,#2178,.T.);
#2176=ORIENTED_EDGE('',*,*,#2179,.T.);
#2177=EDGE_CURVE('',#1292,#1294,#2180,.F.);
#2178=EDGE_CURVE('',#1294,#1296,#2181,.T.);
#2179=EDGE_CURVE('',#1296,#1292,#2182,.T.);
#2180=LINE('',#1291,#2183);
#2181=LINE('',#1293,#2184);
#2182=LINE('',#1295,#2185);
#2183=VECTOR('',#2186,1.0);
#2184=VECTOR('',#2187,1.0);
#2185=VECTOR('',#2188,1.0);
#2186=DIRECTION('',(0,0,1));
#2187=DIRECTION('',(0,-1,4.268665399708041E-17));
#2188=DIRECTION('',(0,0.9175552114886409,-0.3976083926051304));
#2189=FACE_SURFACE('',(#2194),#2190,.T.);
#2190=PLANE('',#2191);
#2191=AXIS2_PLACEMENT_3D('',#1297,#2192,#2193);
#2192=DIRECTION('',(1,0,0));
#2193=DIRECTION('',(0,1,0));
#2194=FACE_BOUND('',#2195,.T.);
#2195=EDGE_LOOP('',(#2196,#2197,#2198));
#2196=ORIENTED_EDGE('',*,*,#2199,.T.);
#2197=ORIENTED_EDGE('',*,*,#2200,.T.);
#2198=ORIENTED_EDGE('',*,*,#2201,.T.);
#2199=EDGE_CURVE('',#1298,#1300,#2202,.F.);
#2200=EDGE_CURVE('',#1300,#1302,#2203,.T.);
#2201=EDGE_CURVE('',#1302,#1298,#2204,.T.);
#2202=LINE('',#1297,#2205);
#2203=LINE('',#1299,#2206);
#2204=LINE('',#1301,#2207);
#2205=VECTOR('',#2208,1.0);
#2206=VECTOR('',#2209,1.0);
#2207=VECTOR('',#2210,1.0);
#2208=DIRECTION('',(0,1,0));
#2209=DIRECTION('',(0,0,1));
#2210=DIRECTION('',(0,-0.9999974410219468,-0.002262288566453258));
#2211=FACE_SURFACE('',(#2216),#2212,.T.);
#2212=PLANE('',#2213);
#2213=AXIS2_PLACEMENT_3D('',#1297,#2214,#2215);
#2214=DIRECTION('',(1,0,-0));
#2215=DIRECTION('',(0,0.9999974410219468,0.002262288566453258));
#2216=FACE_BOUND('',#2217,.T.);
#2217=EDGE_LOOP('',(#2218,#2219,#2220));
#2218=ORIENTED_EDGE('',*,*,#2221,.T.);
#2219=ORIENTED_EDGE('',*,*,#2222,.T.);
#2220=ORIENTED_EDGE('',*,*,#2223,.T.);
#2221=EDGE_CURVE('',#1298,#1302,#2224,.F.);
#2222=EDGE_CURVE('',#1302,#1304,#2225,.T.);
#2223=EDGE_CURVE('',#1304,#1298,#2226,.T.);
#2224=LINE('',#1297,#2227);
#2225=LINE('',#1301,#2228);
#2226=LINE('',#1303,#2229);
#2227=VECTOR('',#2230,1.0);
#2228=VECTOR('',#2231,1.0);
#2229=VECTOR('',#2232,1.0);
#2230=DIRECTION('',(0,0.9999974410219468,0.002262288566453258));
#2231=DIRECTION('',(0,-1,4.789320318370767E-17));
#2232=DIRECTION('',(0,0.9999999319067968,-0.00036903441836325546));
#2233=FACE_SURFACE('',(#2238),#2234,.T.);
#2234=PLANE('',#2235);
#2235=AXIS2_PLACEMENT_3D('',#1303,#2236,#2237);
#2236=DIRECTION('',(1,0,0));
#2237=DIRECTION('',(0,0,-1));
#2238=FACE_BOUND('',#2239,.T.);
#2239=EDGE_LOOP('',(#2240,#2241,#2242));
#2240=ORIENTED_EDGE('',*,*,#2243,.T.);
#2241=ORIENTED_EDGE('',*,*,#2244,.T.);
#2242=ORIENTED_EDGE('',*,*,#2245,.T.);
#2243=EDGE_CURVE('',#1304,#1306,#2246,.F.);
#2244=EDGE_CURVE('',#1306,#1308,#2247,.T.);
#2245=EDGE_CURVE('',#1308,#1304,#2248,.T.);
#2246=LINE('',#1303,#2249);
#2247=LINE('',#1305,#2250);
#2248=LINE('',#1307,#2251);
#2249=VECTOR('',#2252,1.0);
#2250=VECTOR('',#2253,1.0);
#2251=VECTOR('',#2254,1.0);
#2252=DIRECTION('',(0,0,-1));
#2253=DIRECTION('',(0,1,-5.698355136277091E-17));
#2254=DIRECTION('',(0,-0.9639183909841856,0.26619792546610666));
#2255=FACE_SURFACE('',(#2260),#2256,.T.);
#2256=PLANE('',#2257);
#2257=AXIS2_PLACEMENT_3D('',#1303,#2258,#2259);
#2258=DIRECTION('',(1,0,0));
#2259=DIRECTION('',(0,0.9639183909841856,-0.26619792546610666));
#2260=FACE_BOUND('',#2261,.T.);
#2261=EDGE_LOOP('',(#2262,#2263,#2264));
#2262=ORIENTED_EDGE('',*,*,#2265,.T.);
#2263=ORIENTED_EDGE('',*,*,#2266,.T.);
#2264=ORIENTED_EDGE('',*,*,#2267,.T.);
#2265=EDGE_CURVE('',#1304,#1308,#2268,.F.);
#2266=EDGE_CURVE('',#1308,#1310,#2269,.T.);
#2267=EDGE_CURVE('',#1310,#1304,#2270,.T.);
#2268=LINE('',#1303,#2271);
#2269=LINE('',#1307,#2272);
#2270=LINE('',#1309,#2273);
#2271=VECTOR('',#2274,1.0);
#2272=VECTOR('',#2275,1.0);
#2273=VECTOR('',#2276,1.0);
#2274=DIRECTION('',(0,0.9639183909841856,-0.26619792546610666));
#2275=DIRECTION('',(0,0,1));
#2276=DIRECTION('',(0,-0.9833322097073344,0.18181794562718753));
#2277=FACE_SURFACE('',(#2282),#2278,.T.);
#2278=PLANE('',#2279);
#2279=AXIS2_PLACEMENT_3D('',#1295,#2280,#2281);
#2280=DIRECTION('',(1,0,-0));
#2281=DIRECTION('',(0,0,1));
#2282=FACE_BOUND('',#2283,.T.);
#2283=EDGE_LOOP('',(#2284,#2285,#2286));
#2284=ORIENTED_EDGE('',*,*,#2287,.T.);
#2285=ORIENTED_EDGE('',*,*,#2288,.T.);
#2286=ORIENTED_EDGE('',*,*,#2289,.T.);
#2287=EDGE_CURVE('',#1296,#1298,#2290,.F.);
#2288=EDGE_CURVE('',#1298,#1304,#2291,.T.);
#2289=EDGE_CURVE('',#1304,#1296,#2292,.T.);
#2290=LINE('',#1295,#2293);
#2291=LINE('',#1297,#2294);
#2292=LINE('',#1303,#2295);
#2293=VECTOR('',#2296,1.0);
#2294=VECTOR('',#2297,1.0);
#2295=VECTOR('',#2298,1.0);
#2296=DIRECTION('',(0,0,1));
#2297=DIRECTION('',(0,-0.9999999319067968,0.00036903441836325546));
#2298=DIRECTION('',(0,0.9995336347524117,-0.030537075803561416));
#2299=FACE_SURFACE('',(#2304),#2300,.T.);
#2300=PLANE('',#2301);
#2301=AXIS2_PLACEMENT_3D('',#1311,#2302,#2303);
#2302=DIRECTION('',(1,0,0));
#2303=DIRECTION('',(0,-0.7259946407710868,-0.6877003574025977));
#2304=FACE_BOUND('',#2305,.T.);
#2305=EDGE_LOOP('',(#2306,#2307,#2308));
#2306=ORIENTED_EDGE('',*,*,#2309,.T.);
#2307=ORIENTED_EDGE('',*,*,#2310,.T.);
#2308=ORIENTED_EDGE('',*,*,#2311,.T.);
#2309=EDGE_CURVE('',#1312,#1288,#2312,.F.);
#2310=EDGE_CURVE('',#1288,#1292,#2313,.T.);
#2311=EDGE_CURVE('',#1292,#1312,#2314,.T.);
#2312=LINE('',#1311,#2315);
#2313=LINE('',#1287,#2316);
#2314=LINE('',#1291,#2317);
#2315=VECTOR('',#2318,1.0);
#2316=VECTOR('',#2319,1.0);
#2317=VECTOR('',#2320,1.0);
#2318=DIRECTION('',(0,-0.7259946407710868,-0.6877003574025977));
#2319=DIRECTION('',(0,0.9999294993460501,-0.01187418786938504));
#2320=DIRECTION('',(0,-0.9994664211868549,0.032663020679975036));
#2321=FACE_SURFACE('',(#2326),#2322,.T.);
#2322=PLANE('',#2323);
#2323=AXIS2_PLACEMENT_3D('',#1313,#2324,#2325);
#2324=DIRECTION('',(1,0,0));
#2325=DIRECTION('',(0,-0.5665832934924727,-0.8240044730068049));
#2326=FACE_BOUND('',#2327,.T.);
#2327=EDGE_LOOP('',(#2328,#2329,#2330));
#2328=ORIENTED_EDGE('',*,*,#2331,.T.);
#2329=ORIENTED_EDGE('',*,*,#2332,.T.);
#2330=ORIENTED_EDGE('',*,*,#2333,.T.);
#2331=EDGE_CURVE('',#1314,#1312,#2334,.F.);
#2332=EDGE_CURVE('',#1312,#1292,#2335,.T.);
#2333=EDGE_CURVE('',#1292,#1314,#2336,.T.);
#2334=LINE('',#1313,#2337);
#2335=LINE('',#1311,#2338);
#2336=LINE('',#1291,#2339);
#2337=VECTOR('',#2340,1.0);
#2338=VECTOR('',#2341,1.0);
#2339=VECTOR('',#2342,1.0);
#2340=DIRECTION('',(0,-0.5665832934924727,-0.8240044730068049));
#2341=DIRECTION('',(0,0.9994664211868549,-0.032663020679975036));
#2342=DIRECTION('',(0,-0.9981140598658792,0.06138667199035982));
#2343=FACE_SURFACE('',(#2348),#2344,.T.);
#2344=PLANE('',#2345);
#2345=AXIS2_PLACEMENT_3D('',#1295,#2346,#2347);
#2346=DIRECTION('',(1,0,0));
#2347=DIRECTION('',(0,-0.9995336347524117,0.030537075803561416));
#2348=FACE_BOUND('',#2349,.T.);
#2349=EDGE_LOOP('',(#2350,#2351,#2352));
#2350=ORIENTED_EDGE('',*,*,#2353,.T.);
#2351=ORIENTED_EDGE('',*,*,#2354,.T.);
#2352=ORIENTED_EDGE('',*,*,#2355,.T.);
#2353=EDGE_CURVE('',#1296,#1304,#2356,.F.);
#2354=EDGE_CURVE('',#1304,#1310,#2357,.T.);
#2355=EDGE_CURVE('',#1310,#1296,#2358,.T.);
#2356=LINE('',#1295,#2359);
#2357=LINE('',#1303,#2360);
#2358=LINE('',#1309,#2361);
#2359=VECTOR('',#2362,1.0);
#2360=VECTOR('',#2363,1.0);
#2361=VECTOR('',#2364,1.0);
#2362=DIRECTION('',(0,-0.9995336347524117,0.030537075803561416));
#2363=DIRECTION('',(0,0.9833322097073344,-0.18181794562718753));
#2364=DIRECTION('',(0,0.9982769682392445,0.05867788921785328));
#2365=FACE_SURFACE('',(#2370),#2366,.T.);
#2366=PLANE('',#2367);
#2367=AXIS2_PLACEMENT_3D('',#1295,#2368,#2369);
#2368=DIRECTION('',(1,0,0));
#2369=DIRECTION('',(0,-0.9982769682392445,-0.05867788921785328));
#2370=FACE_BOUND('',#2371,.T.);
#2371=EDGE_LOOP('',(#2372,#2373,#2374));
#2372=ORIENTED_EDGE('',*,*,#2375,.T.);
#2373=ORIENTED_EDGE('',*,*,#2376,.T.);
#2374=ORIENTED_EDGE('',*,*,#2377,.T.);
#2375=EDGE_CURVE('',#1296,#1310,#2378,.F.);
#2376=EDGE_CURVE('',#1310,#1316,#2379,.T.);
#2377=EDGE_CURVE('',#1316,#1296,#2380,.T.);
#2378=LINE('',#1295,#2381);
#2379=LINE('',#1309,#2382);
#2380=LINE('',#1315,#2383);
#2381=VECTOR('',#2384,1.0);
#2382=VECTOR('',#2385,1.0);
#2383=VECTOR('',#2386,1.0);
#2384=DIRECTION('',(0,-0.9982769682392445,-0.05867788921785328));
#2385=DIRECTION('',(0,1,-8.593871999234253E-17));
#2386=DIRECTION('',(0,0.9981615612315748,0.06060938606969145));
#2387=FACE_SURFACE('',(#2392),#2388,.T.);
#2388=PLANE('',#2389);
#2389=AXIS2_PLACEMENT_3D('',#1317,#2390,#2391);
#2390=DIRECTION('',(1,0,0));
#2391=DIRECTION('',(0,-0.4202137313557478,-0.9074251594374487));
#2392=FACE_BOUND('',#2393,.T.);
#2393=EDGE_LOOP('',(#2394,#2395,#2396));
#2394=ORIENTED_EDGE('',*,*,#2397,.T.);
#2395=ORIENTED_EDGE('',*,*,#2398,.T.);
#2396=ORIENTED_EDGE('',*,*,#2399,.T.);
#2397=EDGE_CURVE('',#1318,#1314,#2400,.F.);
#2398=EDGE_CURVE('',#1314,#1292,#2401,.T.);
#2399=EDGE_CURVE('',#1292,#1318,#2402,.T.);
#2400=LINE('',#1317,#2403);
#2401=LINE('',#1313,#2404);
#2402=LINE('',#1291,#2405);
#2403=VECTOR('',#2406,1.0);
#2404=VECTOR('',#2407,1.0);
#2405=VECTOR('',#2408,1.0);
#2406=DIRECTION('',(0,-0.4202137313557478,-0.9074251594374487));
#2407=DIRECTION('',(0,0.9981140598658792,-0.06138667199035982));
#2408=DIRECTION('',(0,-0.9952901004637952,0.09694130140847271));
#2409=FACE_SURFACE('',(#2414),#2410,.T.);
#2410=PLANE('',#2411);
#2411=AXIS2_PLACEMENT_3D('',#1319,#2412,#2413);
#2412=DIRECTION('',(1,0,0));
#2413=DIRECTION('',(0,-0.28877149168500166,-0.9573980497107873));
#2414=FACE_BOUND('',#2415,.T.);
#2415=EDGE_LOOP('',(#2416,#2417,#2418));
#2416=ORIENTED_EDGE('',*,*,#2419,.T.);
#2417=ORIENTED_EDGE('',*,*,#2420,.T.);
#2418=ORIENTED_EDGE('',*,*,#2421,.T.);
#2419=EDGE_CURVE('',#1320,#1318,#2422,.F.);
#2420=EDGE_CURVE('',#1318,#1292,#2423,.T.);
#2421=EDGE_CURVE('',#1292,#1320,#2424,.T.);
#2422=LINE('',#1319,#2425);
#2423=LINE('',#1317,#2426);
#2424=LINE('',#1291,#2427);
#2425=VECTOR('',#2428,1.0);
#2426=VECTOR('',#2429,1.0);
#2427=VECTOR('',#2430,1.0);
#2428=DIRECTION('',(0,-0.28877149168500166,-0.9573980497107873));
#2429=DIRECTION('',(0,0.9952901004637952,-0.09694130140847271));
#2430=DIRECTION('',(0,-0.9904922469427313,0.13756856016670194));
#2431=FACE_SURFACE('',(#2436),#2432,.T.);
#2432=PLANE('',#2433);
#2433=AXIS2_PLACEMENT_3D('',#1295,#2434,#2435);
#2434=DIRECTION('',(1,0,0));
#2435=DIRECTION('',(0,-0.9981615612315748,-0.06060938606969145));
#2436=FACE_BOUND('',#2437,.T.);
#2437=EDGE_LOOP('',(#2438,#2439,#2440));
#2438=ORIENTED_EDGE('',*,*,#2441,.T.);
#2439=ORIENTED_EDGE('',*,*,#2442,.T.);
#2440=ORIENTED_EDGE('',*,*,#2443,.T.);
#2441=EDGE_CURVE('',#1296,#1316,#2444,.F.);
#2442=EDGE_CURVE('',#1316,#1322,#2445,.T.);
#2443=EDGE_CURVE('',#1322,#1296,#2446,.T.);
#2444=LINE('',#1295,#2447);
#2445=LINE('',#1315,#2448);
#2446=LINE('',#1321,#2449);
#2447=VECTOR('',#2450,1.0);
#2448=VECTOR('',#2451,1.0);
#2449=VECTOR('',#2452,1.0);
#2450=DIRECTION('',(0,-0.9981615612315748,-0.06060938606969145));
#2451=DIRECTION('',(0,1,0));
#2452=DIRECTION('',(0,0.9981585949456814,0.060658217382836166));
#2453=FACE_SURFACE('',(#2458),#2454,.T.);
#2454=PLANE('',#2455);
#2455=AXIS2_PLACEMENT_3D('',#1323,#2456,#2457);
#2456=DIRECTION('',(1,0,0));
#2457=DIRECTION('',(0,0,-1));
#2458=FACE_BOUND('',#2459,.T.);
#2459=EDGE_LOOP('',(#2460,#2461,#2462));
#2460=ORIENTED_EDGE('',*,*,#2463,.T.);
#2461=ORIENTED_EDGE('',*,*,#2464,.T.);
#2462=ORIENTED_EDGE('',*,*,#2465,.T.);
#2463=EDGE_CURVE('',#1324,#1326,#2466,.F.);
#2464=EDGE_CURVE('',#1326,#1328,#2467,.T.);
#2465=EDGE_CURVE('',#1328,#1324,#2468,.T.);
#2466=LINE('',#1323,#2469);
#2467=LINE('',#1325,#2470);
#2468=LINE('',#1327,#2471);
#2469=VECTOR('',#2472,1.0);
#2470=VECTOR('',#2473,1.0);
#2471=VECTOR('',#2474,1.0);
#2472=DIRECTION('',(0,0,-1));
#2473=DIRECTION('',(0,1,-6.548191502090844E-17));
#2474=DIRECTION('',(0,-0.9969209874487032,0.0784126570414662));
#2475=FACE_SURFACE('',(#2480),#2476,.T.);
#2476=PLANE('',#2477);
#2477=AXIS2_PLACEMENT_3D('',#1295,#2478,#2479);
#2478=DIRECTION('',(1,0,0));
#2479=DIRECTION('',(0,-0.9981585949456814,-0.060658217382836166));
#2480=FACE_BOUND('',#2481,.T.);
#2481=EDGE_LOOP('',(#2482,#2483,#2484));
#2482=ORIENTED_EDGE('',*,*,#2485,.T.);
#2483=ORIENTED_EDGE('',*,*,#2486,.T.);
#2484=ORIENTED_EDGE('',*,*,#2487,.T.);
#2485=EDGE_CURVE('',#1296,#1322,#2488,.F.);
#2486=EDGE_CURVE('',#1322,#1324,#2489,.T.);
#2487=EDGE_CURVE('',#1324,#1296,#2490,.T.);
#2488=LINE('',#1295,#2491);
#2489=LINE('',#1321,#2492);
#2490=LINE('',#1323,#2493);
#2491=VECTOR('',#2494,1.0);
#2492=VECTOR('',#2495,1.0);
#2493=VECTOR('',#2496,1.0);
#2494=DIRECTION('',(0,-0.9981585949456814,-0.060658217382836166));
#2495=DIRECTION('',(0,1,0));
#2496=DIRECTION('',(0,0.998151071368331,0.06078189472411241));
#2497=FACE_SURFACE('',(#2502),#2498,.T.);
#2498=PLANE('',#2499);
#2499=AXIS2_PLACEMENT_3D('',#1329,#2500,#2501);
#2500=DIRECTION('',(1,0,0));
#2501=DIRECTION('',(0,-0.16872669872547472,-0.9856628739773062));
#2502=FACE_BOUND('',#2503,.T.);
#2503=EDGE_LOOP('',(#2504,#2505,#2506));
#2504=ORIENTED_EDGE('',*,*,#2507,.T.);
#2505=ORIENTED_EDGE('',*,*,#2508,.T.);
#2506=ORIENTED_EDGE('',*,*,#2509,.T.);
#2507=EDGE_CURVE('',#1330,#1320,#2510,.F.);
#2508=EDGE_CURVE('',#1320,#1292,#2511,.T.);
#2509=EDGE_CURVE('',#1292,#1330,#2512,.T.);
#2510=LINE('',#1329,#2513);
#2511=LINE('',#1319,#2514);
#2512=LINE('',#1291,#2515);
#2513=VECTOR('',#2516,1.0);
#2514=VECTOR('',#2517,1.0);
#2515=VECTOR('',#2518,1.0);
#2516=DIRECTION('',(0,-0.16872669872547472,-0.9856628739773062));
#2517=DIRECTION('',(0,0.9904922469427313,-0.13756856016670194));
#2518=DIRECTION('',(0,-0.9834900531604459,0.18096219310801698));
#2519=FACE_SURFACE('',(#2524),#2520,.T.);
#2520=PLANE('',#2521);
#2521=AXIS2_PLACEMENT_3D('',#1331,#2522,#2523);
#2522=DIRECTION('',(1,0,0));
#2523=DIRECTION('',(0,-0.05549264418717539,-0.9984590960280323));
#2524=FACE_BOUND('',#2525,.T.);
#2525=EDGE_LOOP('',(#2526,#2527,#2528));
#2526=ORIENTED_EDGE('',*,*,#2529,.T.);
#2527=ORIENTED_EDGE('',*,*,#2530,.T.);
#2528=ORIENTED_EDGE('',*,*,#2531,.T.);
#2529=EDGE_CURVE('',#1332,#1330,#2532,.F.);
#2530=EDGE_CURVE('',#1330,#1292,#2533,.T.);
#2531=EDGE_CURVE('',#1292,#1332,#2534,.T.);
#2532=LINE('',#1331,#2535);
#2533=LINE('',#1329,#2536);
#2534=LINE('',#1291,#2537);
#2535=VECTOR('',#2538,1.0);
#2536=VECTOR('',#2539,1.0);
#2537=VECTOR('',#2540,1.0);
#2538=DIRECTION('',(0,-0.05549264418717539,-0.9984590960280323));
#2539=DIRECTION('',(0,0.9834900531604459,-0.18096219310801698));
#2540=DIRECTION('',(0,-0.9744675876422274,0.2245282179030909));
#2541=FACE_SURFACE('',(#2546),#2542,.T.);
#2542=PLANE('',#2543);
#2543=AXIS2_PLACEMENT_3D('',#1323,#2544,#2545);
#2544=DIRECTION('',(1,0,0));
#2545=DIRECTION('',(0,0.9969209874487032,-0.0784126570414662));
#2546=FACE_BOUND('',#2547,.T.);
#2547=EDGE_LOOP('',(#2548,#2549,#2550));
#2548=ORIENTED_EDGE('',*,*,#2551,.T.);
#2549=ORIENTED_EDGE('',*,*,#2552,.T.);
#2550=ORIENTED_EDGE('',*,*,#2553,.T.);
#2551=EDGE_CURVE('',#1324,#1328,#2554,.F.);
#2552=EDGE_CURVE('',#1328,#1334,#2555,.T.);
#2553=EDGE_CURVE('',#1334,#1324,#2556,.T.);
#2554=LINE('',#1323,#2557);
#2555=LINE('',#1327,#2558);
#2556=LINE('',#1333,#2559);
#2557=VECTOR('',#2560,1.0);
#2558=VECTOR('',#2561,1.0);
#2559=VECTOR('',#2562,1.0);
#2560=DIRECTION('',(0,0.9969209874487032,-0.0784126570414662));
#2561=DIRECTION('',(0,0,1));
#2562=DIRECTION('',(0,-1,1.9166144604448222E-09));
#2563=FACE_SURFACE('',(#2568),#2564,.T.);
#2564=PLANE('',#2565);
#2565=AXIS2_PLACEMENT_3D('',#1323,#2566,#2567);
#2566=DIRECTION('',(1,0,0));
#2567=DIRECTION('',(0,1,-1.9166144604448222E-09));
#2568=FACE_BOUND('',#2569,.T.);
#2569=EDGE_LOOP('',(#2570,#2571,#2572));
#2570=ORIENTED_EDGE('',*,*,#2573,.T.);
#2571=ORIENTED_EDGE('',*,*,#2574,.T.);
#2572=ORIENTED_EDGE('',*,*,#2575,.T.);
#2573=EDGE_CURVE('',#1324,#1334,#2576,.F.);
#2574=EDGE_CURVE('',#1334,#1336,#2577,.T.);
#2575=EDGE_CURVE('',#1336,#1324,#2578,.T.);
#2576=LINE('',#1323,#2579);
#2577=LINE('',#1333,#2580);
#2578=LINE('',#1335,#2581);
#2579=VECTOR('',#2582,1.0);
#2580=VECTOR('',#2583,1.0);
#2581=VECTOR('',#2584,1.0);
#2582=DIRECTION('',(0,1,-1.9166144604448222E-09));
#2583=DIRECTION('',(0,1,0));
#2584=DIRECTION('',(0,-1,1.8294895314540055E-09));
#2585=FACE_SURFACE('',(#2590),#2586,.T.);
#2586=PLANE('',#2587);
#2587=AXIS2_PLACEMENT_3D('',#1337,#2588,#2589);
#2588=DIRECTION('',(1,0,0));
#2589=DIRECTION('',(0,0.05549264418717533,-0.9984590960280324));
#2590=FACE_BOUND('',#2591,.T.);
#2591=EDGE_LOOP('',(#2592,#2593,#2594));
#2592=ORIENTED_EDGE('',*,*,#2595,.T.);
#2593=ORIENTED_EDGE('',*,*,#2596,.T.);
#2594=ORIENTED_EDGE('',*,*,#2597,.T.);
#2595=EDGE_CURVE('',#1338,#1332,#2598,.F.);
#2596=EDGE_CURVE('',#1332,#1292,#2599,.T.);
#2597=EDGE_CURVE('',#1292,#1338,#2600,.T.);
#2598=LINE('',#1337,#2601);
#2599=LINE('',#1331,#2602);
#2600=LINE('',#1291,#2603);
#2601=VECTOR('',#2604,1.0);
#2602=VECTOR('',#2605,1.0);
#2603=VECTOR('',#2606,1.0);
#2604=DIRECTION('',(0,0.05549264418717533,-0.9984590960280324));
#2605=DIRECTION('',(0,0.9744675876422274,-0.2245282179030909));
#2606=DIRECTION('',(0,-0.9640453358172865,0.265737822842243));
#2607=FACE_SURFACE('',(#2612),#2608,.T.);
#2608=PLANE('',#2609);
#2609=AXIS2_PLACEMENT_3D('',#1339,#2610,#2611);
#2610=DIRECTION('',(1,0,0));
#2611=DIRECTION('',(0,0.1687269983156415,-0.9856628226931324));
#2612=FACE_BOUND('',#2613,.T.);
#2613=EDGE_LOOP('',(#2614,#2615,#2616));
#2614=ORIENTED_EDGE('',*,*,#2617,.T.);
#2615=ORIENTED_EDGE('',*,*,#2618,.T.);
#2616=ORIENTED_EDGE('',*,*,#2619,.T.);
#2617=EDGE_CURVE('',#1340,#1338,#2620,.F.);
#2618=EDGE_CURVE('',#1338,#1292,#2621,.T.);
#2619=EDGE_CURVE('',#1292,#1340,#2622,.T.);
#2620=LINE('',#1339,#2623);
#2621=LINE('',#1337,#2624);
#2622=LINE('',#1291,#2625);
#2623=VECTOR('',#2626,1.0);
#2624=VECTOR('',#2627,1.0);
#2625=VECTOR('',#2628,1.0);
#2626=DIRECTION('',(0,0.1687269983156415,-0.9856628226931324));
#2627=DIRECTION('',(0,0.9640453358172865,-0.265737822842243));
#2628=DIRECTION('',(0,-0.9531632554259443,0.30245629189325235));
#2629=FACE_SURFACE('',(#2634),#2630,.T.);
#2630=PLANE('',#2631);
#2631=AXIS2_PLACEMENT_3D('',#1295,#2632,#2633);
#2632=DIRECTION('',(1,0,0));
#2633=DIRECTION('',(0,-0.998151071368331,-0.06078189472411241));
#2634=FACE_BOUND('',#2635,.T.);
#2635=EDGE_LOOP('',(#2636,#2637,#2638));
#2636=ORIENTED_EDGE('',*,*,#2639,.T.);
#2637=ORIENTED_EDGE('',*,*,#2640,.T.);
#2638=ORIENTED_EDGE('',*,*,#2641,.T.);
#2639=EDGE_CURVE('',#1296,#1324,#2642,.F.);
#2640=EDGE_CURVE('',#1324,#1336,#2643,.T.);
#2641=EDGE_CURVE('',#1336,#1296,#2644,.T.);
#2642=LINE('',#1295,#2645);
#2643=LINE('',#1323,#2646);
#2644=LINE('',#1335,#2647);
#2645=VECTOR('',#2648,1.0);
#2646=VECTOR('',#2649,1.0);
#2647=VECTOR('',#2650,1.0);
#2648=DIRECTION('',(0,-0.998151071368331,-0.06078189472411241));
#2649=DIRECTION('',(0,1,-1.8294895314540055E-09));
#2650=DIRECTION('',(0,0.9757019632497705,0.21910198289961594));
#2651=FACE_SURFACE('',(#2656),#2652,.T.);
#2652=PLANE('',#2653);
#2653=AXIS2_PLACEMENT_3D('',#1295,#2654,#2655);
#2654=DIRECTION('',(1,0,0));
#2655=DIRECTION('',(0,-0.9757019632497705,-0.21910198289961594));
#2656=FACE_BOUND('',#2657,.T.);
#2657=EDGE_LOOP('',(#2658,#2659,#2660));
#2658=ORIENTED_EDGE('',*,*,#2661,.T.);
#2659=ORIENTED_EDGE('',*,*,#2662,.T.);
#2660=ORIENTED_EDGE('',*,*,#2663,.T.);
#2661=EDGE_CURVE('',#1296,#1336,#2664,.F.);
#2662=EDGE_CURVE('',#1336,#1342,#2665,.T.);
#2663=EDGE_CURVE('',#1342,#1296,#2666,.T.);
#2664=LINE('',#1295,#2667);
#2665=LINE('',#1335,#2668);
#2666=LINE('',#1341,#2669);
#2667=VECTOR('',#2670,1.0);
#2668=VECTOR('',#2671,1.0);
#2669=VECTOR('',#2672,1.0);
#2670=DIRECTION('',(0,-0.9757019632497705,-0.21910198289961594));
#2671=DIRECTION('',(0,1,0));
#2672=DIRECTION('',(0,0.9755614026106075,0.21972698909424884));
#2673=FACE_SURFACE('',(#2678),#2674,.T.);
#2674=PLANE('',#2675);
#2675=AXIS2_PLACEMENT_3D('',#1343,#2676,#2677);
#2676=DIRECTION('',(1,0,0));
#2677=DIRECTION('',(0,0.2887713167167111,-0.9573981024849051));
#2678=FACE_BOUND('',#2679,.T.);
#2679=EDGE_LOOP('',(#2680,#2681,#2682));
#2680=ORIENTED_EDGE('',*,*,#2683,.T.);
#2681=ORIENTED_EDGE('',*,*,#2684,.T.);
#2682=ORIENTED_EDGE('',*,*,#2685,.T.);
#2683=EDGE_CURVE('',#1344,#1340,#2686,.F.);
#2684=EDGE_CURVE('',#1340,#1292,#2687,.T.);
#2685=EDGE_CURVE('',#1292,#1344,#2688,.T.);
#2686=LINE('',#1343,#2689);
#2687=LINE('',#1339,#2690);
#2688=LINE('',#1291,#2691);
#2689=VECTOR('',#2692,1.0);
#2690=VECTOR('',#2693,1.0);
#2691=VECTOR('',#2694,1.0);
#2692=DIRECTION('',(0,0.2887713167167111,-0.9573981024849051));
#2693=DIRECTION('',(0,0.9531632554259443,-0.30245629189325235));
#2694=DIRECTION('',(0,-0.9428757817412285,0.33314450349040303));
#2695=FACE_SURFACE('',(#2700),#2696,.T.);
#2696=PLANE('',#2697);
#2697=AXIS2_PLACEMENT_3D('',#1345,#2698,#2699);
#2698=DIRECTION('',(1,0,0));
#2699=DIRECTION('',(0,0.4202139923052364,-0.9074250385959685));
#2700=FACE_BOUND('',#2701,.T.);
#2701=EDGE_LOOP('',(#2702,#2703,#2704));
#2702=ORIENTED_EDGE('',*,*,#2705,.T.);
#2703=ORIENTED_EDGE('',*,*,#2706,.T.);
#2704=ORIENTED_EDGE('',*,*,#2707,.T.);
#2705=EDGE_CURVE('',#1346,#1344,#2708,.F.);
#2706=EDGE_CURVE('',#1344,#1292,#2709,.T.);
#2707=EDGE_CURVE('',#1292,#1346,#2710,.T.);
#2708=LINE('',#1345,#2711);
#2709=LINE('',#1343,#2712);
#2710=LINE('',#1291,#2713);
#2711=VECTOR('',#2714,1.0);
#2712=VECTOR('',#2715,1.0);
#2713=VECTOR('',#2716,1.0);
#2714=DIRECTION('',(0,0.4202139923052364,-0.9074250385959685));
#2715=DIRECTION('',(0,0.9428757817412285,-0.33314450349040303));
#2716=DIRECTION('',(0,-0.9341442902709005,0.35689556589326754));
#2717=FACE_SURFACE('',(#2722),#2718,.T.);
#2718=PLANE('',#2719);
#2719=AXIS2_PLACEMENT_3D('',#1295,#2720,#2721);
#2720=DIRECTION('',(1,0,0));
#2721=DIRECTION('',(0,-0.9755614026106075,-0.21972698909424884));
#2722=FACE_BOUND('',#2723,.T.);
#2723=EDGE_LOOP('',(#2724,#2725,#2726));
#2724=ORIENTED_EDGE('',*,*,#2727,.T.);
#2725=ORIENTED_EDGE('',*,*,#2728,.T.);
#2726=ORIENTED_EDGE('',*,*,#2729,.T.);
#2727=EDGE_CURVE('',#1296,#1342,#2730,.F.);
#2728=EDGE_CURVE('',#1342,#1348,#2731,.T.);
#2729=EDGE_CURVE('',#1348,#1296,#2732,.T.);
#2730=LINE('',#1295,#2733);
#2731=LINE('',#1341,#2734);
#2732=LINE('',#1347,#2735);
#2733=VECTOR('',#2736,1.0);
#2734=VECTOR('',#2737,1.0);
#2735=VECTOR('',#2738,1.0);
#2736=DIRECTION('',(0,-0.9755614026106075,-0.21972698909424884));
#2737=DIRECTION('',(0,1,0));
#2738=DIRECTION('',(0,0.9752009976992062,0.2213210656184198));
#2739=FACE_SURFACE('',(#2744),#2740,.T.);
#2740=PLANE('',#2741);
#2741=AXIS2_PLACEMENT_3D('',#1347,#2742,#2743);
#2742=DIRECTION('',(1,0,0));
#2743=DIRECTION('',(0,0,-1));
#2744=FACE_BOUND('',#2745,.T.);
#2745=EDGE_LOOP('',(#2746,#2747,#2748));
#2746=ORIENTED_EDGE('',*,*,#2749,.T.);
#2747=ORIENTED_EDGE('',*,*,#2750,.T.);
#2748=ORIENTED_EDGE('',*,*,#2751,.T.);
#2749=EDGE_CURVE('',#1348,#1350,#2752,.F.);
#2750=EDGE_CURVE('',#1350,#1352,#2753,.T.);
#2751=EDGE_CURVE('',#1352,#1348,#2754,.T.);
#2752=LINE('',#1347,#2755);
#2753=LINE('',#1349,#2756);
#2754=LINE('',#1351,#2757);
#2755=VECTOR('',#2758,1.0);
#2756=VECTOR('',#2759,1.0);
#2757=VECTOR('',#2760,1.0);
#2758=DIRECTION('',(0,0,-1));
#2759=DIRECTION('',(0,1,-6.762479779233795E-17));
#2760=DIRECTION('',(0,-0.9870593601827723,0.16035529138627186));
#2761=FACE_SURFACE('',(#2766),#2762,.T.);
#2762=PLANE('',#2763);
#2763=AXIS2_PLACEMENT_3D('',#1347,#2764,#2765);
#2764=DIRECTION('',(1,0,0));
#2765=DIRECTION('',(0,0.9870593601827723,-0.16035529138627186));
#2766=FACE_BOUND('',#2767,.T.);
#2767=EDGE_LOOP('',(#2768,#2769,#2770));
#2768=ORIENTED_EDGE('',*,*,#2771,.T.);
#2769=ORIENTED_EDGE('',*,*,#2772,.T.);
#2770=ORIENTED_EDGE('',*,*,#2773,.T.);
#2771=EDGE_CURVE('',#1348,#1352,#2774,.F.);
#2772=EDGE_CURVE('',#1352,#1354,#2775,.T.);
#2773=EDGE_CURVE('',#1354,#1348,#2776,.T.);
#2774=LINE('',#1347,#2777);
#2775=LINE('',#1351,#2778);
#2776=LINE('',#1353,#2779);
#2777=VECTOR('',#2780,1.0);
#2778=VECTOR('',#2781,1.0);
#2779=VECTOR('',#2782,1.0);
#2780=DIRECTION('',(0,0.9870593601827723,-0.16035529138627186));
#2781=DIRECTION('',(0,-0.8717964934206186,0.4898682211161623));
#2782=DIRECTION('',(0,-0.9874787786986908,0.1577518989417943));
#2783=FACE_SURFACE('',(#2788),#2784,.T.);
#2784=PLANE('',#2785);
#2785=AXIS2_PLACEMENT_3D('',#1355,#2786,#2787);
#2786=DIRECTION('',(1,0,0));
#2787=DIRECTION('',(0,0.5665829399724842,-0.8240047160861014));
#2788=FACE_BOUND('',#2789,.T.);
#2789=EDGE_LOOP('',(#2790,#2791,#2792));
#2790=ORIENTED_EDGE('',*,*,#2793,.T.);
#2791=ORIENTED_EDGE('',*,*,#2794,.T.);
#2792=ORIENTED_EDGE('',*,*,#2795,.T.);
#2793=EDGE_CURVE('',#1356,#1346,#2796,.F.);
#2794=EDGE_CURVE('',#1346,#1292,#2797,.T.);
#2795=EDGE_CURVE('',#1292,#1356,#2798,.T.);
#2796=LINE('',#1355,#2799);
#2797=LINE('',#1345,#2800);
#2798=LINE('',#1291,#2801);
#2799=VECTOR('',#2802,1.0);
#2800=VECTOR('',#2803,1.0);
#2801=VECTOR('',#2804,1.0);
#2802=DIRECTION('',(0,0.5665829399724842,-0.8240047160861014));
#2803=DIRECTION('',(0,0.9341442902709005,-0.35689556589326754));
#2804=DIRECTION('',(0,-0.9276926350128446,0.37334484721624994));
#2805=FACE_SURFACE('',(#2810),#2806,.T.);
#2806=PLANE('',#2807);
#2807=AXIS2_PLACEMENT_3D('',#1357,#2808,#2809);
#2808=DIRECTION('',(1,0,0));
#2809=DIRECTION('',(0,0.7259937915401629,-0.687701253921453));
#2810=FACE_BOUND('',#2811,.T.);
#2811=EDGE_LOOP('',(#2812,#2813,#2814));
#2812=ORIENTED_EDGE('',*,*,#2815,.T.);
#2813=ORIENTED_EDGE('',*,*,#2816,.T.);
#2814=ORIENTED_EDGE('',*,*,#2817,.T.);
#2815=EDGE_CURVE('',#1358,#1356,#2818,.F.);
#2816=EDGE_CURVE('',#1356,#1292,#2819,.T.);
#2817=EDGE_CURVE('',#1292,#1358,#2820,.T.);
#2818=LINE('',#1357,#2821);
#2819=LINE('',#1355,#2822);
#2820=LINE('',#1291,#2823);
#2821=VECTOR('',#2824,1.0);
#2822=VECTOR('',#2825,1.0);
#2823=VECTOR('',#2826,1.0);
#2824=DIRECTION('',(0,0.7259937915401629,-0.687701253921453));
#2825=DIRECTION('',(0,0.9276926350128446,-0.37334484721624994));
#2826=DIRECTION('',(0,-0.9239454645035947,0.38252421965574496));
#2827=FACE_SURFACE('',(#2832),#2828,.T.);
#2828=PLANE('',#2829);
#2829=AXIS2_PLACEMENT_3D('',#1347,#2830,#2831);
#2830=DIRECTION('',(1,0,0));
#2831=DIRECTION('',(0,0.9874787786986908,-0.1577518989417943));
#2832=FACE_BOUND('',#2833,.T.);
#2833=EDGE_LOOP('',(#2834,#2835,#2836));
#2834=ORIENTED_EDGE('',*,*,#2837,.T.);
#2835=ORIENTED_EDGE('',*,*,#2838,.T.);
#2836=ORIENTED_EDGE('',*,*,#2839,.T.);
#2837=EDGE_CURVE('',#1348,#1354,#2840,.F.);
#2838=EDGE_CURVE('',#1354,#1360,#2841,.T.);
#2839=EDGE_CURVE('',#1360,#1348,#2842,.T.);
#2840=LINE('',#1347,#2843);
#2841=LINE('',#1353,#2844);
#2842=LINE('',#1359,#2845);
#2843=VECTOR('',#2846,1.0);
#2844=VECTOR('',#2847,1.0);
#2845=VECTOR('',#2848,1.0);
#2846=DIRECTION('',(0,0.9874787786986908,-0.1577518989417943));
#2847=DIRECTION('',(0,-0.7106076788968823,0.7035884640134356));
#2848=DIRECTION('',(0,-0.9883024992873651,0.1525062946318854));
#2849=FACE_SURFACE('',(#2854),#2850,.T.);
#2850=PLANE('',#2851);
#2851=AXIS2_PLACEMENT_3D('',#1347,#2852,#2853);
#2852=DIRECTION('',(1,0,0));
#2853=DIRECTION('',(0,0.9883024992873651,-0.1525062946318854));
#2854=FACE_BOUND('',#2855,.T.);
#2855=EDGE_LOOP('',(#2856,#2857,#2858));
#2856=ORIENTED_EDGE('',*,*,#2859,.T.);
#2857=ORIENTED_EDGE('',*,*,#2860,.T.);
#2858=ORIENTED_EDGE('',*,*,#2861,.T.);
#2859=EDGE_CURVE('',#1348,#1360,#2862,.F.);
#2860=EDGE_CURVE('',#1360,#1362,#2863,.T.);
#2861=EDGE_CURVE('',#1362,#1348,#2864,.T.);
#2862=LINE('',#1347,#2865);
#2863=LINE('',#1359,#2866);
#2864=LINE('',#1361,#2867);
#2865=VECTOR('',#2868,1.0);
#2866=VECTOR('',#2869,1.0);
#2867=VECTOR('',#2870,1.0);
#2868=DIRECTION('',(0,0.9883024992873651,-0.1525062946318854));
#2869=DIRECTION('',(0,-0.5495667328565403,0.8354498226329262));
#2870=DIRECTION('',(0,-0.9894497226698892,0.14487665894987833));
#2871=FACE_SURFACE('',(#2876),#2872,.T.);
#2872=PLANE('',#2873);
#2873=AXIS2_PLACEMENT_3D('',#1363,#2874,#2875);
#2874=DIRECTION('',(1,0,0));
#2875=DIRECTION('',(0,0.8808003441882633,-0.4734878601166425));
#2876=FACE_BOUND('',#2877,.T.);
#2877=EDGE_LOOP('',(#2878,#2879,#2880));
#2878=ORIENTED_EDGE('',*,*,#2881,.T.);
#2879=ORIENTED_EDGE('',*,*,#2882,.T.);
#2880=ORIENTED_EDGE('',*,*,#2883,.T.);
#2881=EDGE_CURVE('',#1364,#1358,#2884,.F.);
#2882=EDGE_CURVE('',#1358,#1292,#2885,.T.);
#2883=EDGE_CURVE('',#1292,#1364,#2886,.T.);
#2884=LINE('',#1363,#2887);
#2885=LINE('',#1357,#2888);
#2886=LINE('',#1291,#2889);
#2887=VECTOR('',#2890,1.0);
#2888=VECTOR('',#2891,1.0);
#2889=VECTOR('',#2892,1.0);
#2890=DIRECTION('',(0,0.8808003441882633,-0.4734878601166425));
#2891=DIRECTION('',(0,0.9239454645035947,-0.38252421965574496));
#2892=DIRECTION('',(0,-0.9230351679387238,0.38471558162925024));
#2893=FACE_SURFACE('',(#2898),#2894,.T.);
#2894=PLANE('',#2895);
#2895=AXIS2_PLACEMENT_3D('',#1363,#2896,#2897);
#2896=DIRECTION('',(1,-0,-0));
#2897=DIRECTION('',(0,0.9230351679387238,-0.38471558162925024));
#2898=FACE_BOUND('',#2899,.T.);
#2899=EDGE_LOOP('',(#2900,#2901,#2902));
#2900=ORIENTED_EDGE('',*,*,#2903,.T.);
#2901=ORIENTED_EDGE('',*,*,#2904,.T.);
#2902=ORIENTED_EDGE('',*,*,#2905,.T.);
#2903=EDGE_CURVE('',#1364,#1292,#2906,.F.);
#2904=EDGE_CURVE('',#1292,#1296,#2907,.T.);
#2905=EDGE_CURVE('',#1296,#1364,#2908,.T.);
#2906=LINE('',#1363,#2909);
#2907=LINE('',#1291,#2910);
#2908=LINE('',#1295,#2911);
#2909=VECTOR('',#2912,1.0);
#2910=VECTOR('',#2913,1.0);
#2911=VECTOR('',#2914,1.0);
#2912=DIRECTION('',(0,0.9230351679387238,-0.38471558162925024));
#2913=DIRECTION('',(0,-0.9175552114886409,0.3976083926051304));
#2914=DIRECTION('',(0,0.9136629391312381,-0.40647267270760956));
#2915=FACE_SURFACE('',(#2920),#2916,.T.);
#2916=PLANE('',#2917);
#2917=AXIS2_PLACEMENT_3D('',#1295,#2918,#2919);
#2918=DIRECTION('',(1,0,0));
#2919=DIRECTION('',(0,-0.9752009976992062,-0.2213210656184198));
#2920=FACE_BOUND('',#2921,.T.);
#2921=EDGE_LOOP('',(#2922,#2923,#2924));
#2922=ORIENTED_EDGE('',*,*,#2925,.T.);
#2923=ORIENTED_EDGE('',*,*,#2926,.T.);
#2924=ORIENTED_EDGE('',*,*,#2927,.T.);
#2925=EDGE_CURVE('',#1296,#1348,#2928,.F.);
#2926=EDGE_CURVE('',#1348,#1362,#2929,.T.);
#2927=EDGE_CURVE('',#1362,#1296,#2930,.T.);
#2928=LINE('',#1295,#2931);
#2929=LINE('',#1347,#2932);
#2930=LINE('',#1361,#2933);
#2931=VECTOR('',#2934,1.0);
#2932=VECTOR('',#2935,1.0);
#2933=VECTOR('',#2936,1.0);
#2934=DIRECTION('',(0,-0.9752009976992062,-0.2213210656184198));
#2935=DIRECTION('',(0,0.9894497226698892,-0.14487665894987833));
#2936=DIRECTION('',(0,-0.4943820321437328,0.8692447332560799));
#2937=FACE_SURFACE('',(#2942),#2938,.T.);
#2938=PLANE('',#2939);
#2939=AXIS2_PLACEMENT_3D('',#1295,#2940,#2941);
#2940=DIRECTION('',(1,0,0));
#2941=DIRECTION('',(0,0.4943820321437328,-0.8692447332560799));
#2942=FACE_BOUND('',#2943,.T.);
#2943=EDGE_LOOP('',(#2944,#2945,#2946));
#2944=ORIENTED_EDGE('',*,*,#2947,.T.);
#2945=ORIENTED_EDGE('',*,*,#2948,.T.);
#2946=ORIENTED_EDGE('',*,*,#2949,.T.);
#2947=EDGE_CURVE('',#1296,#1362,#2950,.F.);
#2948=EDGE_CURVE('',#1362,#1366,#2951,.T.);
#2949=EDGE_CURVE('',#1366,#1296,#2952,.T.);
#2950=LINE('',#1295,#2953);
#2951=LINE('',#1361,#2954);
#2952=LINE('',#1365,#2955);
#2953=VECTOR('',#2956,1.0);
#2954=VECTOR('',#2957,1.0);
#2955=VECTOR('',#2958,1.0);
#2956=DIRECTION('',(0,0.4943820321437328,-0.8692447332560799));
#2957=DIRECTION('',(0,-0.40506534840518915,0.9142877356288788));
#2958=DIRECTION('',(0,-0.49713543559011336,0.8676729560615728));
#2959=FACE_SURFACE('',(#2964),#2960,.T.);
#2960=PLANE('',#2961);
#2961=AXIS2_PLACEMENT_3D('',#1367,#2962,#2963);
#2962=DIRECTION('',(1,-0,-0));
#2963=DIRECTION('',(0,0.9999864251899541,-0.00521051204934839));
#2964=FACE_BOUND('',#2965,.T.);
#2965=EDGE_LOOP('',(#2966,#2967,#2968));
#2966=ORIENTED_EDGE('',*,*,#2969,.T.);
#2967=ORIENTED_EDGE('',*,*,#2970,.T.);
#2968=ORIENTED_EDGE('',*,*,#2971,.T.);
#2969=EDGE_CURVE('',#1368,#1364,#2972,.F.);
#2970=EDGE_CURVE('',#1364,#1296,#2973,.T.);
#2971=EDGE_CURVE('',#1296,#1368,#2974,.T.);
#2972=LINE('',#1367,#2975);
#2973=LINE('',#1363,#2976);
#2974=LINE('',#1295,#2977);
#2975=VECTOR('',#2978,1.0);
#2976=VECTOR('',#2979,1.0);
#2977=VECTOR('',#2980,1.0);
#2978=DIRECTION('',(0,0.9999864251899541,-0.00521051204934839));
#2979=DIRECTION('',(0,-0.9136629391312381,0.40647267270760956));
#2980=DIRECTION('',(0,0.7151821019582946,-0.698938166820582));
#2981=FACE_SURFACE('',(#2986),#2982,.T.);
#2982=PLANE('',#2983);
#2983=AXIS2_PLACEMENT_3D('',#1369,#2984,#2985);
#2984=DIRECTION('',(1,0,-0));
#2985=DIRECTION('',(0,0.9837614882565155,0.1794807349643012));
#2986=FACE_BOUND('',#2987,.T.);
#2987=EDGE_LOOP('',(#2988,#2989,#2990));
#2988=ORIENTED_EDGE('',*,*,#2991,.T.);
#2989=ORIENTED_EDGE('',*,*,#2992,.T.);
#2990=ORIENTED_EDGE('',*,*,#2993,.T.);
#2991=EDGE_CURVE('',#1370,#1368,#2994,.F.);
#2992=EDGE_CURVE('',#1368,#1296,#2995,.T.);
#2993=EDGE_CURVE('',#1296,#1370,#2996,.T.);
#2994=LINE('',#1369,#2997);
#2995=LINE('',#1367,#2998);
#2996=LINE('',#1295,#2999);
#2997=VECTOR('',#3000,1.0);
#2998=VECTOR('',#3001,1.0);
#2999=VECTOR('',#3002,1.0);
#3000=DIRECTION('',(0,0.9837614882565155,0.1794807349643012));
#3001=DIRECTION('',(0,-0.7151821019582946,0.698938166820582));
#3002=DIRECTION('',(0,0.7004804711209008,-0.7136715698262338));
#3003=FACE_SURFACE('',(#3008),#3004,.T.);
#3004=PLANE('',#3005);
#3005=AXIS2_PLACEMENT_3D('',#1295,#3006,#3007);
#3006=DIRECTION('',(1,0,0));
#3007=DIRECTION('',(0,0.49713543559011336,-0.8676729560615728));
#3008=FACE_BOUND('',#3009,.T.);
#3009=EDGE_LOOP('',(#3010,#3011,#3012));
#3010=ORIENTED_EDGE('',*,*,#3013,.T.);
#3011=ORIENTED_EDGE('',*,*,#3014,.T.);
#3012=ORIENTED_EDGE('',*,*,#3015,.T.);
#3013=EDGE_CURVE('',#1296,#1366,#3016,.F.);
#3014=EDGE_CURVE('',#1366,#1372,#3017,.T.);
#3015=EDGE_CURVE('',#1372,#1296,#3018,.T.);
#3016=LINE('',#1295,#3019);
#3017=LINE('',#1365,#3020);
#3018=LINE('',#1371,#3021);
#3019=VECTOR('',#3022,1.0);
#3020=VECTOR('',#3023,1.0);
#3021=VECTOR('',#3024,1.0);
#3022=DIRECTION('',(0,0.49713543559011336,-0.8676729560615728));
#3023=DIRECTION('',(0,-0.277252743956937,0.9607970212112177));
#3024=DIRECTION('',(0,-0.5044500512903947,0.863440875655721));
#3025=FACE_SURFACE('',(#3030),#3026,.T.);
#3026=PLANE('',#3027);
#3027=AXIS2_PLACEMENT_3D('',#1295,#3028,#3029);
#3028=DIRECTION('',(1,0,0));
#3029=DIRECTION('',(0,0.5044500512903947,-0.863440875655721));
#3030=FACE_BOUND('',#3031,.T.);
#3031=EDGE_LOOP('',(#3032,#3033,#3034));
#3032=ORIENTED_EDGE('',*,*,#3035,.T.);
#3033=ORIENTED_EDGE('',*,*,#3036,.T.);
#3034=ORIENTED_EDGE('',*,*,#3037,.T.);
#3035=EDGE_CURVE('',#1296,#1372,#3038,.F.);
#3036=EDGE_CURVE('',#1372,#1374,#3039,.T.);
#3037=EDGE_CURVE('',#1374,#1296,#3040,.T.);
#3038=LINE('',#1295,#3041);
#3039=LINE('',#1371,#3042);
#3040=LINE('',#1373,#3043);
#3041=VECTOR('',#3044,1.0);
#3042=VECTOR('',#3045,1.0);
#3043=VECTOR('',#3046,1.0);
#3044=DIRECTION('',(0,0.5044500512903947,-0.863440875655721));
#3045=DIRECTION('',(0,-0.16160188503673834,0.9868560334479254));
#3046=DIRECTION('',(0,-0.5164729300247781,0.856303516605894));
#3047=FACE_SURFACE('',(#3052),#3048,.T.);
#3048=PLANE('',#3049);
#3049=AXIS2_PLACEMENT_3D('',#1375,#3050,#3051);
#3050=DIRECTION('',(1,0,-0));
#3051=DIRECTION('',(0,0.8717963398249488,0.4898684944633839));
#3052=FACE_BOUND('',#3053,.T.);
#3053=EDGE_LOOP('',(#3054,#3055,#3056));
#3054=ORIENTED_EDGE('',*,*,#3057,.T.);
#3055=ORIENTED_EDGE('',*,*,#3058,.T.);
#3056=ORIENTED_EDGE('',*,*,#3059,.T.);
#3057=EDGE_CURVE('',#1376,#1370,#3060,.F.);
#3058=EDGE_CURVE('',#1370,#1296,#3061,.T.);
#3059=EDGE_CURVE('',#1296,#1376,#3062,.T.);
#3060=LINE('',#1375,#3063);
#3061=LINE('',#1369,#3064);
#3062=LINE('',#1295,#3065);
#3063=VECTOR('',#3066,1.0);
#3064=VECTOR('',#3067,1.0);
#3065=VECTOR('',#3068,1.0);
#3066=DIRECTION('',(0,0.8717963398249488,0.4898684944633839));
#3067=DIRECTION('',(0,-0.7004804711209008,0.7136715698262338));
#3068=DIRECTION('',(0,0.6810277344954241,-0.732257621911872));
#3069=FACE_SURFACE('',(#3074),#3070,.T.);
#3070=PLANE('',#3071);
#3071=AXIS2_PLACEMENT_3D('',#1377,#3072,#3073);
#3072=DIRECTION('',(1,0,-0));
#3073=DIRECTION('',(0,0.7106068088129146,0.7035893427765417));
#3074=FACE_BOUND('',#3075,.T.);
#3075=EDGE_LOOP('',(#3076,#3077,#3078));
#3076=ORIENTED_EDGE('',*,*,#3079,.T.);
#3077=ORIENTED_EDGE('',*,*,#3080,.T.);
#3078=ORIENTED_EDGE('',*,*,#3081,.T.);
#3079=EDGE_CURVE('',#1378,#1376,#3082,.F.);
#3080=EDGE_CURVE('',#1376,#1296,#3083,.T.);
#3081=EDGE_CURVE('',#1296,#1378,#3084,.T.);
#3082=LINE('',#1377,#3085);
#3083=LINE('',#1375,#3086);
#3084=LINE('',#1295,#3087);
#3085=VECTOR('',#3088,1.0);
#3086=VECTOR('',#3089,1.0);
#3087=VECTOR('',#3090,1.0);
#3088=DIRECTION('',(0,0.7106068088129146,0.7035893427765417));
#3089=DIRECTION('',(0,-0.6810277344954241,0.732257621911872));
#3090=DIRECTION('',(0,0.6576634120038576,-0.7533119118342975));
#3091=FACE_SURFACE('',(#3096),#3092,.T.);
#3092=PLANE('',#3093);
#3093=AXIS2_PLACEMENT_3D('',#1295,#3094,#3095);
#3094=DIRECTION('',(1,0,0));
#3095=DIRECTION('',(0,0.5164729300247781,-0.856303516605894));
#3096=FACE_BOUND('',#3097,.T.);
#3097=EDGE_LOOP('',(#3098,#3099,#3100));
#3098=ORIENTED_EDGE('',*,*,#3101,.T.);
#3099=ORIENTED_EDGE('',*,*,#3102,.T.);
#3100=ORIENTED_EDGE('',*,*,#3103,.T.);
#3101=EDGE_CURVE('',#1296,#1374,#3104,.F.);
#3102=EDGE_CURVE('',#1374,#1380,#3105,.T.);
#3103=EDGE_CURVE('',#1380,#1296,#3106,.T.);
#3104=LINE('',#1295,#3107);
#3105=LINE('',#1373,#3108);
#3106=LINE('',#1379,#3109);
#3107=VECTOR('',#3110,1.0);
#3108=VECTOR('',#3111,1.0);
#3109=VECTOR('',#3112,1.0);
#3110=DIRECTION('',(0,0.5164729300247781,-0.856303516605894));
#3111=DIRECTION('',(0,-0.053093429202568064,0.9985895492020292));
#3112=DIRECTION('',(0,-0.533114439114886,0.8460431400391003));
#3113=FACE_SURFACE('',(#3118),#3114,.T.);
#3114=PLANE('',#3115);
#3115=AXIS2_PLACEMENT_3D('',#1295,#3116,#3117);
#3116=DIRECTION('',(1,0,0));
#3117=DIRECTION('',(0,0.533114439114886,-0.8460431400391003));
#3118=FACE_BOUND('',#3119,.T.);
#3119=EDGE_LOOP('',(#3120,#3121,#3122));
#3120=ORIENTED_EDGE('',*,*,#3123,.T.);
#3121=ORIENTED_EDGE('',*,*,#3124,.T.);
#3122=ORIENTED_EDGE('',*,*,#3125,.T.);
#3123=EDGE_CURVE('',#1296,#1380,#3126,.F.);
#3124=EDGE_CURVE('',#1380,#1382,#3127,.T.);
#3125=EDGE_CURVE('',#1382,#1296,#3128,.T.);
#3126=LINE('',#1295,#3129);
#3127=LINE('',#1379,#3130);
#3128=LINE('',#1381,#3131);
#3129=VECTOR('',#3132,1.0);
#3130=VECTOR('',#3133,1.0);
#3131=VECTOR('',#3134,1.0);
#3132=DIRECTION('',(0,0.533114439114886,-0.8460431400391003));
#3133=DIRECTION('',(0,0.053093429202568064,0.9985895492020292));
#3134=DIRECTION('',(0,-0.5539597546372155,0.832543446459268));
#3135=FACE_SURFACE('',(#3140),#3136,.T.);
#3136=PLANE('',#3137);
#3137=AXIS2_PLACEMENT_3D('',#1383,#3138,#3139);
#3138=DIRECTION('',(1,0,-0));
#3139=DIRECTION('',(0,0.5495663803621272,0.8354500545069523));
#3140=FACE_BOUND('',#3141,.T.);
#3141=EDGE_LOOP('',(#3142,#3143,#3144));
#3142=ORIENTED_EDGE('',*,*,#3145,.T.);
#3143=ORIENTED_EDGE('',*,*,#3146,.T.);
#3144=ORIENTED_EDGE('',*,*,#3147,.T.);
#3145=EDGE_CURVE('',#1384,#1378,#3148,.F.);
#3146=EDGE_CURVE('',#1378,#1296,#3149,.T.);
#3147=EDGE_CURVE('',#1296,#1384,#3150,.T.);
#3148=LINE('',#1383,#3151);
#3149=LINE('',#1377,#3152);
#3150=LINE('',#1295,#3153);
#3151=VECTOR('',#3154,1.0);
#3152=VECTOR('',#3155,1.0);
#3153=VECTOR('',#3156,1.0);
#3154=DIRECTION('',(0,0.5495663803621272,0.8354500545069523));
#3155=DIRECTION('',(0,-0.6576634120038576,0.7533119118342975));
#3156=DIRECTION('',(0,0.6316626138050888,-0.7752434084343597));
#3157=FACE_SURFACE('',(#3162),#3158,.T.);
#3158=PLANE('',#3159);
#3159=AXIS2_PLACEMENT_3D('',#1385,#3160,#3161);
#3160=DIRECTION('',(1,0,-0));
#3161=DIRECTION('',(0,0.4050656037667149,0.9142876224936586));
#3162=FACE_BOUND('',#3163,.T.);
#3163=EDGE_LOOP('',(#3164,#3165,#3166));
#3164=ORIENTED_EDGE('',*,*,#3167,.T.);
#3165=ORIENTED_EDGE('',*,*,#3168,.T.);
#3166=ORIENTED_EDGE('',*,*,#3169,.T.);
#3167=EDGE_CURVE('',#1386,#1384,#3170,.F.);
#3168=EDGE_CURVE('',#1384,#1296,#3171,.T.);
#3169=EDGE_CURVE('',#1296,#1386,#3172,.T.);
#3170=LINE('',#1385,#3173);
#3171=LINE('',#1383,#3174);
#3172=LINE('',#1295,#3175);
#3173=VECTOR('',#3176,1.0);
#3174=VECTOR('',#3177,1.0);
#3175=VECTOR('',#3178,1.0);
#3176=DIRECTION('',(0,0.4050656037667149,0.9142876224936586));
#3177=DIRECTION('',(0,-0.6316626138050888,0.7752434084343597));
#3178=DIRECTION('',(0,0.6046132172196289,-0.7965192135556618));
#3179=FACE_SURFACE('',(#3184),#3180,.T.);
#3180=PLANE('',#3181);
#3181=AXIS2_PLACEMENT_3D('',#1295,#3182,#3183);
#3182=DIRECTION('',(1,0,0));
#3183=DIRECTION('',(0,0.5539597546372155,-0.832543446459268));
#3184=FACE_BOUND('',#3185,.T.);
#3185=EDGE_LOOP('',(#3186,#3187,#3188));
#3186=ORIENTED_EDGE('',*,*,#3189,.T.);
#3187=ORIENTED_EDGE('',*,*,#3190,.T.);
#3188=ORIENTED_EDGE('',*,*,#3191,.T.);
#3189=EDGE_CURVE('',#1296,#1382,#3192,.F.);
#3190=EDGE_CURVE('',#1382,#1388,#3193,.T.);
#3191=EDGE_CURVE('',#1388,#1296,#3194,.T.);
#3192=LINE('',#1295,#3195);
#3193=LINE('',#1381,#3196);
#3194=LINE('',#1387,#3197);
#3195=VECTOR('',#3198,1.0);
#3196=VECTOR('',#3199,1.0);
#3197=VECTOR('',#3200,1.0);
#3198=DIRECTION('',(0,0.5539597546372155,-0.832543446459268));
#3199=DIRECTION('',(0,0.16160217267123755,0.9868559863465062));
#3200=DIRECTION('',(0,-0.5781982280602433,0.8158963224993694));
#3201=FACE_SURFACE('',(#3206),#3202,.T.);
#3202=PLANE('',#3203);
#3203=AXIS2_PLACEMENT_3D('',#1295,#3204,#3205);
#3204=DIRECTION('',(1,0,0));
#3205=DIRECTION('',(0,0.5781982280602433,-0.8158963224993694));
#3206=FACE_BOUND('',#3207,.T.);
#3207=EDGE_LOOP('',(#3208,#3209,#3210));
#3208=ORIENTED_EDGE('',*,*,#3211,.T.);
#3209=ORIENTED_EDGE('',*,*,#3212,.T.);
#3210=ORIENTED_EDGE('',*,*,#3213,.T.);
#3211=EDGE_CURVE('',#1296,#1388,#3214,.F.);
#3212=EDGE_CURVE('',#1388,#1386,#3215,.T.);
#3213=EDGE_CURVE('',#1386,#1296,#3216,.T.);
#3214=LINE('',#1295,#3217);
#3215=LINE('',#1387,#3218);
#3216=LINE('',#1385,#3219);
#3217=VECTOR('',#3220,1.0);
#3218=VECTOR('',#3221,1.0);
#3219=VECTOR('',#3222,1.0);
#3220=DIRECTION('',(0,0.5781982280602433,-0.8158963224993694));
#3221=DIRECTION('',(0,0.2772525747730099,0.9607970700318235));
#3222=DIRECTION('',(0,-0.6046132172196289,0.7965192135556618));
#3223=FACE_SURFACE('',(#3228),#3224,.T.);
#3224=PLANE('',#3225);
#3225=AXIS2_PLACEMENT_3D('',#1389,#3226,#3227);
#3226=DIRECTION('',(0,-1,0));
#3227=DIRECTION('',(-0.9999999999999991,0,-4.093684696751993E-08));
#3228=FACE_BOUND('',#3229,.T.);
#3229=EDGE_LOOP('',(#3230,#3231,#3232));
#3230=ORIENTED_EDGE('',*,*,#3233,.T.);
#3231=ORIENTED_EDGE('',*,*,#3234,.T.);
#3232=ORIENTED_EDGE('',*,*,#3235,.T.);
#3233=EDGE_CURVE('',#1390,#1294,#3236,.F.);
#3234=EDGE_CURVE('',#1294,#1292,#3237,.T.);
#3235=EDGE_CURVE('',#1292,#1390,#3238,.T.);
#3236=LINE('',#1389,#3239);
#3237=LINE('',#1293,#3240);
#3238=LINE('',#1291,#3241);
#3239=VECTOR('',#3242,1.0);
#3240=VECTOR('',#3243,1.0);
#3241=VECTOR('',#3244,1.0);
#3242=DIRECTION('',(-0.9999999999999991,0,-4.093684696751993E-08));
#3243=DIRECTION('',(0,0,-1));
#3244=DIRECTION('',(0.999787126973805,0,0.020632516508284328));
#3245=FACE_SURFACE('',(#3250),#3246,.T.);
#3246=PLANE('',#3247);
#3247=AXIS2_PLACEMENT_3D('',#1391,#3248,#3249);
#3248=DIRECTION('',(0,-1,0));
#3249=DIRECTION('',(0,0,1));
#3250=FACE_BOUND('',#3251,.T.);
#3251=EDGE_LOOP('',(#3252,#3253,#3254));
#3252=ORIENTED_EDGE('',*,*,#3255,.T.);
#3253=ORIENTED_EDGE('',*,*,#3256,.T.);
#3254=ORIENTED_EDGE('',*,*,#3257,.T.);
#3255=EDGE_CURVE('',#1392,#1394,#3258,.F.);
#3256=EDGE_CURVE('',#1394,#1390,#3259,.T.);
#3257=EDGE_CURVE('',#1390,#1392,#3260,.T.);
#3258=LINE('',#1391,#3261);
#3259=LINE('',#1393,#3262);
#3260=LINE('',#1389,#3263);
#3261=VECTOR('',#3264,1.0);
#3262=VECTOR('',#3265,1.0);
#3263=VECTOR('',#3266,1.0);
#3264=DIRECTION('',(0,0,1));
#3265=DIRECTION('',(-0.05030424135233637,0,-0.9987339401972709));
#3266=DIRECTION('',(0.011946719245319247,0,-0.9999286354031839));
#3267=FACE_SURFACE('',(#3272),#3268,.T.);
#3268=PLANE('',#3269);
#3269=AXIS2_PLACEMENT_3D('',#1389,#3270,#3271);
#3270=DIRECTION('',(0,-1,-0));
#3271=DIRECTION('',(-0.999787126973805,0,-0.020632516508284328));
#3272=FACE_BOUND('',#3273,.T.);
#3273=EDGE_LOOP('',(#3274,#3275,#3276));
#3274=ORIENTED_EDGE('',*,*,#3277,.T.);
#3275=ORIENTED_EDGE('',*,*,#3278,.T.);
#3276=ORIENTED_EDGE('',*,*,#3279,.T.);
#3277=EDGE_CURVE('',#1390,#1292,#3280,.F.);
#3278=EDGE_CURVE('',#1292,#1392,#3281,.T.);
#3279=EDGE_CURVE('',#1392,#1390,#3282,.T.);
#3280=LINE('',#1389,#3283);
#3281=LINE('',#1291,#3284);
#3282=LINE('',#1391,#3285);
#3283=VECTOR('',#3286,1.0);
#3284=VECTOR('',#3287,1.0);
#3285=VECTOR('',#3288,1.0);
#3286=DIRECTION('',(-0.999787126973805,0,-0.020632516508284328));
#3287=DIRECTION('',(1,0,0));
#3288=DIRECTION('',(-0.011946719245319247,0,0.9999286354031839));
#3289=FACE_SURFACE('',(#3294),#3290,.T.);
#3290=PLANE('',#3291);
#3291=AXIS2_PLACEMENT_3D('',#1395,#3292,#3293);
#3292=DIRECTION('',(0,-1,0));
#3293=DIRECTION('',(0,0,1));
#3294=FACE_BOUND('',#3295,.T.);
#3295=EDGE_LOOP('',(#3296,#3297,#3298));
#3296=ORIENTED_EDGE('',*,*,#3299,.T.);
#3297=ORIENTED_EDGE('',*,*,#3300,.T.);
#3298=ORIENTED_EDGE('',*,*,#3301,.T.);
#3299=EDGE_CURVE('',#1396,#1398,#3302,.F.);
#3300=EDGE_CURVE('',#1398,#1302,#3303,.T.);
#3301=EDGE_CURVE('',#1302,#1396,#3304,.T.);
#3302=LINE('',#1395,#3305);
#3303=LINE('',#1397,#3306);
#3304=LINE('',#1301,#3307);
#3305=VECTOR('',#3308,1.0);
#3306=VECTOR('',#3309,1.0);
#3307=VECTOR('',#3310,1.0);
#3308=DIRECTION('',(0,0,1));
#3309=DIRECTION('',(-1,0,0));
#3310=DIRECTION('',(0.9999999942036147,0,-0.00010766972841839987));
#3311=FACE_SURFACE('',(#3316),#3312,.T.);
#3312=PLANE('',#3313);
#3313=AXIS2_PLACEMENT_3D('',#1395,#3314,#3315);
#3314=DIRECTION('',(-0,-1,0));
#3315=DIRECTION('',(-0.9999999942036147,0,0.00010766972841839987));
#3316=FACE_BOUND('',#3317,.T.);
#3317=EDGE_LOOP('',(#3318,#3319,#3320));
#3318=ORIENTED_EDGE('',*,*,#3321,.T.);
#3319=ORIENTED_EDGE('',*,*,#3322,.T.);
#3320=ORIENTED_EDGE('',*,*,#3323,.T.);
#3321=EDGE_CURVE('',#1396,#1302,#3324,.F.);
#3322=EDGE_CURVE('',#1302,#1300,#3325,.T.);
#3323=EDGE_CURVE('',#1300,#1396,#3326,.T.);
#3324=LINE('',#1395,#3327);
#3325=LINE('',#1301,#3328);
#3326=LINE('',#1299,#3329);
#3327=VECTOR('',#3330,1.0);
#3328=VECTOR('',#3331,1.0);
#3329=VECTOR('',#3332,1.0);
#3330=DIRECTION('',(-0.9999999942036147,0,0.00010766972841839987));
#3331=DIRECTION('',(0,0,-1));
#3332=DIRECTION('',(0.9999999999999991,0,4.187854105114547E-08));
#3333=FACE_SURFACE('',(#3338),#3334,.T.);
#3334=PLANE('',#3335);
#3335=AXIS2_PLACEMENT_3D('',#1399,#3336,#3337);
#3336=DIRECTION('',(-1,0,-0));
#3337=DIRECTION('',(0,0,-1));
#3338=FACE_BOUND('',#3339,.T.);
#3339=EDGE_LOOP('',(#3340,#3341,#3342));
#3340=ORIENTED_EDGE('',*,*,#3343,.T.);
#3341=ORIENTED_EDGE('',*,*,#3344,.T.);
#3342=ORIENTED_EDGE('',*,*,#3345,.T.);
#3343=EDGE_CURVE('',#1400,#1402,#3346,.F.);
#3344=EDGE_CURVE('',#1402,#1404,#3347,.T.);
#3345=EDGE_CURVE('',#1404,#1400,#3348,.T.);
#3346=LINE('',#1399,#3349);
#3347=LINE('',#1401,#3350);
#3348=LINE('',#1403,#3351);
#3349=VECTOR('',#3352,1.0);
#3350=VECTOR('',#3353,1.0);
#3351=VECTOR('',#3354,1.0);
#3352=DIRECTION('',(0,0,-1));
#3353=DIRECTION('',(0,-1,6.548191502090844E-17));
#3354=DIRECTION('',(0,0.9993718999238741,0.035437348130837425));
#3355=FACE_SURFACE('',(#3360),#3356,.T.);
#3356=PLANE('',#3357);
#3357=AXIS2_PLACEMENT_3D('',#1399,#3358,#3359);
#3358=DIRECTION('',(-1,-0,0));
#3359=DIRECTION('',(0,-0.9993718999238741,-0.035437348130837425));
#3360=FACE_BOUND('',#3361,.T.);
#3361=EDGE_LOOP('',(#3362,#3363,#3364));
#3362=ORIENTED_EDGE('',*,*,#3365,.T.);
#3363=ORIENTED_EDGE('',*,*,#3366,.T.);
#3364=ORIENTED_EDGE('',*,*,#3367,.T.);
#3365=EDGE_CURVE('',#1400,#1404,#3368,.F.);
#3366=EDGE_CURVE('',#1404,#1406,#3369,.T.);
#3367=EDGE_CURVE('',#1406,#1400,#3370,.T.);
#3368=LINE('',#1399,#3371);
#3369=LINE('',#1403,#3372);
#3370=LINE('',#1405,#3373);
#3371=VECTOR('',#3374,1.0);
#3372=VECTOR('',#3375,1.0);
#3373=VECTOR('',#3376,1.0);
#3374=DIRECTION('',(0,-0.9993718999238741,-0.035437348130837425));
#3375=DIRECTION('',(0,0,1));
#3376=DIRECTION('',(0,0.9990683901239907,-0.04315497485872587));
#3377=FACE_SURFACE('',(#3382),#3378,.T.);
#3378=PLANE('',#3379);
#3379=AXIS2_PLACEMENT_3D('',#1407,#3380,#3381);
#3380=DIRECTION('',(-1,-0,-0));
#3381=DIRECTION('',(0,0,-1));
#3382=FACE_BOUND('',#3383,.T.);
#3383=EDGE_LOOP('',(#3384,#3385,#3386));
#3384=ORIENTED_EDGE('',*,*,#3387,.T.);
#3385=ORIENTED_EDGE('',*,*,#3388,.T.);
#3386=ORIENTED_EDGE('',*,*,#3389,.T.);
#3387=EDGE_CURVE('',#1408,#1400,#3390,.F.);
#3388=EDGE_CURVE('',#1400,#1406,#3391,.T.);
#3389=EDGE_CURVE('',#1406,#1408,#3392,.T.);
#3390=LINE('',#1407,#3393);
#3391=LINE('',#1399,#3394);
#3392=LINE('',#1405,#3395);
#3393=VECTOR('',#3396,1.0);
#3394=VECTOR('',#3397,1.0);
#3395=VECTOR('',#3398,1.0);
#3396=DIRECTION('',(0,0,-1));
#3397=DIRECTION('',(0,-0.9990683901239907,0.04315497485872587));
#3398=DIRECTION('',(0,1,-1.9166144604448222E-09));
#3399=FACE_SURFACE('',(#3404),#3400,.T.);
#3400=PLANE('',#3401);
#3401=AXIS2_PLACEMENT_3D('',#1409,#3402,#3403);
#3402=DIRECTION('',(-1,0,0));
#3403=DIRECTION('',(0,-1,0));
#3404=FACE_BOUND('',#3405,.T.);
#3405=EDGE_LOOP('',(#3406,#3407,#3408));
#3406=ORIENTED_EDGE('',*,*,#3409,.T.);
#3407=ORIENTED_EDGE('',*,*,#3410,.T.);
#3408=ORIENTED_EDGE('',*,*,#3411,.T.);
#3409=EDGE_CURVE('',#1410,#1408,#3412,.F.);
#3410=EDGE_CURVE('',#1408,#1406,#3413,.T.);
#3411=EDGE_CURVE('',#1406,#1410,#3414,.T.);
#3412=LINE('',#1409,#3415);
#3413=LINE('',#1407,#3416);
#3414=LINE('',#1405,#3417);
#3415=VECTOR('',#3418,1.0);
#3416=VECTOR('',#3419,1.0);
#3417=VECTOR('',#3420,1.0);
#3418=DIRECTION('',(0,-1,0));
#3419=DIRECTION('',(0,-1,1.9166144604448222E-09));
#3420=DIRECTION('',(0,1,-1.8821641453574E-09));
#3421=FACE_SURFACE('',(#3426),#3422,.T.);
#3422=PLANE('',#3423);
#3423=AXIS2_PLACEMENT_3D('',#1391,#3424,#3425);
#3424=DIRECTION('',(-1,0,0));
#3425=DIRECTION('',(0,-1,6.384853738151729E-17));
#3426=FACE_BOUND('',#3427,.T.);
#3427=EDGE_LOOP('',(#3428,#3429,#3430));
#3428=ORIENTED_EDGE('',*,*,#3431,.T.);
#3429=ORIENTED_EDGE('',*,*,#3432,.T.);
#3430=ORIENTED_EDGE('',*,*,#3433,.T.);
#3431=EDGE_CURVE('',#1392,#1412,#3434,.F.);
#3432=EDGE_CURVE('',#1412,#1414,#3435,.T.);
#3433=EDGE_CURVE('',#1414,#1392,#3436,.T.);
#3434=LINE('',#1391,#3437);
#3435=LINE('',#1411,#3438);
#3436=LINE('',#1413,#3439);
#3437=VECTOR('',#3440,1.0);
#3438=VECTOR('',#3441,1.0);
#3439=VECTOR('',#3442,1.0);
#3440=DIRECTION('',(0,-1,6.384853738151729E-17));
#3441=DIRECTION('',(0,0,1));
#3442=DIRECTION('',(0,0.9948123843993626,-0.10172669190362378));
#3443=FACE_SURFACE('',(#3448),#3444,.T.);
#3444=PLANE('',#3445);
#3445=AXIS2_PLACEMENT_3D('',#1413,#3446,#3447);
#3446=DIRECTION('',(-1,0,0));
#3447=DIRECTION('',(0,-1,0));
#3448=FACE_BOUND('',#3449,.T.);
#3449=EDGE_LOOP('',(#3450,#3451,#3452));
#3450=ORIENTED_EDGE('',*,*,#3453,.T.);
#3451=ORIENTED_EDGE('',*,*,#3454,.T.);
#3452=ORIENTED_EDGE('',*,*,#3455,.T.);
#3453=EDGE_CURVE('',#1414,#1410,#3456,.F.);
#3454=EDGE_CURVE('',#1410,#1406,#3457,.T.);
#3455=EDGE_CURVE('',#1406,#1414,#3458,.T.);
#3456=LINE('',#1413,#3459);
#3457=LINE('',#1409,#3460);
#3458=LINE('',#1405,#3461);
#3459=VECTOR('',#3462,1.0);
#3460=VECTOR('',#3463,1.0);
#3461=VECTOR('',#3464,1.0);
#3462=DIRECTION('',(0,-1,0));
#3463=DIRECTION('',(0,-1,1.8821641453574E-09));
#3464=DIRECTION('',(0,1,-1.822346483713676E-09));
#3465=FACE_SURFACE('',(#3470),#3466,.T.);
#3466=PLANE('',#3467);
#3467=AXIS2_PLACEMENT_3D('',#1393,#3468,#3469);
#3468=DIRECTION('',(-1,0,-0));
#3469=DIRECTION('',(0,0,-1));
#3470=FACE_BOUND('',#3471,.T.);
#3471=EDGE_LOOP('',(#3472,#3473,#3474));
#3472=ORIENTED_EDGE('',*,*,#3475,.T.);
#3473=ORIENTED_EDGE('',*,*,#3476,.T.);
#3474=ORIENTED_EDGE('',*,*,#3477,.T.);
#3475=EDGE_CURVE('',#1394,#1392,#3478,.F.);
#3476=EDGE_CURVE('',#1392,#1414,#3479,.T.);
#3477=EDGE_CURVE('',#1414,#1394,#3480,.T.);
#3478=LINE('',#1393,#3481);
#3479=LINE('',#1391,#3482);
#3480=LINE('',#1413,#3483);
#3481=VECTOR('',#3484,1.0);
#3482=VECTOR('',#3485,1.0);
#3483=VECTOR('',#3486,1.0);
#3484=DIRECTION('',(0,0,-1));
#3485=DIRECTION('',(0,-0.9948123843993626,0.10172669190362378));
#3486=DIRECTION('',(0,0.9866520438892681,0.1628426979914356));
#3487=FACE_SURFACE('',(#3492),#3488,.T.);
#3488=PLANE('',#3489);
#3489=AXIS2_PLACEMENT_3D('',#1415,#3490,#3491);
#3490=DIRECTION('',(-1,0,-0));
#3491=DIRECTION('',(0,1,-4.2686617238366376E-17));
#3492=FACE_BOUND('',#3493,.T.);
#3493=EDGE_LOOP('',(#3494,#3495,#3496));
#3494=ORIENTED_EDGE('',*,*,#3497,.T.);
#3495=ORIENTED_EDGE('',*,*,#3498,.T.);
#3496=ORIENTED_EDGE('',*,*,#3499,.T.);
#3497=EDGE_CURVE('',#1416,#1394,#3500,.F.);
#3498=EDGE_CURVE('',#1394,#1414,#3501,.T.);
#3499=EDGE_CURVE('',#1414,#1416,#3502,.T.);
#3500=LINE('',#1415,#3503);
#3501=LINE('',#1393,#3504);
#3502=LINE('',#1413,#3505);
#3503=VECTOR('',#3506,1.0);
#3504=VECTOR('',#3507,1.0);
#3505=VECTOR('',#3508,1.0);
#3506=DIRECTION('',(0,1,-4.2686617238366376E-17));
#3507=DIRECTION('',(0,-0.9866520438892681,-0.1628426979914356));
#3508=DIRECTION('',(0,0.9498661100282838,0.31265695741457006));
#3509=FACE_SURFACE('',(#3514),#3510,.T.);
#3510=PLANE('',#3511);
#3511=AXIS2_PLACEMENT_3D('',#1415,#3512,#3513);
#3512=DIRECTION('',(-1,0,0));
#3513=DIRECTION('',(0,-0.9498661100282838,-0.31265695741457006));
#3514=FACE_BOUND('',#3515,.T.);
#3515=EDGE_LOOP('',(#3516,#3517,#3518));
#3516=ORIENTED_EDGE('',*,*,#3519,.T.);
#3517=ORIENTED_EDGE('',*,*,#3520,.T.);
#3518=ORIENTED_EDGE('',*,*,#3521,.T.);
#3519=EDGE_CURVE('',#1416,#1414,#3522,.F.);
#3520=EDGE_CURVE('',#1414,#1406,#3523,.T.);
#3521=EDGE_CURVE('',#1406,#1416,#3524,.T.);
#3522=LINE('',#1415,#3525);
#3523=LINE('',#1413,#3526);
#3524=LINE('',#1405,#3527);
#3525=VECTOR('',#3528,1.0);
#3526=VECTOR('',#3529,1.0);
#3527=VECTOR('',#3530,1.0);
#3528=DIRECTION('',(0,-0.9498661100282838,-0.31265695741457006));
#3529=DIRECTION('',(0,-1,1.822346483713676E-09));
#3530=DIRECTION('',(0,0.9961225350089279,0.08797667445060031));
#3531=FACE_SURFACE('',(#3536),#3532,.T.);
#3532=PLANE('',#3533);
#3533=AXIS2_PLACEMENT_3D('',#1397,#3534,#3535);
#3534=DIRECTION('',(-1,0,-0));
#3535=DIRECTION('',(0,0,-1));
#3536=FACE_BOUND('',#3537,.T.);
#3537=EDGE_LOOP('',(#3538,#3539,#3540));
#3538=ORIENTED_EDGE('',*,*,#3541,.T.);
#3539=ORIENTED_EDGE('',*,*,#3542,.T.);
#3540=ORIENTED_EDGE('',*,*,#3543,.T.);
#3541=EDGE_CURVE('',#1398,#1396,#3544,.F.);
#3542=EDGE_CURVE('',#1396,#1418,#3545,.T.);
#3543=EDGE_CURVE('',#1418,#1398,#3546,.T.);
#3544=LINE('',#1397,#3547);
#3545=LINE('',#1395,#3548);
#3546=LINE('',#1417,#3549);
#3547=VECTOR('',#3550,1.0);
#3548=VECTOR('',#3551,1.0);
#3549=VECTOR('',#3552,1.0);
#3550=DIRECTION('',(0,0,-1));
#3551=DIRECTION('',(0,-1,0));
#3552=DIRECTION('',(0,0.9999974430158302,0.0022614070401735112));
#3553=FACE_SURFACE('',(#3558),#3554,.T.);
#3554=PLANE('',#3555);
#3555=AXIS2_PLACEMENT_3D('',#1417,#3556,#3557);
#3556=DIRECTION('',(-1,0,-0));
#3557=DIRECTION('',(0,0,-1));
#3558=FACE_BOUND('',#3559,.T.);
#3559=EDGE_LOOP('',(#3560,#3561,#3562));
#3560=ORIENTED_EDGE('',*,*,#3563,.T.);
#3561=ORIENTED_EDGE('',*,*,#3564,.T.);
#3562=ORIENTED_EDGE('',*,*,#3565,.T.);
#3563=EDGE_CURVE('',#1418,#1416,#3566,.F.);
#3564=EDGE_CURVE('',#1416,#1406,#3567,.T.);
#3565=EDGE_CURVE('',#1406,#1418,#3568,.T.);
#3566=LINE('',#1417,#3569);
#3567=LINE('',#1415,#3570);
#3568=LINE('',#1405,#3571);
#3569=VECTOR('',#3572,1.0);
#3570=VECTOR('',#3573,1.0);
#3571=VECTOR('',#3574,1.0);
#3572=DIRECTION('',(0,0,-1));
#3573=DIRECTION('',(0,-0.9961225350089279,-0.08797667445060031));
#3574=DIRECTION('',(0,0.9939762230204605,0.10959593090064897));
#3575=FACE_SURFACE('',(#3580),#3576,.T.);
#3576=PLANE('',#3577);
#3577=AXIS2_PLACEMENT_3D('',#1417,#3578,#3579);
#3578=DIRECTION('',(-1,0,0));
#3579=DIRECTION('',(0,-0.9939762230204605,-0.10959593090064897));
#3580=FACE_BOUND('',#3581,.T.);
#3581=EDGE_LOOP('',(#3582,#3583,#3584));
#3582=ORIENTED_EDGE('',*,*,#3585,.T.);
#3583=ORIENTED_EDGE('',*,*,#3586,.T.);
#3584=ORIENTED_EDGE('',*,*,#3587,.T.);
#3585=EDGE_CURVE('',#1418,#1406,#3588,.F.);
#3586=EDGE_CURVE('',#1406,#1420,#3589,.T.);
#3587=EDGE_CURVE('',#1420,#1418,#3590,.T.);
#3588=LINE('',#1417,#3591);
#3589=LINE('',#1405,#3592);
#3590=LINE('',#1419,#3593);
#3591=VECTOR('',#3594,1.0);
#3592=VECTOR('',#3595,1.0);
#3593=VECTOR('',#3596,1.0);
#3594=DIRECTION('',(0,-0.9939762230204605,-0.10959593090064897));
#3595=DIRECTION('',(0,-1,1.2244065551016128E-16));
#3596=DIRECTION('',(0,0.9942445651648711,0.1071342365451695));
#3597=FACE_SURFACE('',(#3602),#3598,.T.);
#3598=PLANE('',#3599);
#3599=AXIS2_PLACEMENT_3D('',#1421,#3600,#3601);
#3600=DIRECTION('',(-1,0,0));
#3601=DIRECTION('',(0,1,-4.789320318370767E-17));
#3602=FACE_BOUND('',#3603,.T.);
#3603=EDGE_LOOP('',(#3604,#3605,#3606));
#3604=ORIENTED_EDGE('',*,*,#3607,.T.);
#3605=ORIENTED_EDGE('',*,*,#3608,.T.);
#3606=ORIENTED_EDGE('',*,*,#3609,.T.);
#3607=EDGE_CURVE('',#1422,#1398,#3610,.F.);
#3608=EDGE_CURVE('',#1398,#1418,#3611,.T.);
#3609=EDGE_CURVE('',#1418,#1422,#3612,.T.);
#3610=LINE('',#1421,#3613);
#3611=LINE('',#1397,#3614);
#3612=LINE('',#1417,#3615);
#3613=VECTOR('',#3616,1.0);
#3614=VECTOR('',#3617,1.0);
#3615=VECTOR('',#3618,1.0);
#3616=DIRECTION('',(0,1,-4.789320318370767E-17));
#3617=DIRECTION('',(0,-0.9999974430158302,-0.0022614070401735112));
#3618=DIRECTION('',(0,-0.9999999319597169,0.0003688909887010846));
#3619=FACE_SURFACE('',(#3624),#3620,.T.);
#3620=PLANE('',#3621);
#3621=AXIS2_PLACEMENT_3D('',#1423,#3622,#3623);
#3622=DIRECTION('',(-1,0,0));
#3623=DIRECTION('',(0,-1,5.698355136277091E-17));
#3624=FACE_BOUND('',#3625,.T.);
#3625=EDGE_LOOP('',(#3626,#3627,#3628));
#3626=ORIENTED_EDGE('',*,*,#3629,.T.);
#3627=ORIENTED_EDGE('',*,*,#3630,.T.);
#3628=ORIENTED_EDGE('',*,*,#3631,.T.);
#3629=EDGE_CURVE('',#1424,#1426,#3632,.F.);
#3630=EDGE_CURVE('',#1426,#1422,#3633,.T.);
#3631=EDGE_CURVE('',#1422,#1424,#3634,.T.);
#3632=LINE('',#1423,#3635);
#3633=LINE('',#1425,#3636);
#3634=LINE('',#1421,#3637);
#3635=VECTOR('',#3638,1.0);
#3636=VECTOR('',#3639,1.0);
#3637=VECTOR('',#3640,1.0);
#3638=DIRECTION('',(0,-1,5.698355136277091E-17));
#3639=DIRECTION('',(0,0,1));
#3640=DIRECTION('',(0,0.9639183909841856,-0.26619792546610666));
#3641=FACE_SURFACE('',(#3646),#3642,.T.);
#3642=PLANE('',#3643);
#3643=AXIS2_PLACEMENT_3D('',#1417,#3644,#3645);
#3644=DIRECTION('',(-1,0,0));
#3645=DIRECTION('',(0,-0.9942445651648711,-0.1071342365451695));
#3646=FACE_BOUND('',#3647,.T.);
#3647=EDGE_LOOP('',(#3648,#3649,#3650));
#3648=ORIENTED_EDGE('',*,*,#3651,.T.);
#3649=ORIENTED_EDGE('',*,*,#3652,.T.);
#3650=ORIENTED_EDGE('',*,*,#3653,.T.);
#3651=EDGE_CURVE('',#1418,#1420,#3654,.F.);
#3652=EDGE_CURVE('',#1420,#1428,#3655,.T.);
#3653=EDGE_CURVE('',#1428,#1418,#3656,.T.);
#3654=LINE('',#1417,#3657);
#3655=LINE('',#1419,#3658);
#3656=LINE('',#1427,#3659);
#3657=VECTOR('',#3660,1.0);
#3658=VECTOR('',#3661,1.0);
#3659=VECTOR('',#3662,1.0);
#3660=DIRECTION('',(0,-0.9942445651648711,-0.1071342365451695));
#3661=DIRECTION('',(0,-1,0));
#3662=DIRECTION('',(0,0.9943839976181544,0.10583225066556047));
#3663=FACE_SURFACE('',(#3668),#3664,.T.);
#3664=PLANE('',#3665);
#3665=AXIS2_PLACEMENT_3D('',#1427,#3666,#3667);
#3666=DIRECTION('',(-1,-0,-0));
#3667=DIRECTION('',(0,0,-1));
#3668=FACE_BOUND('',#3669,.T.);
#3669=EDGE_LOOP('',(#3670,#3671,#3672));
#3670=ORIENTED_EDGE('',*,*,#3673,.T.);
#3671=ORIENTED_EDGE('',*,*,#3674,.T.);
#3672=ORIENTED_EDGE('',*,*,#3675,.T.);
#3673=EDGE_CURVE('',#1428,#1424,#3676,.F.);
#3674=EDGE_CURVE('',#1424,#1422,#3677,.T.);
#3675=EDGE_CURVE('',#1422,#1428,#3678,.T.);
#3676=LINE('',#1427,#3679);
#3677=LINE('',#1423,#3680);
#3678=LINE('',#1421,#3681);
#3679=VECTOR('',#3682,1.0);
#3680=VECTOR('',#3683,1.0);
#3681=VECTOR('',#3684,1.0);
#3682=DIRECTION('',(0,0,-1));
#3683=DIRECTION('',(0,-0.9639183909841856,0.26619792546610666));
#3684=DIRECTION('',(0,0.9833322097073344,-0.18181794562718753));
#3685=FACE_SURFACE('',(#3690),#3686,.T.);
#3686=PLANE('',#3687);
#3687=AXIS2_PLACEMENT_3D('',#1427,#3688,#3689);
#3688=DIRECTION('',(-1,0,0));
#3689=DIRECTION('',(0,-0.9833322097073344,0.18181794562718753));
#3690=FACE_BOUND('',#3691,.T.);
#3691=EDGE_LOOP('',(#3692,#3693,#3694));
#3692=ORIENTED_EDGE('',*,*,#3695,.T.);
#3693=ORIENTED_EDGE('',*,*,#3696,.T.);
#3694=ORIENTED_EDGE('',*,*,#3697,.T.);
#3695=EDGE_CURVE('',#1428,#1422,#3698,.F.);
#3696=EDGE_CURVE('',#1422,#1418,#3699,.T.);
#3697=EDGE_CURVE('',#1418,#1428,#3700,.T.);
#3698=LINE('',#1427,#3701);
#3699=LINE('',#1421,#3702);
#3700=LINE('',#1417,#3703);
#3701=VECTOR('',#3704,1.0);
#3702=VECTOR('',#3705,1.0);
#3703=VECTOR('',#3706,1.0);
#3704=DIRECTION('',(0,-0.9833322097073344,0.18181794562718753));
#3705=DIRECTION('',(0,0.9999999319597169,-0.0003688909887010846));
#3706=DIRECTION('',(0,-0.9943839976181544,-0.10583225066556047));
#3707=FACE_SURFACE('',(#3712),#3708,.T.);
#3708=PLANE('',#3709);
#3709=AXIS2_PLACEMENT_3D('',#1399,#3710,#3711);
#3710=DIRECTION('',(NaN,NaN,NaN));
#3711=DIRECTION('',(0,0,-1));
#3712=FACE_BOUND('',#3713,.T.);
#3713=EDGE_LOOP('',(#3714,#3715,#3716));
#3714=ORIENTED_EDGE('',*,*,#3717,.T.);
#3715=ORIENTED_EDGE('',*,*,#3718,.T.);
#3716=ORIENTED_EDGE('',*,*,#3719,.T.);
#3717=EDGE_CURVE('',#1400,#1402,#3720,.F.);
#3718=EDGE_CURVE('',#1402,#1402,#3721,.T.);
#3719=EDGE_CURVE('',#1402,#1400,#3722,.T.);
#3720=LINE('',#1399,#3723);
#3721=LINE('',#1401,#3724);
#3722=LINE('',#1401,#3725);
#3723=VECTOR('',#3726,1.0);
#3724=VECTOR('',#3727,1.0);
#3725=VECTOR('',#3728,1.0);
#3726=DIRECTION('',(0,0,-1));
#3727=DIRECTION('',(NaN,NaN,NaN));
#3728=DIRECTION('',(0,0,1));
#3729=FACE_SURFACE('',(#3734),#3730,.T.);
#3730=PLANE('',#3731);
#3731=AXIS2_PLACEMENT_3D('',#1425,#3732,#3733);
#3732=DIRECTION('',(0,1,0));
#3733=DIRECTION('',(-1,0,0));
#3734=FACE_BOUND('',#3735,.T.);
#3735=EDGE_LOOP('',(#3736,#3737,#3738));
#3736=ORIENTED_EDGE('',*,*,#3739,.T.);
#3737=ORIENTED_EDGE('',*,*,#3740,.T.);
#3738=ORIENTED_EDGE('',*,*,#3741,.T.);
#3739=EDGE_CURVE('',#1426,#1430,#3742,.F.);
#3740=EDGE_CURVE('',#1430,#1432,#3743,.T.);
#3741=EDGE_CURVE('',#1432,#1426,#3744,.T.);
#3742=LINE('',#1425,#3745);
#3743=LINE('',#1429,#3746);
#3744=LINE('',#1431,#3747);
#3745=VECTOR('',#3748,1.0);
#3746=VECTOR('',#3749,1.0);
#3747=VECTOR('',#3750,1.0);
#3748=DIRECTION('',(-1,0,0));
#3749=DIRECTION('',(0,0,1));
#3750=DIRECTION('',(0.9995637162640039,0,-0.029536031021343));
#3751=FACE_SURFACE('',(#3756),#3752,.T.);
#3752=PLANE('',#3753);
#3753=AXIS2_PLACEMENT_3D('',#1425,#3754,#3755);
#3754=DIRECTION('',(0,1,-0));
#3755=DIRECTION('',(-0.9995637162640039,0,0.029536031021343));
#3756=FACE_BOUND('',#3757,.T.);
#3757=EDGE_LOOP('',(#3758,#3759,#3760));
#3758=ORIENTED_EDGE('',*,*,#3761,.T.);
#3759=ORIENTED_EDGE('',*,*,#3762,.T.);
#3760=ORIENTED_EDGE('',*,*,#3763,.T.);
#3761=EDGE_CURVE('',#1426,#1432,#3764,.F.);
#3762=EDGE_CURVE('',#1432,#1422,#3765,.T.);
#3763=EDGE_CURVE('',#1422,#1426,#3766,.T.);
#3764=LINE('',#1425,#3767);
#3765=LINE('',#1431,#3768);
#3766=LINE('',#1421,#3769);
#3767=VECTOR('',#3770,1.0);
#3768=VECTOR('',#3771,1.0);
#3769=VECTOR('',#3772,1.0);
#3770=DIRECTION('',(-0.9995637162640039,0,0.029536031021343));
#3771=DIRECTION('',(1,0,0));
#3772=DIRECTION('',(0,0,-1));
#3773=FACE_SURFACE('',(#3778),#3774,.T.);
#3774=PLANE('',#3775);
#3775=AXIS2_PLACEMENT_3D('',#1433,#3776,#3777);
#3776=DIRECTION('',(0,5.698355136277091E-17,1));
#3777=DIRECTION('',(0,-1,5.698355136277091E-17));
#3778=FACE_BOUND('',#3779,.T.);
#3779=EDGE_LOOP('',(#3780,#3781,#3782));
#3780=ORIENTED_EDGE('',*,*,#3783,.T.);
#3781=ORIENTED_EDGE('',*,*,#3784,.T.);
#3782=ORIENTED_EDGE('',*,*,#3785,.T.);
#3783=EDGE_CURVE('',#1434,#1436,#3786,.F.);
#3784=EDGE_CURVE('',#1436,#1426,#3787,.T.);
#3785=EDGE_CURVE('',#1426,#1434,#3788,.T.);
#3786=LINE('',#1433,#3789);
#3787=LINE('',#1435,#3790);
#3788=LINE('',#1425,#3791);
#3789=VECTOR('',#3792,1.0);
#3790=VECTOR('',#3793,1.0);
#3791=VECTOR('',#3794,1.0);
#3792=DIRECTION('',(0,-1,5.698355136277091E-17));
#3793=DIRECTION('',(1,0,0));
#3794=DIRECTION('',(-0.9943243596324247,0.10639110790648112,-6.062543161931069E-18));
#3795=FACE_SURFACE('',(#3800),#3796,.T.);
#3796=PLANE('',#3797);
#3797=AXIS2_PLACEMENT_3D('',#1433,#3798,#3799);
#3798=DIRECTION('',(-0,5.698355136277091E-17,1));
#3799=DIRECTION('',(0.9943243596324247,-0.10639110790648112,6.062543161931069E-18));
#3800=FACE_BOUND('',#3801,.T.);
#3801=EDGE_LOOP('',(#3802,#3803,#3804));
#3802=ORIENTED_EDGE('',*,*,#3805,.T.);
#3803=ORIENTED_EDGE('',*,*,#3806,.T.);
#3804=ORIENTED_EDGE('',*,*,#3807,.T.);
#3805=EDGE_CURVE('',#1434,#1426,#3808,.F.);
#3806=EDGE_CURVE('',#1426,#1424,#3809,.T.);
#3807=EDGE_CURVE('',#1424,#1434,#3810,.T.);
#3808=LINE('',#1433,#3811);
#3809=LINE('',#1425,#3812);
#3810=LINE('',#1423,#3813);
#3811=VECTOR('',#3814,1.0);
#3812=VECTOR('',#3815,1.0);
#3813=VECTOR('',#3816,1.0);
#3814=DIRECTION('',(0.9943243596324247,-0.10639110790648112,6.062543161931069E-18));
#3815=DIRECTION('',(0,1,-5.698355136277091E-17));
#3816=DIRECTION('',(-1,0,0));
#3817=FACE_SURFACE('',(#3822),#3818,.T.);
#3818=PLANE('',#3819);
#3819=AXIS2_PLACEMENT_3D('',#1437,#3820,#3821);
#3820=DIRECTION('',(0,6.548191502090844E-17,1));
#3821=DIRECTION('',(0,-1,6.548191502090844E-17));
#3822=FACE_BOUND('',#3823,.T.);
#3823=EDGE_LOOP('',(#3824,#3825,#3826));
#3824=ORIENTED_EDGE('',*,*,#3827,.T.);
#3825=ORIENTED_EDGE('',*,*,#3828,.T.);
#3826=ORIENTED_EDGE('',*,*,#3829,.T.);
#3827=EDGE_CURVE('',#1438,#1440,#3830,.F.);
#3828=EDGE_CURVE('',#1440,#1404,#3831,.T.);
#3829=EDGE_CURVE('',#1404,#1438,#3832,.T.);
#3830=LINE('',#1437,#3833);
#3831=LINE('',#1439,#3834);
#3832=LINE('',#1403,#3835);
#3833=VECTOR('',#3836,1.0);
#3834=VECTOR('',#3837,1.0);
#3835=VECTOR('',#3838,1.0);
#3836=DIRECTION('',(0,-1,6.548191502090844E-17));
#3837=DIRECTION('',(1,0,0));
#3838=DIRECTION('',(-0.9923814374824068,0.12320341935332785,-8.067595836379961E-18));
#3839=FACE_SURFACE('',(#3844),#3840,.T.);
#3840=PLANE('',#3841);
#3841=AXIS2_PLACEMENT_3D('',#1437,#3842,#3843);
#3842=DIRECTION('',(-0,6.548191502090844E-17,1));
#3843=DIRECTION('',(0.9923814374824068,-0.12320341935332785,8.067595836379961E-18));
#3844=FACE_BOUND('',#3845,.T.);
#3845=EDGE_LOOP('',(#3846,#3847,#3848));
#3846=ORIENTED_EDGE('',*,*,#3849,.T.);
#3847=ORIENTED_EDGE('',*,*,#3850,.T.);
#3848=ORIENTED_EDGE('',*,*,#3851,.T.);
#3849=EDGE_CURVE('',#1438,#1404,#3852,.F.);
#3850=EDGE_CURVE('',#1404,#1402,#3853,.T.);
#3851=EDGE_CURVE('',#1402,#1438,#3854,.T.);
#3852=LINE('',#1437,#3855);
#3853=LINE('',#1403,#3856);
#3854=LINE('',#1401,#3857);
#3855=VECTOR('',#3858,1.0);
#3856=VECTOR('',#3859,1.0);
#3857=VECTOR('',#3860,1.0);
#3858=DIRECTION('',(0.9923814374824068,-0.12320341935332785,8.067595836379961E-18));
#3859=DIRECTION('',(0,1,-6.548191502090844E-17));
#3860=DIRECTION('',(-1,0,0));
#3861=FACE_SURFACE('',(#3866),#3862,.T.);
#3862=PLANE('',#3863);
#3863=AXIS2_PLACEMENT_3D('',#1441,#3864,#3865);
#3864=DIRECTION('',(-0,6.38485373815173E-17,1));
#3865=DIRECTION('',(1,0,0));
#3866=FACE_BOUND('',#3867,.T.);
#3867=EDGE_LOOP('',(#3868,#3869,#3870));
#3868=ORIENTED_EDGE('',*,*,#3871,.T.);
#3869=ORIENTED_EDGE('',*,*,#3872,.T.);
#3870=ORIENTED_EDGE('',*,*,#3873,.T.);
#3871=EDGE_CURVE('',#1442,#1412,#3874,.F.);
#3872=EDGE_CURVE('',#1412,#1392,#3875,.T.);
#3873=EDGE_CURVE('',#1392,#1442,#3876,.T.);
#3874=LINE('',#1441,#3877);
#3875=LINE('',#1411,#3878);
#3876=LINE('',#1391,#3879);
#3877=VECTOR('',#3880,1.0);
#3878=VECTOR('',#3881,1.0);
#3879=VECTOR('',#3882,1.0);
#3880=DIRECTION('',(1,0,0));
#3881=DIRECTION('',(0,1,-6.384853738151729E-17));
#3882=DIRECTION('',(-0.9954714028255837,-0.09506148618901564,6.0695368544819546E-18));
#3883=FACE_SURFACE('',(#3888),#3884,.T.);
#3884=PLANE('',#3885);
#3885=AXIS2_PLACEMENT_3D('',#1391,#3886,#3887);
#3886=DIRECTION('',(0,1.0392443791740975E-16,1));
#3887=DIRECTION('',(-1,0,0));
#3888=FACE_BOUND('',#3889,.T.);
#3889=EDGE_LOOP('',(#3890,#3891,#3892));
#3890=ORIENTED_EDGE('',*,*,#3893,.T.);
#3891=ORIENTED_EDGE('',*,*,#3894,.T.);
#3892=ORIENTED_EDGE('',*,*,#3895,.T.);
#3893=EDGE_CURVE('',#1392,#1444,#3896,.F.);
#3894=EDGE_CURVE('',#1444,#1446,#3897,.T.);
#3895=EDGE_CURVE('',#1446,#1392,#3898,.T.);
#3896=LINE('',#1391,#3899);
#3897=LINE('',#1443,#3900);
#3898=LINE('',#1445,#3901);
#3899=VECTOR('',#3902,1.0);
#3900=VECTOR('',#3903,1.0);
#3901=VECTOR('',#3904,1.0);
#3902=DIRECTION('',(-1,0,0));
#3903=DIRECTION('',(0,-1,1.0392443791740973E-16));
#3904=DIRECTION('',(0.9998088293993472,0.019552612488023785,-2.031994262634798E-18));
#3905=FACE_SURFACE('',(#3910),#3906,.T.);
#3906=PLANE('',#3907);
#3907=AXIS2_PLACEMENT_3D('',#1391,#3908,#3909);
#3908=DIRECTION('',(0,1.039244379174108E-16,1));
#3909=DIRECTION('',(-0.9998088293993472,-0.019552612488023785,2.031994262634798E-18));
#3910=FACE_BOUND('',#3911,.T.);
#3911=EDGE_LOOP('',(#3912,#3913,#3914));
#3912=ORIENTED_EDGE('',*,*,#3915,.T.);
#3913=ORIENTED_EDGE('',*,*,#3916,.T.);
#3914=ORIENTED_EDGE('',*,*,#3917,.T.);
#3915=EDGE_CURVE('',#1392,#1446,#3918,.F.);
#3916=EDGE_CURVE('',#1446,#1448,#3919,.T.);
#3917=EDGE_CURVE('',#1448,#1392,#3920,.T.);
#3918=LINE('',#1391,#3921);
#3919=LINE('',#1445,#3922);
#3920=LINE('',#1447,#3923);
#3921=VECTOR('',#3924,1.0);
#3922=VECTOR('',#3925,1.0);
#3923=VECTOR('',#3926,1.0);
#3924=DIRECTION('',(-0.9998088293993472,-0.019552612488023785,2.031994262634798E-18));
#3925=DIRECTION('',(1,0,0));
#3926=DIRECTION('',(0.9998074481087197,0.019623116631401604,-2.0393213661061866E-18));
#3927=FACE_SURFACE('',(#3932),#3928,.T.);
#3928=PLANE('',#3929);
#3929=AXIS2_PLACEMENT_3D('',#1449,#3930,#3931);
#3930=DIRECTION('',(0,6.762479779233795E-17,1));
#3931=DIRECTION('',(-1,0,0));
#3932=FACE_BOUND('',#3933,.T.);
#3933=EDGE_LOOP('',(#3934,#3935,#3936));
#3934=ORIENTED_EDGE('',*,*,#3937,.T.);
#3935=ORIENTED_EDGE('',*,*,#3938,.T.);
#3936=ORIENTED_EDGE('',*,*,#3939,.T.);
#3937=EDGE_CURVE('',#1450,#1452,#3940,.F.);
#3938=EDGE_CURVE('',#1452,#1442,#3941,.T.);
#3939=EDGE_CURVE('',#1442,#1450,#3942,.T.);
#3940=LINE('',#1449,#3943);
#3941=LINE('',#1451,#3944);
#3942=LINE('',#1441,#3945);
#3943=VECTOR('',#3946,1.0);
#3944=VECTOR('',#3947,1.0);
#3945=VECTOR('',#3948,1.0);
#3946=DIRECTION('',(-1,0,0));
#3947=DIRECTION('',(0,-1,6.762479779233795E-17));
#3948=DIRECTION('',(0.05969093948154821,0.9982169061600841,-6.750421643196887E-17));
#3949=FACE_SURFACE('',(#3954),#3950,.T.);
#3950=PLANE('',#3951);
#3951=AXIS2_PLACEMENT_3D('',#1391,#3952,#3953);
#3952=DIRECTION('',(2.0397141169170703E-18,0,1));
#3953=DIRECTION('',(-0.9998074481087197,-0.019623116631401604,2.0393213661061866E-18));
#3954=FACE_BOUND('',#3955,.T.);
#3955=EDGE_LOOP('',(#3956,#3957,#3958));
#3956=ORIENTED_EDGE('',*,*,#3959,.T.);
#3957=ORIENTED_EDGE('',*,*,#3960,.T.);
#3958=ORIENTED_EDGE('',*,*,#3961,.T.);
#3959=EDGE_CURVE('',#1392,#1448,#3962,.F.);
#3960=EDGE_CURVE('',#1448,#1450,#3963,.T.);
#3961=EDGE_CURVE('',#1450,#1392,#3964,.T.);
#3962=LINE('',#1391,#3965);
#3963=LINE('',#1447,#3966);
#3964=LINE('',#1449,#3967);
#3965=VECTOR('',#3968,1.0);
#3966=VECTOR('',#3969,1.0);
#3967=VECTOR('',#3970,1.0);
#3968=DIRECTION('',(-0.9998074481087197,-0.019623116631401604,2.0393213661061866E-18));
#3969=DIRECTION('',(0,-1,0));
#3970=DIRECTION('',(0.9993699749319483,0.03549159343445762,-2.0384290458917536E-18));
#3971=FACE_SURFACE('',(#3976),#3972,.T.);
#3972=PLANE('',#3973);
#3973=AXIS2_PLACEMENT_3D('',#1391,#3974,#3975);
#3974=DIRECTION('',(-3.626810033883569E-19,6.764648523290399E-17,1));
#3975=DIRECTION('',(-0.9993699749319483,-0.03549159343445762,2.0384290458917536E-18));
#3976=FACE_BOUND('',#3977,.T.);
#3977=EDGE_LOOP('',(#3978,#3979,#3980));
#3978=ORIENTED_EDGE('',*,*,#3981,.T.);
#3979=ORIENTED_EDGE('',*,*,#3982,.T.);
#3980=ORIENTED_EDGE('',*,*,#3983,.T.);
#3981=EDGE_CURVE('',#1392,#1450,#3984,.F.);
#3982=EDGE_CURVE('',#1450,#1442,#3985,.T.);
#3983=EDGE_CURVE('',#1442,#1392,#3986,.T.);
#3984=LINE('',#1391,#3987);
#3985=LINE('',#1449,#3988);
#3986=LINE('',#1441,#3989);
#3987=VECTOR('',#3990,1.0);
#3988=VECTOR('',#3991,1.0);
#3989=VECTOR('',#3992,1.0);
#3990=DIRECTION('',(-0.9993699749319483,-0.03549159343445762,2.0384290458917536E-18));
#3991=DIRECTION('',(-0.05969093948154821,-0.9982169061600841,6.750421643196887E-17));
#3992=DIRECTION('',(0.9954714028255837,0.09506148618901564,-6.0695368544819546E-18));
#3993=FACE_SURFACE('',(#3998),#3994,.T.);
#3994=PLANE('',#3995);
#3995=AXIS2_PLACEMENT_3D('',#1453,#3996,#3997);
#3996=DIRECTION('',(0,-0.9984590960280324,0.05549264418717541));
#3997=DIRECTION('',(-1,0,0));
#3998=FACE_BOUND('',#3999,.T.);
#3999=EDGE_LOOP('',(#4000,#4001,#4002));
#4000=ORIENTED_EDGE('',*,*,#4003,.T.);
#4001=ORIENTED_EDGE('',*,*,#4004,.T.);
#4002=ORIENTED_EDGE('',*,*,#4005,.T.);
#4003=EDGE_CURVE('',#1454,#1456,#4006,.F.);
#4004=EDGE_CURVE('',#1456,#1458,#4007,.T.);
#4005=EDGE_CURVE('',#1458,#1454,#4008,.T.);
#4006=LINE('',#1453,#4009);
#4007=LINE('',#1455,#4010);
#4008=LINE('',#1457,#4011);
#4009=VECTOR('',#4012,1.0);
#4010=VECTOR('',#4013,1.0);
#4011=VECTOR('',#4014,1.0);
#4012=DIRECTION('',(-1,0,0));
#4013=DIRECTION('',(0,-0.05549264418717539,-0.9984590960280323));
#4014=DIRECTION('',(0.9124270321778629,0.02270977806851294,0.4086088311957733));
#4015=FACE_SURFACE('',(#4020),#4016,.T.);
#4016=PLANE('',#4017);
#4017=AXIS2_PLACEMENT_3D('',#1453,#4018,#4019);
#4018=DIRECTION('',(0,-0.9984590960280324,0.05549264418717541));
#4019=DIRECTION('',(-0.9124270321778629,-0.02270977806851294,-0.4086088311957733));
#4020=FACE_BOUND('',#4021,.T.);
#4021=EDGE_LOOP('',(#4022,#4023,#4024));
#4022=ORIENTED_EDGE('',*,*,#4025,.T.);
#4023=ORIENTED_EDGE('',*,*,#4026,.T.);
#4024=ORIENTED_EDGE('',*,*,#4027,.T.);
#4025=EDGE_CURVE('',#1454,#1458,#4028,.F.);
#4026=EDGE_CURVE('',#1458,#1460,#4029,.T.);
#4027=EDGE_CURVE('',#1460,#1454,#4030,.T.);
#4028=LINE('',#1453,#4031);
#4029=LINE('',#1457,#4032);
#4030=LINE('',#1459,#4033);
#4031=VECTOR('',#4034,1.0);
#4032=VECTOR('',#4035,1.0);
#4033=VECTOR('',#4036,1.0);
#4034=DIRECTION('',(-0.9124270321778629,-0.02270977806851294,-0.4086088311957733));
#4035=DIRECTION('',(1,0,0));
#4036=DIRECTION('',(0,0.05549264418717539,0.9984590960280323));
#4037=FACE_SURFACE('',(#4042),#4038,.T.);
#4038=PLANE('',#4039);
#4039=AXIS2_PLACEMENT_3D('',#1461,#4040,#4041);
#4040=DIRECTION('',(0,-0.9856628739773061,0.16872669872547472));
#4041=DIRECTION('',(-1,0,0));
#4042=FACE_BOUND('',#4043,.T.);
#4043=EDGE_LOOP('',(#4044,#4045,#4046));
#4044=ORIENTED_EDGE('',*,*,#4047,.T.);
#4045=ORIENTED_EDGE('',*,*,#4048,.T.);
#4046=ORIENTED_EDGE('',*,*,#4049,.T.);
#4047=EDGE_CURVE('',#1462,#1464,#4050,.F.);
#4048=EDGE_CURVE('',#1464,#1466,#4051,.T.);
#4049=EDGE_CURVE('',#1466,#1462,#4052,.T.);
#4050=LINE('',#1461,#4053);
#4051=LINE('',#1463,#4054);
#4052=LINE('',#1465,#4055);
#4053=VECTOR('',#4056,1.0);
#4054=VECTOR('',#4057,1.0);
#4055=VECTOR('',#4058,1.0);
#4056=DIRECTION('',(-1,0,0));
#4057=DIRECTION('',(0,-0.16872669872547472,-0.9856628739773062));
#4058=DIRECTION('',(0.9163657622061943,0.06754839938160721,0.39460233602608547));
#4059=FACE_SURFACE('',(#4064),#4060,.T.);
#4060=PLANE('',#4061);
#4061=AXIS2_PLACEMENT_3D('',#1461,#4062,#4063);
#4062=DIRECTION('',(0,-0.9856628739773061,0.16872669872547472));
#4063=DIRECTION('',(-0.9163657622061943,-0.06754839938160721,-0.39460233602608547));
#4064=FACE_BOUND('',#4065,.T.);
#4065=EDGE_LOOP('',(#4066,#4067,#4068));
#4066=ORIENTED_EDGE('',*,*,#4069,.T.);
#4067=ORIENTED_EDGE('',*,*,#4070,.T.);
#4068=ORIENTED_EDGE('',*,*,#4071,.T.);
#4069=EDGE_CURVE('',#1462,#1466,#4072,.F.);
#4070=EDGE_CURVE('',#1466,#1468,#4073,.T.);
#4071=EDGE_CURVE('',#1468,#1462,#4074,.T.);
#4072=LINE('',#1461,#4075);
#4073=LINE('',#1465,#4076);
#4074=LINE('',#1467,#4077);
#4075=VECTOR('',#4078,1.0);
#4076=VECTOR('',#4079,1.0);
#4077=VECTOR('',#4080,1.0);
#4078=DIRECTION('',(-0.9163657622061943,-0.06754839938160721,-0.39460233602608547));
#4079=DIRECTION('',(1,0,0));
#4080=DIRECTION('',(0,0.16872669872547472,0.9856628739773062));
#4081=FACE_SURFACE('',(#4086),#4082,.T.);
#4082=PLANE('',#4083);
#4083=AXIS2_PLACEMENT_3D('',#1467,#4084,#4085);
#4084=DIRECTION('',(0,-0.9573980497107872,0.2887714916850016));
#4085=DIRECTION('',(-1,0,0));
#4086=FACE_BOUND('',#4087,.T.);
#4087=EDGE_LOOP('',(#4088,#4089,#4090));
#4088=ORIENTED_EDGE('',*,*,#4091,.T.);
#4089=ORIENTED_EDGE('',*,*,#4092,.T.);
#4090=ORIENTED_EDGE('',*,*,#4093,.T.);
#4091=EDGE_CURVE('',#1468,#1466,#4094,.F.);
#4092=EDGE_CURVE('',#1466,#1470,#4095,.T.);
#4093=EDGE_CURVE('',#1470,#1468,#4096,.T.);
#4094=LINE('',#1467,#4097);
#4095=LINE('',#1465,#4098);
#4096=LINE('',#1469,#4099);
#4097=VECTOR('',#4100,1.0);
#4098=VECTOR('',#4101,1.0);
#4099=VECTOR('',#4102,1.0);
#4100=DIRECTION('',(-1,0,0));
#4101=DIRECTION('',(0,-0.28877149168500166,-0.9573980497107873));
#4102=DIRECTION('',(0.9237801975995052,0.11057729213604298,0.36660988664639044));
#4103=FACE_SURFACE('',(#4108),#4104,.T.);
#4104=PLANE('',#4105);
#4105=AXIS2_PLACEMENT_3D('',#1467,#4106,#4107);
#4106=DIRECTION('',(0,-0.9573980497107872,0.2887714916850016));
#4107=DIRECTION('',(-0.9237801975995052,-0.11057729213604298,-0.36660988664639044));
#4108=FACE_BOUND('',#4109,.T.);
#4109=EDGE_LOOP('',(#4110,#4111,#4112));
#4110=ORIENTED_EDGE('',*,*,#4113,.T.);
#4111=ORIENTED_EDGE('',*,*,#4114,.T.);
#4112=ORIENTED_EDGE('',*,*,#4115,.T.);
#4113=EDGE_CURVE('',#1468,#1470,#4116,.F.);
#4114=EDGE_CURVE('',#1470,#1472,#4117,.T.);
#4115=EDGE_CURVE('',#1472,#1468,#4118,.T.);
#4116=LINE('',#1467,#4119);
#4117=LINE('',#1469,#4120);
#4118=LINE('',#1471,#4121);
#4119=VECTOR('',#4122,1.0);
#4120=VECTOR('',#4123,1.0);
#4121=VECTOR('',#4124,1.0);
#4122=DIRECTION('',(-0.9237801975995052,-0.11057729213604298,-0.36660988664639044));
#4123=DIRECTION('',(1,0,0));
#4124=DIRECTION('',(0,0.28877149168500166,0.9573980497107873));
#4125=FACE_SURFACE('',(#4130),#4126,.T.);
#4126=PLANE('',#4127);
#4127=AXIS2_PLACEMENT_3D('',#1473,#4128,#4129);
#4128=DIRECTION('',(0,-0.9074251594374488,0.42021373135574785));
#4129=DIRECTION('',(-1,0,0));
#4130=FACE_BOUND('',#4131,.T.);
#4131=EDGE_LOOP('',(#4132,#4133,#4134));
#4132=ORIENTED_EDGE('',*,*,#4135,.T.);
#4133=ORIENTED_EDGE('',*,*,#4136,.T.);
#4134=ORIENTED_EDGE('',*,*,#4137,.T.);
#4135=EDGE_CURVE('',#1474,#1476,#4138,.F.);
#4136=EDGE_CURVE('',#1476,#1478,#4139,.T.);
#4137=EDGE_CURVE('',#1478,#1474,#4140,.T.);
#4138=LINE('',#1473,#4141);
#4139=LINE('',#1475,#4142);
#4140=LINE('',#1477,#4143);
#4141=VECTOR('',#4144,1.0);
#4142=VECTOR('',#4145,1.0);
#4143=VECTOR('',#4146,1.0);
#4144=DIRECTION('',(-1,0,0));
#4145=DIRECTION('',(0,-0.4202137313557478,-0.9074251594374487));
#4146=DIRECTION('',(0.9337450175486943,0.15041083258945892,0.3248027457438351));
#4147=FACE_SURFACE('',(#4152),#4148,.T.);
#4148=PLANE('',#4149);
#4149=AXIS2_PLACEMENT_3D('',#1473,#4150,#4151);
#4150=DIRECTION('',(0,-0.9074251594374488,0.42021373135574785));
#4151=DIRECTION('',(-0.9337450175486943,-0.15041083258945892,-0.3248027457438351));
#4152=FACE_BOUND('',#4153,.T.);
#4153=EDGE_LOOP('',(#4154,#4155,#4156));
#4154=ORIENTED_EDGE('',*,*,#4157,.T.);
#4155=ORIENTED_EDGE('',*,*,#4158,.T.);
#4156=ORIENTED_EDGE('',*,*,#4159,.T.);
#4157=EDGE_CURVE('',#1474,#1478,#4160,.F.);
#4158=EDGE_CURVE('',#1478,#1480,#4161,.T.);
#4159=EDGE_CURVE('',#1480,#1474,#4162,.T.);
#4160=LINE('',#1473,#4163);
#4161=LINE('',#1477,#4164);
#4162=LINE('',#1479,#4165);
#4163=VECTOR('',#4166,1.0);
#4164=VECTOR('',#4167,1.0);
#4165=VECTOR('',#4168,1.0);
#4166=DIRECTION('',(-0.9337450175486943,-0.15041083258945892,-0.3248027457438351));
#4167=DIRECTION('',(1,0,0));
#4168=DIRECTION('',(0,0.4202137313557478,0.9074251594374487));
#4169=FACE_SURFACE('',(#4174),#4170,.T.);
#4170=PLANE('',#4171);
#4171=AXIS2_PLACEMENT_3D('',#1479,#4172,#4173);
#4172=DIRECTION('',(0,-0.824004473006805,0.5665832934924727));
#4173=DIRECTION('',(-1,0,0));
#4174=FACE_BOUND('',#4175,.T.);
#4175=EDGE_LOOP('',(#4176,#4177,#4178));
#4176=ORIENTED_EDGE('',*,*,#4179,.T.);
#4177=ORIENTED_EDGE('',*,*,#4180,.T.);
#4178=ORIENTED_EDGE('',*,*,#4181,.T.);
#4179=EDGE_CURVE('',#1480,#1478,#4182,.F.);
#4180=EDGE_CURVE('',#1478,#1482,#4183,.T.);
#4181=EDGE_CURVE('',#1482,#1480,#4184,.T.);
#4182=LINE('',#1479,#4185);
#4183=LINE('',#1477,#4186);
#4184=LINE('',#1481,#4187);
#4185=VECTOR('',#4188,1.0);
#4186=VECTOR('',#4189,1.0);
#4187=VECTOR('',#4190,1.0);
#4188=DIRECTION('',(-1,0,0));
#4189=DIRECTION('',(0,-0.5665832934924727,-0.8240044730068049));
#4190=DIRECTION('',(0.9449008638967203,0.18547479255469443,0.26974332009157254));
#4191=FACE_SURFACE('',(#4196),#4192,.T.);
#4192=PLANE('',#4193);
#4193=AXIS2_PLACEMENT_3D('',#1479,#4194,#4195);
#4194=DIRECTION('',(0,-0.824004473006805,0.5665832934924727));
#4195=DIRECTION('',(-0.9449008638967203,-0.18547479255469443,-0.26974332009157254));
#4196=FACE_BOUND('',#4197,.T.);
#4197=EDGE_LOOP('',(#4198,#4199,#4200));
#4198=ORIENTED_EDGE('',*,*,#4201,.T.);
#4199=ORIENTED_EDGE('',*,*,#4202,.T.);
#4200=ORIENTED_EDGE('',*,*,#4203,.T.);
#4201=EDGE_CURVE('',#1480,#1482,#4204,.F.);
#4202=EDGE_CURVE('',#1482,#1484,#4205,.T.);
#4203=EDGE_CURVE('',#1484,#1480,#4206,.T.);
#4204=LINE('',#1479,#4207);
#4205=LINE('',#1481,#4208);
#4206=LINE('',#1483,#4209);
#4207=VECTOR('',#4210,1.0);
#4208=VECTOR('',#4211,1.0);
#4209=VECTOR('',#4212,1.0);
#4210=DIRECTION('',(-0.9449008638967203,-0.18547479255469443,-0.26974332009157254));
#4211=DIRECTION('',(1,0,0));
#4212=DIRECTION('',(0,0.5665832934924727,0.8240044730068049));
#4213=FACE_SURFACE('',(#4218),#4214,.T.);
#4214=PLANE('',#4215);
#4215=AXIS2_PLACEMENT_3D('',#1483,#4216,#4217);
#4216=DIRECTION('',(0,-0.6877003574025977,0.7259946407710868));
#4217=DIRECTION('',(-1,0,0));
#4218=FACE_BOUND('',#4219,.T.);
#4219=EDGE_LOOP('',(#4220,#4221,#4222));
#4220=ORIENTED_EDGE('',*,*,#4223,.T.);
#4221=ORIENTED_EDGE('',*,*,#4224,.T.);
#4222=ORIENTED_EDGE('',*,*,#4225,.T.);
#4223=EDGE_CURVE('',#1484,#1482,#4226,.F.);
#4224=EDGE_CURVE('',#1482,#1486,#4227,.T.);
#4225=EDGE_CURVE('',#1486,#1484,#4228,.T.);
#4226=LINE('',#1483,#4229);
#4227=LINE('',#1481,#4230);
#4228=LINE('',#1485,#4231);
#4229=VECTOR('',#4232,1.0);
#4230=VECTOR('',#4233,1.0);
#4231=VECTOR('',#4234,1.0);
#4232=DIRECTION('',(-1,0,0));
#4233=DIRECTION('',(0,-0.7259946407710868,-0.6877003574025977));
#4234=DIRECTION('',(0.9555738169560574,0.2139882970408476,0.2027009844021219));
#4235=FACE_SURFACE('',(#4240),#4236,.T.);
#4236=PLANE('',#4237);
#4237=AXIS2_PLACEMENT_3D('',#1483,#4238,#4239);
#4238=DIRECTION('',(0,-0.6877003574025977,0.7259946407710868));
#4239=DIRECTION('',(-0.9555738169560574,-0.2139882970408476,-0.2027009844021219));
#4240=FACE_BOUND('',#4241,.T.);
#4241=EDGE_LOOP('',(#4242,#4243,#4244));
#4242=ORIENTED_EDGE('',*,*,#4245,.T.);
#4243=ORIENTED_EDGE('',*,*,#4246,.T.);
#4244=ORIENTED_EDGE('',*,*,#4247,.T.);
#4245=EDGE_CURVE('',#1484,#1486,#4248,.F.);
#4246=EDGE_CURVE('',#1486,#1488,#4249,.T.);
#4247=EDGE_CURVE('',#1488,#1484,#4250,.T.);
#4248=LINE('',#1483,#4251);
#4249=LINE('',#1485,#4252);
#4250=LINE('',#1487,#4253);
#4251=VECTOR('',#4254,1.0);
#4252=VECTOR('',#4255,1.0);
#4253=VECTOR('',#4256,1.0);
#4254=DIRECTION('',(-0.9555738169560574,-0.2139882970408476,-0.2027009844021219));
#4255=DIRECTION('',(1,0,0));
#4256=DIRECTION('',(0,0.7259946407710868,0.6877003574025977));
#4257=FACE_SURFACE('',(#4262),#4258,.T.);
#4258=PLANE('',#4259);
#4259=AXIS2_PLACEMENT_3D('',#1487,#4260,#4261);
#4260=DIRECTION('',(0,-0.47348933555028744,0.8807995510444743));
#4261=DIRECTION('',(-1,0,0));
#4262=FACE_BOUND('',#4263,.T.);
#4263=EDGE_LOOP('',(#4264,#4265,#4266));
#4264=ORIENTED_EDGE('',*,*,#4267,.T.);
#4265=ORIENTED_EDGE('',*,*,#4268,.T.);
#4266=ORIENTED_EDGE('',*,*,#4269,.T.);
#4267=EDGE_CURVE('',#1488,#1490,#4270,.F.);
#4268=EDGE_CURVE('',#1490,#1492,#4271,.T.);
#4269=EDGE_CURVE('',#1492,#1488,#4272,.T.);
#4270=LINE('',#1487,#4273);
#4271=LINE('',#1489,#4274);
#4272=LINE('',#1491,#4275);
#4273=VECTOR('',#4276,1.0);
#4274=VECTOR('',#4277,1.0);
#4275=VECTOR('',#4278,1.0);
#4276=DIRECTION('',(-1,0,0));
#4277=DIRECTION('',(0,-0.8807995510444742,-0.47348933555028744));
#4278=DIRECTION('',(0.9639880954727705,0.23424458230773815,0.12592230718285785));
#4279=FACE_SURFACE('',(#4284),#4280,.T.);
#4280=PLANE('',#4281);
#4281=AXIS2_PLACEMENT_3D('',#1487,#4282,#4283);
#4282=DIRECTION('',(0,-0.47348933555028744,0.8807995510444743));
#4283=DIRECTION('',(-0.9639880954727705,-0.23424458230773815,-0.12592230718285785));
#4284=FACE_BOUND('',#4285,.T.);
#4285=EDGE_LOOP('',(#4286,#4287,#4288));
#4286=ORIENTED_EDGE('',*,*,#4289,.T.);
#4287=ORIENTED_EDGE('',*,*,#4290,.T.);
#4288=ORIENTED_EDGE('',*,*,#4291,.T.);
#4289=EDGE_CURVE('',#1488,#1492,#4292,.F.);
#4290=EDGE_CURVE('',#1492,#1494,#4293,.T.);
#4291=EDGE_CURVE('',#1494,#1488,#4294,.T.);
#4292=LINE('',#1487,#4295);
#4293=LINE('',#1491,#4296);
#4294=LINE('',#1493,#4297);
#4295=VECTOR('',#4298,1.0);
#4296=VECTOR('',#4299,1.0);
#4297=VECTOR('',#4300,1.0);
#4298=DIRECTION('',(-0.9639880954727705,-0.23424458230773815,-0.12592230718285785));
#4299=DIRECTION('',(1,0,0));
#4300=DIRECTION('',(0,0.8807995510444742,0.47348933555028744));
#4301=FACE_SURFACE('',(#4306),#4302,.T.);
#4302=PLANE('',#4303);
#4303=AXIS2_PLACEMENT_3D('',#1495,#4304,#4305);
#4304=DIRECTION('',(0,0,1));
#4305=DIRECTION('',(1,0,0));
#4306=FACE_BOUND('',#4307,.T.);
#4307=EDGE_LOOP('',(#4308,#4309,#4310));
#4308=ORIENTED_EDGE('',*,*,#4311,.T.);
#4309=ORIENTED_EDGE('',*,*,#4312,.T.);
#4310=ORIENTED_EDGE('',*,*,#4313,.T.);
#4311=EDGE_CURVE('',#1496,#1498,#4314,.F.);
#4312=EDGE_CURVE('',#1498,#1500,#4315,.T.);
#4313=EDGE_CURVE('',#1500,#1496,#4316,.T.);
#4314=LINE('',#1495,#4317);
#4315=LINE('',#1497,#4318);
#4316=LINE('',#1499,#4319);
#4317=VECTOR('',#4320,1.0);
#4318=VECTOR('',#4321,1.0);
#4319=VECTOR('',#4322,1.0);
#4320=DIRECTION('',(1,0,0));
#4321=DIRECTION('',(0,1,0));
#4322=DIRECTION('',(-0.999999999997711,-2.13957698202664E-06,0));
#4323=FACE_SURFACE('',(#4328),#4324,.T.);
#4324=PLANE('',#4325);
#4325=AXIS2_PLACEMENT_3D('',#1501,#4326,#4327);
#4326=DIRECTION('',(0,-0.005210484537636426,0.9999864253333057));
#4327=DIRECTION('',(0,0.9999864253333057,0.005210484537636425));
#4328=FACE_BOUND('',#4329,.T.);
#4329=EDGE_LOOP('',(#4330,#4331,#4332));
#4330=ORIENTED_EDGE('',*,*,#4333,.T.);
#4331=ORIENTED_EDGE('',*,*,#4334,.T.);
#4332=ORIENTED_EDGE('',*,*,#4335,.T.);
#4333=EDGE_CURVE('',#1502,#1504,#4336,.F.);
#4334=EDGE_CURVE('',#1504,#1506,#4337,.T.);
#4335=EDGE_CURVE('',#1506,#1502,#4338,.T.);
#4336=LINE('',#1501,#4339);
#4337=LINE('',#1503,#4340);
#4338=LINE('',#1505,#4341);
#4339=VECTOR('',#4342,1.0);
#4340=VECTOR('',#4343,1.0);
#4341=VECTOR('',#4344,1.0);
#4342=DIRECTION('',(0,0.9999864253333057,0.005210484537636425));
#4343=DIRECTION('',(-1,0,0));
#4344=DIRECTION('',(0.11731743612728855,-0.9930809854666843,-0.005174503361553343));
#4345=FACE_SURFACE('',(#4350),#4346,.T.);
#4346=PLANE('',#4347);
#4347=AXIS2_PLACEMENT_3D('',#1495,#4348,#4349);
#4348=DIRECTION('',(0,0,1));
#4349=DIRECTION('',(0.999999999997711,2.13957698202664E-06,0));
#4350=FACE_BOUND('',#4351,.T.);
#4351=EDGE_LOOP('',(#4352,#4353,#4354));
#4352=ORIENTED_EDGE('',*,*,#4355,.T.);
#4353=ORIENTED_EDGE('',*,*,#4356,.T.);
#4354=ORIENTED_EDGE('',*,*,#4357,.T.);
#4355=EDGE_CURVE('',#1496,#1500,#4358,.F.);
#4356=EDGE_CURVE('',#1500,#1502,#4359,.T.);
#4357=EDGE_CURVE('',#1502,#1496,#4360,.T.);
#4358=LINE('',#1495,#4361);
#4359=LINE('',#1499,#4362);
#4360=LINE('',#1501,#4363);
#4361=VECTOR('',#4364,1.0);
#4362=VECTOR('',#4365,1.0);
#4363=VECTOR('',#4366,1.0);
#4364=DIRECTION('',(0.999999999997711,2.13957698202664E-06,0));
#4365=DIRECTION('',(-1,0,0));
#4366=DIRECTION('',(-0.9999999999840373,-5.650265220356126E-06,0));
#4367=FACE_SURFACE('',(#4372),#4368,.T.);
#4368=PLANE('',#4369);
#4369=AXIS2_PLACEMENT_3D('',#1501,#4370,#4371);
#4370=DIRECTION('',(2.9440599913818894E-08,-0.005210481059771095,0.999986425351427));
#4371=DIRECTION('',(-0.11731743612728855,0.9930809854666843,0.005174503361553343));
#4372=FACE_BOUND('',#4373,.T.);
#4373=EDGE_LOOP('',(#4374,#4375,#4376));
#4374=ORIENTED_EDGE('',*,*,#4377,.T.);
#4375=ORIENTED_EDGE('',*,*,#4378,.T.);
#4376=ORIENTED_EDGE('',*,*,#4379,.T.);
#4377=EDGE_CURVE('',#1502,#1506,#4380,.F.);
#4378=EDGE_CURVE('',#1506,#1496,#4381,.T.);
#4379=EDGE_CURVE('',#1496,#1502,#4382,.T.);
#4380=LINE('',#1501,#4383);
#4381=LINE('',#1505,#4384);
#4382=LINE('',#1495,#4385);
#4383=VECTOR('',#4386,1.0);
#4384=VECTOR('',#4387,1.0);
#4385=VECTOR('',#4388,1.0);
#4386=DIRECTION('',(-0.11731743612728855,0.9930809854666843,0.005174503361553343));
#4387=DIRECTION('',(0,-0.9999864253514272,-0.005210481059771095));
#4388=DIRECTION('',(0.9999999999840373,5.650265220356126E-06,0));
#4389=FACE_SURFACE('',(#4394),#4390,.T.);
#4390=PLANE('',#4391);
#4391=AXIS2_PLACEMENT_3D('',#1507,#4392,#4393);
#4392=DIRECTION('',(-0,0.17947970185889067,0.9837616767391602));
#4393=DIRECTION('',(1,0,0));
#4394=FACE_BOUND('',#4395,.T.);
#4395=EDGE_LOOP('',(#4396,#4397,#4398));
#4396=ORIENTED_EDGE('',*,*,#4399,.T.);
#4397=ORIENTED_EDGE('',*,*,#4400,.T.);
#4398=ORIENTED_EDGE('',*,*,#4401,.T.);
#4399=EDGE_CURVE('',#1508,#1510,#4402,.F.);
#4400=EDGE_CURVE('',#1510,#1498,#4403,.T.);
#4401=EDGE_CURVE('',#1498,#1508,#4404,.T.);
#4402=LINE('',#1507,#4405);
#4403=LINE('',#1509,#4406);
#4404=LINE('',#1497,#4407);
#4405=VECTOR('',#4408,1.0);
#4406=VECTOR('',#4409,1.0);
#4407=VECTOR('',#4410,1.0);
#4408=DIRECTION('',(1,0,0));
#4409=DIRECTION('',(0,0.9837616767391602,-0.17947970185889067));
#4410=DIRECTION('',(-0.9956981008861757,-0.0911522583283369,0.01663002385167344));
#4411=FACE_SURFACE('',(#4416),#4412,.T.);
#4412=PLANE('',#4413);
#4413=AXIS2_PLACEMENT_3D('',#1507,#4414,#4415);
#4414=DIRECTION('',(0,0.17947970185889067,0.9837616767391602));
#4415=DIRECTION('',(0.9956981008861757,0.0911522583283369,-0.01663002385167344));
#4416=FACE_BOUND('',#4417,.T.);
#4417=EDGE_LOOP('',(#4418,#4419,#4420));
#4418=ORIENTED_EDGE('',*,*,#4421,.T.);
#4419=ORIENTED_EDGE('',*,*,#4422,.T.);
#4420=ORIENTED_EDGE('',*,*,#4423,.T.);
#4421=EDGE_CURVE('',#1508,#1498,#4424,.F.);
#4422=EDGE_CURVE('',#1498,#1512,#4425,.T.);
#4423=EDGE_CURVE('',#1512,#1508,#4426,.T.);
#4424=LINE('',#1507,#4427);
#4425=LINE('',#1497,#4428);
#4426=LINE('',#1511,#4429);
#4427=VECTOR('',#4430,1.0);
#4428=VECTOR('',#4431,1.0);
#4429=VECTOR('',#4432,1.0);
#4430=DIRECTION('',(0.9956981008861757,0.0911522583283369,-0.01663002385167344));
#4431=DIRECTION('',(-1,0,0));
#4432=DIRECTION('',(0,-0.9837616767391602,0.17947970185889067));
#4433=FACE_SURFACE('',(#4438),#4434,.T.);
#4434=PLANE('',#4435);
#4435=AXIS2_PLACEMENT_3D('',#1513,#4436,#4437);
#4436=DIRECTION('',(-0,0.4898699898911264,0.8717954995318957));
#4437=DIRECTION('',(1,0,0));
#4438=FACE_BOUND('',#4439,.T.);
#4439=EDGE_LOOP('',(#4440,#4441,#4442));
#4440=ORIENTED_EDGE('',*,*,#4443,.T.);
#4441=ORIENTED_EDGE('',*,*,#4444,.T.);
#4442=ORIENTED_EDGE('',*,*,#4445,.T.);
#4443=EDGE_CURVE('',#1514,#1516,#4446,.F.);
#4444=EDGE_CURVE('',#1516,#1510,#4447,.T.);
#4445=EDGE_CURVE('',#1510,#1514,#4448,.T.);
#4446=LINE('',#1513,#4449);
#4447=LINE('',#1515,#4450);
#4448=LINE('',#1509,#4451);
#4449=VECTOR('',#4452,1.0);
#4450=VECTOR('',#4453,1.0);
#4451=VECTOR('',#4454,1.0);
#4452=DIRECTION('',(1,0,0));
#4453=DIRECTION('',(0,0.8717954995318958,-0.4898699898911264));
#4454=DIRECTION('',(-0.9949407870475525,-0.08758326025862523,0.049213847560077836));
#4455=FACE_SURFACE('',(#4460),#4456,.T.);
#4456=PLANE('',#4457);
#4457=AXIS2_PLACEMENT_3D('',#1513,#4458,#4459);
#4458=DIRECTION('',(0,0.4898699898911264,0.8717954995318957));
#4459=DIRECTION('',(0.9949407870475525,0.08758326025862523,-0.049213847560077836));
#4460=FACE_BOUND('',#4461,.T.);
#4461=EDGE_LOOP('',(#4462,#4463,#4464));
#4462=ORIENTED_EDGE('',*,*,#4465,.T.);
#4463=ORIENTED_EDGE('',*,*,#4466,.T.);
#4464=ORIENTED_EDGE('',*,*,#4467,.T.);
#4465=EDGE_CURVE('',#1514,#1510,#4468,.F.);
#4466=EDGE_CURVE('',#1510,#1518,#4469,.T.);
#4467=EDGE_CURVE('',#1518,#1514,#4470,.T.);
#4468=LINE('',#1513,#4471);
#4469=LINE('',#1509,#4472);
#4470=LINE('',#1517,#4473);
#4471=VECTOR('',#4474,1.0);
#4472=VECTOR('',#4475,1.0);
#4473=VECTOR('',#4476,1.0);
#4474=DIRECTION('',(0.9949407870475525,0.08758326025862523,-0.049213847560077836));
#4475=DIRECTION('',(-1,0,0));
#4476=DIRECTION('',(0,-0.8717954995318958,0.4898699898911264));
#4477=FACE_SURFACE('',(#4482),#4478,.T.);
#4478=PLANE('',#4479);
#4479=AXIS2_PLACEMENT_3D('',#1519,#4480,#4481);
#4480=DIRECTION('',(-0,0.7035884640134356,0.7106076788968823));
#4481=DIRECTION('',(1,0,0));
#4482=FACE_BOUND('',#4483,.T.);
#4483=EDGE_LOOP('',(#4484,#4485,#4486));
#4484=ORIENTED_EDGE('',*,*,#4487,.T.);
#4485=ORIENTED_EDGE('',*,*,#4488,.T.);
#4486=ORIENTED_EDGE('',*,*,#4489,.T.);
#4487=EDGE_CURVE('',#1520,#1522,#4490,.F.);
#4488=EDGE_CURVE('',#1522,#1516,#4491,.T.);
#4489=EDGE_CURVE('',#1516,#1520,#4492,.T.);
#4490=LINE('',#1519,#4493);
#4491=LINE('',#1521,#4494);
#4492=LINE('',#1515,#4495);
#4493=VECTOR('',#4496,1.0);
#4494=VECTOR('',#4497,1.0);
#4495=VECTOR('',#4498,1.0);
#4496=DIRECTION('',(1,0,0));
#4497=DIRECTION('',(0,0.7106076788968823,-0.7035884640134356));
#4498=DIRECTION('',(-0.9935462249513515,-0.08060276927604942,0.07980659415079924));
#4499=FACE_SURFACE('',(#4504),#4500,.T.);
#4500=PLANE('',#4501);
#4501=AXIS2_PLACEMENT_3D('',#1519,#4502,#4503);
#4502=DIRECTION('',(0,0.7035884640134356,0.7106076788968823));
#4503=DIRECTION('',(0.9935462249513515,0.08060276927604942,-0.07980659415079924));
#4504=FACE_BOUND('',#4505,.T.);
#4505=EDGE_LOOP('',(#4506,#4507,#4508));
#4506=ORIENTED_EDGE('',*,*,#4509,.T.);
#4507=ORIENTED_EDGE('',*,*,#4510,.T.);
#4508=ORIENTED_EDGE('',*,*,#4511,.T.);
#4509=EDGE_CURVE('',#1520,#1516,#4512,.F.);
#4510=EDGE_CURVE('',#1516,#1524,#4513,.T.);
#4511=EDGE_CURVE('',#1524,#1520,#4514,.T.);
#4512=LINE('',#1519,#4515);
#4513=LINE('',#1515,#4516);
#4514=LINE('',#1523,#4517);
#4515=VECTOR('',#4518,1.0);
#4516=VECTOR('',#4519,1.0);
#4517=VECTOR('',#4520,1.0);
#4518=DIRECTION('',(0.9935462249513515,0.08060276927604942,-0.07980659415079924));
#4519=DIRECTION('',(-1,0,0));
#4520=DIRECTION('',(0,-0.7106076788968823,0.7035884640134356));
#4521=FACE_SURFACE('',(#4526),#4522,.T.);
#4522=PLANE('',#4523);
#4523=AXIS2_PLACEMENT_3D('',#1525,#4524,#4525);
#4524=DIRECTION('',(-0,0.8354498226329263,0.5495667328565405));
#4525=DIRECTION('',(1,0,0));
#4526=FACE_BOUND('',#4527,.T.);
#4527=EDGE_LOOP('',(#4528,#4529,#4530));
#4528=ORIENTED_EDGE('',*,*,#4531,.T.);
#4529=ORIENTED_EDGE('',*,*,#4532,.T.);
#4530=ORIENTED_EDGE('',*,*,#4533,.T.);
#4531=EDGE_CURVE('',#1526,#1528,#4534,.F.);
#4532=EDGE_CURVE('',#1528,#1522,#4535,.T.);
#4533=EDGE_CURVE('',#1522,#1526,#4536,.T.);
#4534=LINE('',#1525,#4537);
#4535=LINE('',#1527,#4538);
#4536=LINE('',#1521,#4539);
#4537=VECTOR('',#4540,1.0);
#4538=VECTOR('',#4541,1.0);
#4539=VECTOR('',#4542,1.0);
#4540=DIRECTION('',(1,0,0));
#4541=DIRECTION('',(0,0.5495667328565403,-0.8354498226329262));
#4542=DIRECTION('',(-0.9917326841173415,-0.07052096174723944,0.10720577040279887));
#4543=FACE_SURFACE('',(#4548),#4544,.T.);
#4544=PLANE('',#4545);
#4545=AXIS2_PLACEMENT_3D('',#1525,#4546,#4547);
#4546=DIRECTION('',(0,0.8354498226329263,0.5495667328565405));
#4547=DIRECTION('',(0.9917326841173415,0.07052096174723944,-0.10720577040279887));
#4548=FACE_BOUND('',#4549,.T.);
#4549=EDGE_LOOP('',(#4550,#4551,#4552));
#4550=ORIENTED_EDGE('',*,*,#4553,.T.);
#4551=ORIENTED_EDGE('',*,*,#4554,.T.);
#4552=ORIENTED_EDGE('',*,*,#4555,.T.);
#4553=EDGE_CURVE('',#1526,#1522,#4556,.F.);
#4554=EDGE_CURVE('',#1522,#1530,#4557,.T.);
#4555=EDGE_CURVE('',#1530,#1526,#4558,.T.);
#4556=LINE('',#1525,#4559);
#4557=LINE('',#1521,#4560);
#4558=LINE('',#1529,#4561);
#4559=VECTOR('',#4562,1.0);
#4560=VECTOR('',#4563,1.0);
#4561=VECTOR('',#4564,1.0);
#4562=DIRECTION('',(0.9917326841173415,0.07052096174723944,-0.10720577040279887));
#4563=DIRECTION('',(-1,0,0));
#4564=DIRECTION('',(0,-0.5495667328565403,0.8354498226329262));
#4565=FACE_SURFACE('',(#4570),#4566,.T.);
#4566=PLANE('',#4567);
#4567=AXIS2_PLACEMENT_3D('',#1531,#4568,#4569);
#4568=DIRECTION('',(-0,0.9142877356288789,0.40506534840518915));
#4569=DIRECTION('',(1,0,0));
#4570=FACE_BOUND('',#4571,.T.);
#4571=EDGE_LOOP('',(#4572,#4573,#4574));
#4572=ORIENTED_EDGE('',*,*,#4575,.T.);
#4573=ORIENTED_EDGE('',*,*,#4576,.T.);
#4574=ORIENTED_EDGE('',*,*,#4577,.T.);
#4575=EDGE_CURVE('',#1532,#1534,#4578,.F.);
#4576=EDGE_CURVE('',#1534,#1528,#4579,.T.);
#4577=EDGE_CURVE('',#1528,#1532,#4580,.T.);
#4578=LINE('',#1531,#4581);
#4579=LINE('',#1533,#4582);
#4580=LINE('',#1527,#4583);
#4581=VECTOR('',#4584,1.0);
#4582=VECTOR('',#4585,1.0);
#4583=VECTOR('',#4586,1.0);
#4584=DIRECTION('',(1,0,0));
#4585=DIRECTION('',(0,0.40506534840518915,-0.9142877356288788));
#4586=DIRECTION('',(-0.9897810066293542,-0.05776061277521156,0.1303735806350898));
#4587=FACE_SURFACE('',(#4592),#4588,.T.);
#4588=PLANE('',#4589);
#4589=AXIS2_PLACEMENT_3D('',#1531,#4590,#4591);
#4590=DIRECTION('',(0,0.9142877356288789,0.40506534840518915));
#4591=DIRECTION('',(0.9897810066293542,0.05776061277521156,-0.1303735806350898));
#4592=FACE_BOUND('',#4593,.T.);
#4593=EDGE_LOOP('',(#4594,#4595,#4596));
#4594=ORIENTED_EDGE('',*,*,#4597,.T.);
#4595=ORIENTED_EDGE('',*,*,#4598,.T.);
#4596=ORIENTED_EDGE('',*,*,#4599,.T.);
#4597=EDGE_CURVE('',#1532,#1528,#4600,.F.);
#4598=EDGE_CURVE('',#1528,#1526,#4601,.T.);
#4599=EDGE_CURVE('',#1526,#1532,#4602,.T.);
#4600=LINE('',#1531,#4603);
#4601=LINE('',#1527,#4604);
#4602=LINE('',#1525,#4605);
#4603=VECTOR('',#4606,1.0);
#4604=VECTOR('',#4607,1.0);
#4605=VECTOR('',#4608,1.0);
#4606=DIRECTION('',(0.9897810066293542,0.05776061277521156,-0.1303735806350898));
#4607=DIRECTION('',(-1,0,0));
#4608=DIRECTION('',(0,-0.40506534840518915,0.9142877356288788));
#4609=FACE_SURFACE('',(#4614),#4610,.T.);
#4610=PLANE('',#4611);
#4611=AXIS2_PLACEMENT_3D('',#1535,#4612,#4613);
#4612=DIRECTION('',(-0,0.9607970212112178,0.277252743956937));
#4613=DIRECTION('',(1,0,0));
#4614=FACE_BOUND('',#4615,.T.);
#4615=EDGE_LOOP('',(#4616,#4617,#4618));
#4616=ORIENTED_EDGE('',*,*,#4619,.T.);
#4617=ORIENTED_EDGE('',*,*,#4620,.T.);
#4618=ORIENTED_EDGE('',*,*,#4621,.T.);
#4619=EDGE_CURVE('',#1536,#1538,#4622,.F.);
#4620=EDGE_CURVE('',#1538,#1534,#4623,.T.);
#4621=EDGE_CURVE('',#1534,#1536,#4624,.T.);
#4622=LINE('',#1535,#4625);
#4623=LINE('',#1537,#4626);
#4624=LINE('',#1533,#4627);
#4625=VECTOR('',#4628,1.0);
#4626=VECTOR('',#4629,1.0);
#4627=VECTOR('',#4630,1.0);
#4628=DIRECTION('',(1,0,0));
#4629=DIRECTION('',(0,0.277252743956937,-0.9607970212112177));
#4630=DIRECTION('',(-0.9879879952034962,-0.04284404632919803,0.14847258678933958));
#4631=FACE_SURFACE('',(#4636),#4632,.T.);
#4632=PLANE('',#4633);
#4633=AXIS2_PLACEMENT_3D('',#1535,#4634,#4635);
#4634=DIRECTION('',(0,0.9607970212112178,0.277252743956937));
#4635=DIRECTION('',(0.9879879952034962,0.04284404632919803,-0.14847258678933958));
#4636=FACE_BOUND('',#4637,.T.);
#4637=EDGE_LOOP('',(#4638,#4639,#4640));
#4638=ORIENTED_EDGE('',*,*,#4641,.T.);
#4639=ORIENTED_EDGE('',*,*,#4642,.T.);
#4640=ORIENTED_EDGE('',*,*,#4643,.T.);
#4641=EDGE_CURVE('',#1536,#1534,#4644,.F.);
#4642=EDGE_CURVE('',#1534,#1540,#4645,.T.);
#4643=EDGE_CURVE('',#1540,#1536,#4646,.T.);
#4644=LINE('',#1535,#4647);
#4645=LINE('',#1533,#4648);
#4646=LINE('',#1539,#4649);
#4647=VECTOR('',#4650,1.0);
#4648=VECTOR('',#4651,1.0);
#4649=VECTOR('',#4652,1.0);
#4650=DIRECTION('',(0.9879879952034962,0.04284404632919803,-0.14847258678933958));
#4651=DIRECTION('',(-1,0,0));
#4652=DIRECTION('',(0,-0.277252743956937,0.9607970212112177));
#4653=FACE_SURFACE('',(#4658),#4654,.T.);
#4654=PLANE('',#4655);
#4655=AXIS2_PLACEMENT_3D('',#1541,#4656,#4657);
#4656=DIRECTION('',(-0,0.9868560334479253,0.16160188503673834));
#4657=DIRECTION('',(1,0,0));
#4658=FACE_BOUND('',#4659,.T.);
#4659=EDGE_LOOP('',(#4660,#4661,#4662));
#4660=ORIENTED_EDGE('',*,*,#4663,.T.);
#4661=ORIENTED_EDGE('',*,*,#4664,.T.);
#4662=ORIENTED_EDGE('',*,*,#4665,.T.);
#4663=EDGE_CURVE('',#1542,#1544,#4666,.F.);
#4664=EDGE_CURVE('',#1544,#1538,#4667,.T.);
#4665=EDGE_CURVE('',#1538,#1542,#4668,.T.);
#4666=LINE('',#1541,#4669);
#4667=LINE('',#1543,#4670);
#4668=LINE('',#1537,#4671);
#4669=VECTOR('',#4672,1.0);
#4670=VECTOR('',#4673,1.0);
#4671=VECTOR('',#4674,1.0);
#4672=DIRECTION('',(1,0,0));
#4673=DIRECTION('',(0,0.16160188503673834,-0.9868560334479254));
#4674=DIRECTION('',(-0.9866223828365094,-0.026344712662620805,0.16087955059836617));
#4675=FACE_SURFACE('',(#4680),#4676,.T.);
#4676=PLANE('',#4677);
#4677=AXIS2_PLACEMENT_3D('',#1541,#4678,#4679);
#4678=DIRECTION('',(0,0.9868560334479253,0.16160188503673834));
#4679=DIRECTION('',(0.9866223828365094,0.026344712662620805,-0.16087955059836617));
#4680=FACE_BOUND('',#4681,.T.);
#4681=EDGE_LOOP('',(#4682,#4683,#4684));
#4682=ORIENTED_EDGE('',*,*,#4685,.T.);
#4683=ORIENTED_EDGE('',*,*,#4686,.T.);
#4684=ORIENTED_EDGE('',*,*,#4687,.T.);
#4685=EDGE_CURVE('',#1542,#1538,#4688,.F.);
#4686=EDGE_CURVE('',#1538,#1546,#4689,.T.);
#4687=EDGE_CURVE('',#1546,#1542,#4690,.T.);
#4688=LINE('',#1541,#4691);
#4689=LINE('',#1537,#4692);
#4690=LINE('',#1545,#4693);
#4691=VECTOR('',#4694,1.0);
#4692=VECTOR('',#4695,1.0);
#4693=VECTOR('',#4696,1.0);
#4694=DIRECTION('',(0.9866223828365094,0.026344712662620805,-0.16087955059836617));
#4695=DIRECTION('',(-1,0,0));
#4696=DIRECTION('',(0,-0.16160188503673834,0.9868560334479254));
#4697=FACE_SURFACE('',(#4702),#4698,.T.);
#4698=PLANE('',#4699);
#4699=AXIS2_PLACEMENT_3D('',#1547,#4700,#4701);
#4700=DIRECTION('',(-0,0.9985895492020291,0.05309342920256806));
#4701=DIRECTION('',(1,0,0));
#4702=FACE_BOUND('',#4703,.T.);
#4703=EDGE_LOOP('',(#4704,#4705,#4706));
#4704=ORIENTED_EDGE('',*,*,#4707,.T.);
#4705=ORIENTED_EDGE('',*,*,#4708,.T.);
#4706=ORIENTED_EDGE('',*,*,#4709,.T.);
#4707=EDGE_CURVE('',#1548,#1550,#4710,.F.);
#4708=EDGE_CURVE('',#1550,#1544,#4711,.T.);
#4709=EDGE_CURVE('',#1544,#1548,#4712,.T.);
#4710=LINE('',#1547,#4713);
#4711=LINE('',#1549,#4714);
#4712=LINE('',#1543,#4715);
#4713=VECTOR('',#4716,1.0);
#4714=VECTOR('',#4717,1.0);
#4715=VECTOR('',#4718,1.0);
#4716=DIRECTION('',(1,0,0));
#4717=DIRECTION('',(0,0.053093429202568064,-0.9985895492020292));
#4718=DIRECTION('',(-0.9858856081956434,-0.00888891954184752,0.1671841938165351));
#4719=FACE_SURFACE('',(#4724),#4720,.T.);
#4720=PLANE('',#4721);
#4721=AXIS2_PLACEMENT_3D('',#1547,#4722,#4723);
#4722=DIRECTION('',(0,0.9985895492020291,0.05309342920256806));
#4723=DIRECTION('',(0.9858856081956434,0.00888891954184752,-0.1671841938165351));
#4724=FACE_BOUND('',#4725,.T.);
#4725=EDGE_LOOP('',(#4726,#4727,#4728));
#4726=ORIENTED_EDGE('',*,*,#4729,.T.);
#4727=ORIENTED_EDGE('',*,*,#4730,.T.);
#4728=ORIENTED_EDGE('',*,*,#4731,.T.);
#4729=EDGE_CURVE('',#1548,#1544,#4732,.F.);
#4730=EDGE_CURVE('',#1544,#1542,#4733,.T.);
#4731=EDGE_CURVE('',#1542,#1548,#4734,.T.);
#4732=LINE('',#1547,#4735);
#4733=LINE('',#1543,#4736);
#4734=LINE('',#1541,#4737);
#4735=VECTOR('',#4738,1.0);
#4736=VECTOR('',#4739,1.0);
#4737=VECTOR('',#4740,1.0);
#4738=DIRECTION('',(0.9858856081956434,0.00888891954184752,-0.1671841938165351));
#4739=DIRECTION('',(-1,0,0));
#4740=DIRECTION('',(0,-0.053093429202568064,0.9985895492020292));
#4741=FACE_SURFACE('',(#4746),#4742,.T.);
#4742=PLANE('',#4743);
#4743=AXIS2_PLACEMENT_3D('',#1551,#4744,#4745);
#4744=DIRECTION('',(0,0.9985895492020291,-0.05309342920256806));
#4745=DIRECTION('',(1,0,0));
#4746=FACE_BOUND('',#4747,.T.);
#4747=EDGE_LOOP('',(#4748,#4749,#4750));
#4748=ORIENTED_EDGE('',*,*,#4751,.T.);
#4749=ORIENTED_EDGE('',*,*,#4752,.T.);
#4750=ORIENTED_EDGE('',*,*,#4753,.T.);
#4751=EDGE_CURVE('',#1552,#1554,#4754,.F.);
#4752=EDGE_CURVE('',#1554,#1550,#4755,.T.);
#4753=EDGE_CURVE('',#1550,#1552,#4756,.T.);
#4754=LINE('',#1551,#4757);
#4755=LINE('',#1553,#4758);
#4756=LINE('',#1549,#4759);
#4757=VECTOR('',#4760,1.0);
#4758=VECTOR('',#4761,1.0);
#4759=VECTOR('',#4762,1.0);
#4760=DIRECTION('',(1,0,0));
#4761=DIRECTION('',(0,-0.053093429202568064,-0.9985895492020292));
#4762=DIRECTION('',(-0.9858856081956434,0.00888891954184752,0.1671841938165351));
#4763=FACE_SURFACE('',(#4768),#4764,.T.);
#4764=PLANE('',#4765);
#4765=AXIS2_PLACEMENT_3D('',#1551,#4766,#4767);
#4766=DIRECTION('',(0,0.9985895492020291,-0.05309342920256806));
#4767=DIRECTION('',(0.9858856081956434,-0.00888891954184752,-0.1671841938165351));
#4768=FACE_BOUND('',#4769,.T.);
#4769=EDGE_LOOP('',(#4770,#4771,#4772));
#4770=ORIENTED_EDGE('',*,*,#4773,.T.);
#4771=ORIENTED_EDGE('',*,*,#4774,.T.);
#4772=ORIENTED_EDGE('',*,*,#4775,.T.);
#4773=EDGE_CURVE('',#1552,#1550,#4776,.F.);
#4774=EDGE_CURVE('',#1550,#1548,#4777,.T.);
#4775=EDGE_CURVE('',#1548,#1552,#4778,.T.);
#4776=LINE('',#1551,#4779);
#4777=LINE('',#1549,#4780);
#4778=LINE('',#1547,#4781);
#4779=VECTOR('',#4782,1.0);
#4780=VECTOR('',#4783,1.0);
#4781=VECTOR('',#4784,1.0);
#4782=DIRECTION('',(0.9858856081956434,-0.00888891954184752,-0.1671841938165351));
#4783=DIRECTION('',(-1,0,0));
#4784=DIRECTION('',(0,0.053093429202568064,0.9985895492020292));
#4785=FACE_SURFACE('',(#4790),#4786,.T.);
#4786=PLANE('',#4787);
#4787=AXIS2_PLACEMENT_3D('',#1555,#4788,#4789);
#4788=DIRECTION('',(-1.605321453267843E-08,0.986855986346506,-0.16160217267123753));
#4789=DIRECTION('',(0.9999999999999949,0,-9.933786326831701E-08));
#4790=FACE_BOUND('',#4791,.T.);
#4791=EDGE_LOOP('',(#4792,#4793,#4794));
#4792=ORIENTED_EDGE('',*,*,#4795,.T.);
#4793=ORIENTED_EDGE('',*,*,#4796,.T.);
#4794=ORIENTED_EDGE('',*,*,#4797,.T.);
#4795=EDGE_CURVE('',#1556,#1558,#4798,.F.);
#4796=EDGE_CURVE('',#1558,#1554,#4799,.T.);
#4797=EDGE_CURVE('',#1554,#1556,#4800,.T.);
#4798=LINE('',#1555,#4801);
#4799=LINE('',#1557,#4802);
#4800=LINE('',#1553,#4803);
#4801=VECTOR('',#4804,1.0);
#4802=VECTOR('',#4805,1.0);
#4803=VECTOR('',#4806,1.0);
#4804=DIRECTION('',(0.9999999999999949,0,-9.933786326831701E-08));
#4805=DIRECTION('',(0,-0.16160217267123755,-0.9868559863465062));
#4806=DIRECTION('',(-0.9866224139498997,0.026344713493408084,0.16087935965381922));
#4807=FACE_SURFACE('',(#4812),#4808,.T.);
#4808=PLANE('',#4809);
#4809=AXIS2_PLACEMENT_3D('',#1555,#4810,#4811);
#4810=DIRECTION('',(0,0.9868560020470072,-0.1616020767929589));
#4811=DIRECTION('',(0.9866224139498997,-0.026344713493408084,-0.16087935965381922));
#4812=FACE_BOUND('',#4813,.T.);
#4813=EDGE_LOOP('',(#4814,#4815,#4816));
#4814=ORIENTED_EDGE('',*,*,#4817,.T.);
#4815=ORIENTED_EDGE('',*,*,#4818,.T.);
#4816=ORIENTED_EDGE('',*,*,#4819,.T.);
#4817=EDGE_CURVE('',#1556,#1554,#4820,.F.);
#4818=EDGE_CURVE('',#1554,#1552,#4821,.T.);
#4819=EDGE_CURVE('',#1552,#1556,#4822,.T.);
#4820=LINE('',#1555,#4823);
#4821=LINE('',#1553,#4824);
#4822=LINE('',#1551,#4825);
#4823=VECTOR('',#4826,1.0);
#4824=VECTOR('',#4827,1.0);
#4825=VECTOR('',#4828,1.0);
#4826=DIRECTION('',(0.9866224139498997,-0.026344713493408084,-0.16087935965381922));
#4827=DIRECTION('',(-1,0,0));
#4828=DIRECTION('',(0,0.1616020767929589,0.9868560020470073));
#4829=FACE_SURFACE('',(#4834),#4830,.T.);
#4830=PLANE('',#4831);
#4831=AXIS2_PLACEMENT_3D('',#1559,#4832,#4833);
#4832=DIRECTION('',(0,0.9607970700318235,-0.2772525747730099));
#4833=DIRECTION('',(1,0,0));
#4834=FACE_BOUND('',#4835,.T.);
#4835=EDGE_LOOP('',(#4836,#4837,#4838));
#4836=ORIENTED_EDGE('',*,*,#4839,.T.);
#4837=ORIENTED_EDGE('',*,*,#4840,.T.);
#4838=ORIENTED_EDGE('',*,*,#4841,.T.);
#4839=EDGE_CURVE('',#1560,#1562,#4842,.F.);
#4840=EDGE_CURVE('',#1562,#1558,#4843,.T.);
#4841=EDGE_CURVE('',#1558,#1560,#4844,.T.);
#4842=LINE('',#1559,#4845);
#4843=LINE('',#1561,#4846);
#4844=LINE('',#1557,#4847);
#4845=VECTOR('',#4848,1.0);
#4846=VECTOR('',#4849,1.0);
#4847=VECTOR('',#4850,1.0);
#4848=DIRECTION('',(1,0,0));
#4849=DIRECTION('',(0,-0.2772525747730099,-0.9607970700318235));
#4850=DIRECTION('',(-0.987987980806743,0.0428440457048836,0.14847268277044323));
#4851=FACE_SURFACE('',(#4856),#4852,.T.);
#4852=PLANE('',#4853);
#4853=AXIS2_PLACEMENT_3D('',#1559,#4854,#4855);
#4854=DIRECTION('',(-2.754169517267267E-08,0.9607970212112175,-0.27725274395693694));
#4855=DIRECTION('',(0.987987980806743,-0.0428440457048836,-0.14847268277044323));
#4856=FACE_BOUND('',#4857,.T.);
#4857=EDGE_LOOP('',(#4858,#4859,#4860));
#4858=ORIENTED_EDGE('',*,*,#4861,.T.);
#4859=ORIENTED_EDGE('',*,*,#4862,.T.);
#4860=ORIENTED_EDGE('',*,*,#4863,.T.);
#4861=EDGE_CURVE('',#1560,#1558,#4864,.F.);
#4862=EDGE_CURVE('',#1558,#1556,#4865,.T.);
#4863=EDGE_CURVE('',#1556,#1560,#4866,.T.);
#4864=LINE('',#1559,#4867);
#4865=LINE('',#1557,#4868);
#4866=LINE('',#1555,#4869);
#4867=VECTOR('',#4870,1.0);
#4868=VECTOR('',#4871,1.0);
#4869=VECTOR('',#4872,1.0);
#4870=DIRECTION('',(0.987987980806743,-0.0428440457048836,-0.14847268277044323));
#4871=DIRECTION('',(-0.9999999999999949,0,9.933786326831701E-08));
#4872=DIRECTION('',(0,0.277252743956937,0.9607970212112177));
#4873=FACE_SURFACE('',(#4878),#4874,.T.);
#4874=PLANE('',#4875);
#4875=AXIS2_PLACEMENT_3D('',#1563,#4876,#4877);
#4876=DIRECTION('',(-4.023835156167637E-08,0.9142876224936578,-0.4050656037667145));
#4877=DIRECTION('',(0.9999999999999949,0,-9.933786326831701E-08));
#4878=FACE_BOUND('',#4879,.T.);
#4879=EDGE_LOOP('',(#4880,#4881,#4882));
#4880=ORIENTED_EDGE('',*,*,#4883,.T.);
#4881=ORIENTED_EDGE('',*,*,#4884,.T.);
#4882=ORIENTED_EDGE('',*,*,#4885,.T.);
#4883=EDGE_CURVE('',#1564,#1566,#4886,.F.);
#4884=EDGE_CURVE('',#1566,#1562,#4887,.T.);
#4885=EDGE_CURVE('',#1562,#1564,#4888,.T.);
#4886=LINE('',#1563,#4889);
#4887=LINE('',#1565,#4890);
#4888=LINE('',#1561,#4891);
#4889=VECTOR('',#4892,1.0);
#4890=VECTOR('',#4893,1.0);
#4891=VECTOR('',#4894,1.0);
#4892=DIRECTION('',(0.9999999999999949,0,-9.933786326831701E-08));
#4893=DIRECTION('',(0,-0.4050656037667149,-0.9142876224936586));
#4894=DIRECTION('',(-0.9897810066293542,0.05776061277521156,0.1303735806350898));
#4895=FACE_SURFACE('',(#4900),#4896,.T.);
#4896=PLANE('',#4897);
#4897=AXIS2_PLACEMENT_3D('',#1563,#4898,#4899);
#4898=DIRECTION('',(0,0.9142877356288789,-0.40506534840518915));
#4899=DIRECTION('',(0.9897810066293542,-0.05776061277521156,-0.1303735806350898));
#4900=FACE_BOUND('',#4901,.T.);
#4901=EDGE_LOOP('',(#4902,#4903,#4904));
#4902=ORIENTED_EDGE('',*,*,#4905,.T.);
#4903=ORIENTED_EDGE('',*,*,#4906,.T.);
#4904=ORIENTED_EDGE('',*,*,#4907,.T.);
#4905=EDGE_CURVE('',#1564,#1562,#4908,.F.);
#4906=EDGE_CURVE('',#1562,#1560,#4909,.T.);
#4907=EDGE_CURVE('',#1560,#1564,#4910,.T.);
#4908=LINE('',#1563,#4911);
#4909=LINE('',#1561,#4912);
#4910=LINE('',#1559,#4913);
#4911=VECTOR('',#4914,1.0);
#4912=VECTOR('',#4915,1.0);
#4913=VECTOR('',#4916,1.0);
#4914=DIRECTION('',(0.9897810066293542,-0.05776061277521156,-0.1303735806350898));
#4915=DIRECTION('',(-1,0,0));
#4916=DIRECTION('',(0,0.40506534840518915,0.9142877356288788));
#4917=FACE_SURFACE('',(#4922),#4918,.T.);
#4918=PLANE('',#4919);
#4919=AXIS2_PLACEMENT_3D('',#1567,#4920,#4921);
#4920=DIRECTION('',(0,0.8354500545069523,-0.5495663803621272));
#4921=DIRECTION('',(1,0,0));
#4922=FACE_BOUND('',#4923,.T.);
#4923=EDGE_LOOP('',(#4924,#4925,#4926));
#4924=ORIENTED_EDGE('',*,*,#4927,.T.);
#4925=ORIENTED_EDGE('',*,*,#4928,.T.);
#4926=ORIENTED_EDGE('',*,*,#4929,.T.);
#4927=EDGE_CURVE('',#1568,#1570,#4930,.F.);
#4928=EDGE_CURVE('',#1570,#1566,#4931,.T.);
#4929=EDGE_CURVE('',#1566,#1568,#4932,.T.);
#4930=LINE('',#1567,#4933);
#4931=LINE('',#1569,#4934);
#4932=LINE('',#1565,#4935);
#4933=VECTOR('',#4936,1.0);
#4934=VECTOR('',#4937,1.0);
#4935=VECTOR('',#4938,1.0);
#4936=DIRECTION('',(1,0,0));
#4937=DIRECTION('',(0,-0.5495663803621272,-0.8354500545069523));
#4938=DIRECTION('',(-0.991732673643104,0.07052096100242856,0.10720586778714417));
#4939=FACE_SURFACE('',(#4944),#4940,.T.);
#4940=PLANE('',#4941);
#4941=AXIS2_PLACEMENT_3D('',#1567,#4942,#4943);
#4942=DIRECTION('',(-5.459278497439723E-08,0.835449822632925,-0.5495667328565396));
#4943=DIRECTION('',(0.991732673643104,-0.07052096100242856,-0.10720586778714417));
#4944=FACE_BOUND('',#4945,.T.);
#4945=EDGE_LOOP('',(#4946,#4947,#4948));
#4946=ORIENTED_EDGE('',*,*,#4949,.T.);
#4947=ORIENTED_EDGE('',*,*,#4950,.T.);
#4948=ORIENTED_EDGE('',*,*,#4951,.T.);
#4949=EDGE_CURVE('',#1568,#1566,#4952,.F.);
#4950=EDGE_CURVE('',#1566,#1564,#4953,.T.);
#4951=EDGE_CURVE('',#1564,#1568,#4954,.T.);
#4952=LINE('',#1567,#4955);
#4953=LINE('',#1565,#4956);
#4954=LINE('',#1563,#4957);
#4955=VECTOR('',#4958,1.0);
#4956=VECTOR('',#4959,1.0);
#4957=VECTOR('',#4960,1.0);
#4958=DIRECTION('',(0.991732673643104,-0.07052096100242856,-0.10720586778714417));
#4959=DIRECTION('',(-0.9999999999999949,0,9.933786326831701E-08));
#4960=DIRECTION('',(0,0.5495667328565403,0.8354498226329262));
#4961=FACE_SURFACE('',(#4966),#4962,.T.);
#4962=PLANE('',#4963);
#4963=AXIS2_PLACEMENT_3D('',#1571,#4964,#4965);
#4964=DIRECTION('',(0,0.7035893427765416,-0.7106068088129146));
#4965=DIRECTION('',(1,0,0));
#4966=FACE_BOUND('',#4967,.T.);
#4967=EDGE_LOOP('',(#4968,#4969,#4970));
#4968=ORIENTED_EDGE('',*,*,#4971,.T.);
#4969=ORIENTED_EDGE('',*,*,#4972,.T.);
#4970=ORIENTED_EDGE('',*,*,#4973,.T.);
#4971=EDGE_CURVE('',#1572,#1574,#4974,.F.);
#4972=EDGE_CURVE('',#1574,#1570,#4975,.T.);
#4973=EDGE_CURVE('',#1570,#1572,#4976,.T.);
#4974=LINE('',#1571,#4977);
#4975=LINE('',#1573,#4978);
#4976=LINE('',#1569,#4979);
#4977=VECTOR('',#4980,1.0);
#4978=VECTOR('',#4981,1.0);
#4979=VECTOR('',#4982,1.0);
#4980=DIRECTION('',(1,0,0));
#4981=DIRECTION('',(0,-0.7106068088129146,-0.7035893427765417));
#4982=DIRECTION('',(-0.9935462092996965,0.08060276800628792,0.07980679028709513));
#4983=FACE_SURFACE('',(#4988),#4984,.T.);
#4984=PLANE('',#4985);
#4985=AXIS2_PLACEMENT_3D('',#1571,#4986,#4987);
#4986=DIRECTION('',(0,0.7035893427765416,-0.7106068088129146));
#4987=DIRECTION('',(0.9935462092996965,-0.08060276800628792,-0.07980679028709513));
#4988=FACE_BOUND('',#4989,.T.);
#4989=EDGE_LOOP('',(#4990,#4991,#4992));
#4990=ORIENTED_EDGE('',*,*,#4993,.T.);
#4991=ORIENTED_EDGE('',*,*,#4994,.T.);
#4992=ORIENTED_EDGE('',*,*,#4995,.T.);
#4993=EDGE_CURVE('',#1572,#1570,#4996,.F.);
#4994=EDGE_CURVE('',#1570,#1576,#4997,.T.);
#4995=EDGE_CURVE('',#1576,#1572,#4998,.T.);
#4996=LINE('',#1571,#4999);
#4997=LINE('',#1569,#5000);
#4998=LINE('',#1575,#5001);
#4999=VECTOR('',#5002,1.0);
#5000=VECTOR('',#5003,1.0);
#5001=VECTOR('',#5004,1.0);
#5002=DIRECTION('',(0.9935462092996965,-0.08060276800628792,-0.07980679028709513));
#5003=DIRECTION('',(-1,0,0));
#5004=DIRECTION('',(0,0.7106068088129146,0.7035893427765417));
#5005=FACE_SURFACE('',(#5010),#5006,.T.);
#5006=PLANE('',#5007);
#5007=AXIS2_PLACEMENT_3D('',#1577,#5008,#5009);
#5008=DIRECTION('',(0,0.48986849446338393,-0.8717963398249488));
#5009=DIRECTION('',(1,0,0));
#5010=FACE_BOUND('',#5011,.T.);
#5011=EDGE_LOOP('',(#5012,#5013,#5014));
#5012=ORIENTED_EDGE('',*,*,#5015,.T.);
#5013=ORIENTED_EDGE('',*,*,#5016,.T.);
#5014=ORIENTED_EDGE('',*,*,#5017,.T.);
#5015=EDGE_CURVE('',#1578,#1580,#5018,.F.);
#5016=EDGE_CURVE('',#1580,#1574,#5019,.T.);
#5017=EDGE_CURVE('',#1574,#1578,#5020,.T.);
#5018=LINE('',#1577,#5021);
#5019=LINE('',#1579,#5022);
#5020=LINE('',#1573,#5023);
#5021=VECTOR('',#5024,1.0);
#5022=VECTOR('',#5025,1.0);
#5023=VECTOR('',#5026,1.0);
#5024=DIRECTION('',(1,0,0));
#5025=DIRECTION('',(0,-0.8717963398249488,-0.4898684944633839));
#5026=DIRECTION('',(-0.9949407967264466,0.08758326111064486,0.04921365036824994));
#5027=FACE_SURFACE('',(#5032),#5028,.T.);
#5028=PLANE('',#5029);
#5029=AXIS2_PLACEMENT_3D('',#1577,#5030,#5031);
#5030=DIRECTION('',(0,0.48986849446338393,-0.8717963398249488));
#5031=DIRECTION('',(0.9949407967264466,-0.08758326111064486,-0.04921365036824994));
#5032=FACE_BOUND('',#5033,.T.);
#5033=EDGE_LOOP('',(#5034,#5035,#5036));
#5034=ORIENTED_EDGE('',*,*,#5037,.T.);
#5035=ORIENTED_EDGE('',*,*,#5038,.T.);
#5036=ORIENTED_EDGE('',*,*,#5039,.T.);
#5037=EDGE_CURVE('',#1578,#1574,#5040,.F.);
#5038=EDGE_CURVE('',#1574,#1582,#5041,.T.);
#5039=EDGE_CURVE('',#1582,#1578,#5042,.T.);
#5040=LINE('',#1577,#5043);
#5041=LINE('',#1573,#5044);
#5042=LINE('',#1581,#5045);
#5043=VECTOR('',#5046,1.0);
#5044=VECTOR('',#5047,1.0);
#5045=VECTOR('',#5048,1.0);
#5046=DIRECTION('',(0.9949407967264466,-0.08758326111064486,-0.04921365036824994));
#5047=DIRECTION('',(-1,0,0));
#5048=DIRECTION('',(0,0.8717963398249488,0.4898684944633839));
#5049=FACE_SURFACE('',(#5054),#5050,.T.);
#5050=PLANE('',#5051);
#5051=AXIS2_PLACEMENT_3D('',#1583,#5052,#5053);
#5052=DIRECTION('',(0,0.17948073496430117,-0.9837614882565155));
#5053=DIRECTION('',(1,0,0));
#5054=FACE_BOUND('',#5055,.T.);
#5055=EDGE_LOOP('',(#5056,#5057,#5058));
#5056=ORIENTED_EDGE('',*,*,#5059,.T.);
#5057=ORIENTED_EDGE('',*,*,#5060,.T.);
#5058=ORIENTED_EDGE('',*,*,#5061,.T.);
#5059=EDGE_CURVE('',#1584,#1586,#5062,.F.);
#5060=EDGE_CURVE('',#1586,#1580,#5063,.T.);
#5061=EDGE_CURVE('',#1580,#1584,#5064,.T.);
#5062=LINE('',#1583,#5065);
#5063=LINE('',#1585,#5066);
#5064=LINE('',#1579,#5067);
#5065=VECTOR('',#5068,1.0);
#5066=VECTOR('',#5069,1.0);
#5067=VECTOR('',#5070,1.0);
#5068=DIRECTION('',(1,0,0));
#5069=DIRECTION('',(0,-0.9837614882565155,-0.1794807349643012));
#5070=DIRECTION('',(-0.9956980992483625,0.09115225817840152,0.016630122734840533));
#5071=FACE_SURFACE('',(#5076),#5072,.T.);
#5072=PLANE('',#5073);
#5073=AXIS2_PLACEMENT_3D('',#1583,#5074,#5075);
#5074=DIRECTION('',(0,0.17948073496430117,-0.9837614882565155));
#5075=DIRECTION('',(0.9956980992483625,-0.09115225817840152,-0.016630122734840533));
#5076=FACE_BOUND('',#5077,.T.);
#5077=EDGE_LOOP('',(#5078,#5079,#5080));
#5078=ORIENTED_EDGE('',*,*,#5081,.T.);
#5079=ORIENTED_EDGE('',*,*,#5082,.T.);
#5080=ORIENTED_EDGE('',*,*,#5083,.T.);
#5081=EDGE_CURVE('',#1584,#1580,#5084,.F.);
#5082=EDGE_CURVE('',#1580,#1578,#5085,.T.);
#5083=EDGE_CURVE('',#1578,#1584,#5086,.T.);
#5084=LINE('',#1583,#5087);
#5085=LINE('',#1579,#5088);
#5086=LINE('',#1577,#5089);
#5087=VECTOR('',#5090,1.0);
#5088=VECTOR('',#5091,1.0);
#5089=VECTOR('',#5092,1.0);
#5090=DIRECTION('',(0.9956980992483625,-0.09115225817840152,-0.016630122734840533));
#5091=DIRECTION('',(-1,0,0));
#5092=DIRECTION('',(0,0.9837614882565155,0.1794807349643012));
#5093=FACE_SURFACE('',(#5098),#5094,.T.);
#5094=PLANE('',#5095);
#5095=AXIS2_PLACEMENT_3D('',#1587,#5096,#5097);
#5096=DIRECTION('',(0,-0.00521051204934839,-0.9999864251899541));
#5097=DIRECTION('',(0,0.9999864251899541,-0.00521051204934839));
#5098=FACE_BOUND('',#5099,.T.);
#5099=EDGE_LOOP('',(#5100,#5101,#5102));
#5100=ORIENTED_EDGE('',*,*,#5103,.T.);
#5101=ORIENTED_EDGE('',*,*,#5104,.T.);
#5102=ORIENTED_EDGE('',*,*,#5105,.T.);
#5103=EDGE_CURVE('',#1588,#1590,#5106,.F.);
#5104=EDGE_CURVE('',#1590,#1592,#5107,.T.);
#5105=EDGE_CURVE('',#1592,#1588,#5108,.T.);
#5106=LINE('',#1587,#5109);
#5107=LINE('',#1589,#5110);
#5108=LINE('',#1591,#5111);
#5109=VECTOR('',#5112,1.0);
#5110=VECTOR('',#5113,1.0);
#5111=VECTOR('',#5114,1.0);
#5112=DIRECTION('',(0,0.9999864251899541,-0.00521051204934839));
#5113=DIRECTION('',(1,0,0));
#5114=DIRECTION('',(-0.11731735887997322,-0.9930809944496688,0.005174530730830629));
#5115=FACE_SURFACE('',(#5120),#5116,.T.);
#5116=PLANE('',#5117);
#5117=AXIS2_PLACEMENT_3D('',#1593,#5118,#5119);
#5118=DIRECTION('',(0,0,-1));
#5119=DIRECTION('',(1,0,0));
#5120=FACE_BOUND('',#5121,.T.);
#5121=EDGE_LOOP('',(#5122,#5123,#5124));
#5122=ORIENTED_EDGE('',*,*,#5125,.T.);
#5123=ORIENTED_EDGE('',*,*,#5126,.T.);
#5124=ORIENTED_EDGE('',*,*,#5127,.T.);
#5125=EDGE_CURVE('',#1594,#1596,#5128,.F.);
#5126=EDGE_CURVE('',#1596,#1586,#5129,.T.);
#5127=EDGE_CURVE('',#1586,#1594,#5130,.T.);
#5128=LINE('',#1593,#5131);
#5129=LINE('',#1595,#5132);
#5130=LINE('',#1585,#5133);
#5131=VECTOR('',#5134,1.0);
#5132=VECTOR('',#5135,1.0);
#5133=VECTOR('',#5136,1.0);
#5134=DIRECTION('',(1,0,0));
#5135=DIRECTION('',(0,-1,0));
#5136=DIRECTION('',(-0.999999999994071,3.4435348817607833E-06,0));
#5137=FACE_SURFACE('',(#5142),#5138,.T.);
#5138=PLANE('',#5139);
#5139=AXIS2_PLACEMENT_3D('',#1587,#5140,#5141);
#5140=DIRECTION('',(2.944079466412805E-08,-0.005210515527234401,-0.9999864251718318));
#5141=DIRECTION('',(0.11731735887997322,0.9930809944496688,-0.005174530730830629));
#5142=FACE_BOUND('',#5143,.T.);
#5143=EDGE_LOOP('',(#5144,#5145,#5146));
#5144=ORIENTED_EDGE('',*,*,#5147,.T.);
#5145=ORIENTED_EDGE('',*,*,#5148,.T.);
#5146=ORIENTED_EDGE('',*,*,#5149,.T.);
#5147=EDGE_CURVE('',#1588,#1592,#5150,.F.);
#5148=EDGE_CURVE('',#1592,#1594,#5151,.T.);
#5149=EDGE_CURVE('',#1594,#1588,#5152,.T.);
#5150=LINE('',#1587,#5153);
#5151=LINE('',#1591,#5154);
#5152=LINE('',#1593,#5155);
#5153=VECTOR('',#5156,1.0);
#5154=VECTOR('',#5157,1.0);
#5155=VECTOR('',#5158,1.0);
#5156=DIRECTION('',(0.11731735887997322,0.9930809944496688,-0.005174530730830629));
#5157=DIRECTION('',(0,-0.9999864251718322,0.0052105155272344035));
#5158=DIRECTION('',(-0.9999999999840373,-5.650265220356126E-06,0));
#5159=FACE_SURFACE('',(#5164),#5160,.T.);
#5160=PLANE('',#5161);
#5161=AXIS2_PLACEMENT_3D('',#1593,#5162,#5163);
#5162=DIRECTION('',(0,-0,-1));
#5163=DIRECTION('',(0.999999999994071,-3.4435348817607833E-06,0));
#5164=FACE_BOUND('',#5165,.T.);
#5165=EDGE_LOOP('',(#5166,#5167,#5168));
#5166=ORIENTED_EDGE('',*,*,#5169,.T.);
#5167=ORIENTED_EDGE('',*,*,#5170,.T.);
#5168=ORIENTED_EDGE('',*,*,#5171,.T.);
#5169=EDGE_CURVE('',#1594,#1586,#5172,.F.);
#5170=EDGE_CURVE('',#1586,#1588,#5173,.T.);
#5171=EDGE_CURVE('',#1588,#1594,#5174,.T.);
#5172=LINE('',#1593,#5175);
#5173=LINE('',#1585,#5176);
#5174=LINE('',#1587,#5177);
#5175=VECTOR('',#5178,1.0);
#5176=VECTOR('',#5179,1.0);
#5177=VECTOR('',#5180,1.0);
#5178=DIRECTION('',(0.999999999994071,-3.4435348817607833E-06,0));
#5179=DIRECTION('',(-1,0,0));
#5180=DIRECTION('',(0.9999999999840373,5.650265220356126E-06,0));
#5181=FACE_SURFACE('',(#5186),#5182,.T.);
#5182=PLANE('',#5183);
#5183=AXIS2_PLACEMENT_3D('',#1597,#5184,#5185);
#5184=DIRECTION('',(-0,-0.4734878601166424,-0.8808003441882631));
#5185=DIRECTION('',(-1,0,0));
#5186=FACE_BOUND('',#5187,.T.);
#5187=EDGE_LOOP('',(#5188,#5189,#5190));
#5188=ORIENTED_EDGE('',*,*,#5191,.T.);
#5189=ORIENTED_EDGE('',*,*,#5192,.T.);
#5190=ORIENTED_EDGE('',*,*,#5193,.T.);
#5191=EDGE_CURVE('',#1598,#1600,#5194,.F.);
#5192=EDGE_CURVE('',#1600,#1602,#5195,.T.);
#5193=EDGE_CURVE('',#1602,#1598,#5196,.T.);
#5194=LINE('',#1597,#5197);
#5195=LINE('',#1599,#5198);
#5196=LINE('',#1601,#5199);
#5197=VECTOR('',#5200,1.0);
#5198=VECTOR('',#5201,1.0);
#5199=VECTOR('',#5202,1.0);
#5200=DIRECTION('',(-1,0,0));
#5201=DIRECTION('',(0,0.8808003441882633,-0.4734878601166425));
#5202=DIRECTION('',(0.9639881568674744,-0.234244597226363,0.12592180942755057));
#5203=FACE_SURFACE('',(#5208),#5204,.T.);
#5204=PLANE('',#5205);
#5205=AXIS2_PLACEMENT_3D('',#1597,#5206,#5207);
#5206=DIRECTION('',(0,-0.4734878601166424,-0.8808003441882631));
#5207=DIRECTION('',(-0.9639881568674744,0.234244597226363,-0.12592180942755057));
#5208=FACE_BOUND('',#5209,.T.);
#5209=EDGE_LOOP('',(#5210,#5211,#5212));
#5210=ORIENTED_EDGE('',*,*,#5213,.T.);
#5211=ORIENTED_EDGE('',*,*,#5214,.T.);
#5212=ORIENTED_EDGE('',*,*,#5215,.T.);
#5213=EDGE_CURVE('',#1598,#1602,#5216,.F.);
#5214=EDGE_CURVE('',#1602,#1604,#5217,.T.);
#5215=EDGE_CURVE('',#1604,#1598,#5218,.T.);
#5216=LINE('',#1597,#5219);
#5217=LINE('',#1601,#5220);
#5218=LINE('',#1603,#5221);
#5219=VECTOR('',#5222,1.0);
#5220=VECTOR('',#5223,1.0);
#5221=VECTOR('',#5224,1.0);
#5222=DIRECTION('',(-0.9639881568674744,0.234244597226363,-0.12592180942755057));
#5223=DIRECTION('',(1,0,0));
#5224=DIRECTION('',(0,-0.8808003441882633,0.4734878601166425));
#5225=FACE_SURFACE('',(#5230),#5226,.T.);
#5226=PLANE('',#5227);
#5227=AXIS2_PLACEMENT_3D('',#1603,#5228,#5229);
#5228=DIRECTION('',(-0,-0.6877012539214529,-0.7259937915401627));
#5229=DIRECTION('',(-1,0,0));
#5230=FACE_BOUND('',#5231,.T.);
#5231=EDGE_LOOP('',(#5232,#5233,#5234));
#5232=ORIENTED_EDGE('',*,*,#5235,.T.);
#5233=ORIENTED_EDGE('',*,*,#5236,.T.);
#5234=ORIENTED_EDGE('',*,*,#5237,.T.);
#5235=EDGE_CURVE('',#1604,#1602,#5238,.F.);
#5236=EDGE_CURVE('',#1602,#1606,#5239,.T.);
#5237=EDGE_CURVE('',#1606,#1604,#5240,.T.);
#5238=LINE('',#1603,#5241);
#5239=LINE('',#1601,#5242);
#5240=LINE('',#1605,#5243);
#5241=VECTOR('',#5244,1.0);
#5242=VECTOR('',#5245,1.0);
#5243=VECTOR('',#5246,1.0);
#5244=DIRECTION('',(-1,0,0));
#5245=DIRECTION('',(0,0.7259937915401629,-0.687701253921453));
#5246=DIRECTION('',(0.9555737198445852,-0.21398827529399958,0.20270146516264187));
#5247=FACE_SURFACE('',(#5252),#5248,.T.);
#5248=PLANE('',#5249);
#5249=AXIS2_PLACEMENT_3D('',#1603,#5250,#5251);
#5250=DIRECTION('',(0,-0.6877012539214529,-0.7259937915401627));
#5251=DIRECTION('',(-0.9555737198445852,0.21398827529399958,-0.20270146516264187));
#5252=FACE_BOUND('',#5253,.T.);
#5253=EDGE_LOOP('',(#5254,#5255,#5256));
#5254=ORIENTED_EDGE('',*,*,#5257,.T.);
#5255=ORIENTED_EDGE('',*,*,#5258,.T.);
#5256=ORIENTED_EDGE('',*,*,#5259,.T.);
#5257=EDGE_CURVE('',#1604,#1606,#5260,.F.);
#5258=EDGE_CURVE('',#1606,#1608,#5261,.T.);
#5259=EDGE_CURVE('',#1608,#1604,#5262,.T.);
#5260=LINE('',#1603,#5263);
#5261=LINE('',#1605,#5264);
#5262=LINE('',#1607,#5265);
#5263=VECTOR('',#5266,1.0);
#5264=VECTOR('',#5267,1.0);
#5265=VECTOR('',#5268,1.0);
#5266=DIRECTION('',(-0.9555737198445852,0.21398827529399958,-0.20270146516264187));
#5267=DIRECTION('',(1,0,0));
#5268=DIRECTION('',(0,-0.7259937915401629,0.687701253921453));
#5269=FACE_SURFACE('',(#5274),#5270,.T.);
#5270=PLANE('',#5271);
#5271=AXIS2_PLACEMENT_3D('',#1609,#5272,#5273);
#5272=DIRECTION('',(-0,-0.824004473006805,-0.5665832934924727));
#5273=DIRECTION('',(-1,0,0));
#5274=FACE_BOUND('',#5275,.T.);
#5275=EDGE_LOOP('',(#5276,#5277,#5278));
#5276=ORIENTED_EDGE('',*,*,#5279,.T.);
#5277=ORIENTED_EDGE('',*,*,#5280,.T.);
#5278=ORIENTED_EDGE('',*,*,#5281,.T.);
#5279=EDGE_CURVE('',#1610,#1612,#5282,.F.);
#5280=EDGE_CURVE('',#1612,#1614,#5283,.T.);
#5281=EDGE_CURVE('',#1614,#1610,#5284,.T.);
#5282=LINE('',#1609,#5285);
#5283=LINE('',#1611,#5286);
#5284=LINE('',#1613,#5287);
#5285=VECTOR('',#5288,1.0);
#5286=VECTOR('',#5289,1.0);
#5287=VECTOR('',#5290,1.0);
#5288=DIRECTION('',(-1,0,0));
#5289=DIRECTION('',(0,0.5665832934924727,-0.8240044730068049));
#5290=DIRECTION('',(0.9449008638967203,-0.18547479255469443,0.26974332009157254));
#5291=FACE_SURFACE('',(#5296),#5292,.T.);
#5292=PLANE('',#5293);
#5293=AXIS2_PLACEMENT_3D('',#1609,#5294,#5295);
#5294=DIRECTION('',(0,-0.824004473006805,-0.5665832934924727));
#5295=DIRECTION('',(-0.9449008638967203,0.18547479255469443,-0.26974332009157254));
#5296=FACE_BOUND('',#5297,.T.);
#5297=EDGE_LOOP('',(#5298,#5299,#5300));
#5298=ORIENTED_EDGE('',*,*,#5301,.T.);
#5299=ORIENTED_EDGE('',*,*,#5302,.T.);
#5300=ORIENTED_EDGE('',*,*,#5303,.T.);
#5301=EDGE_CURVE('',#1610,#1614,#5304,.F.);
#5302=EDGE_CURVE('',#1614,#1616,#5305,.T.);
#5303=EDGE_CURVE('',#1616,#1610,#5306,.T.);
#5304=LINE('',#1609,#5307);
#5305=LINE('',#1613,#5308);
#5306=LINE('',#1615,#5309);
#5307=VECTOR('',#5310,1.0);
#5308=VECTOR('',#5311,1.0);
#5309=VECTOR('',#5312,1.0);
#5310=DIRECTION('',(-0.9449008638967203,0.18547479255469443,-0.26974332009157254));
#5311=DIRECTION('',(1,0,0));
#5312=DIRECTION('',(0,-0.5665832934924727,0.8240044730068049));
#5313=FACE_SURFACE('',(#5318),#5314,.T.);
#5314=PLANE('',#5315);
#5315=AXIS2_PLACEMENT_3D('',#1617,#5316,#5317);
#5316=DIRECTION('',(-0,-0.9074251594374488,-0.42021373135574785));
#5317=DIRECTION('',(-1,0,0));
#5318=FACE_BOUND('',#5319,.T.);
#5319=EDGE_LOOP('',(#5320,#5321,#5322));
#5320=ORIENTED_EDGE('',*,*,#5323,.T.);
#5321=ORIENTED_EDGE('',*,*,#5324,.T.);
#5322=ORIENTED_EDGE('',*,*,#5325,.T.);
#5323=EDGE_CURVE('',#1618,#1620,#5326,.F.);
#5324=EDGE_CURVE('',#1620,#1622,#5327,.T.);
#5325=EDGE_CURVE('',#1622,#1618,#5328,.T.);
#5326=LINE('',#1617,#5329);
#5327=LINE('',#1619,#5330);
#5328=LINE('',#1621,#5331);
#5329=VECTOR('',#5332,1.0);
#5330=VECTOR('',#5333,1.0);
#5331=VECTOR('',#5334,1.0);
#5332=DIRECTION('',(-1,0,0));
#5333=DIRECTION('',(0,0.4202137313557478,-0.9074251594374487));
#5334=DIRECTION('',(0.9337450175486943,-0.15041083258945892,0.3248027457438351));
#5335=FACE_SURFACE('',(#5340),#5336,.T.);
#5336=PLANE('',#5337);
#5337=AXIS2_PLACEMENT_3D('',#1617,#5338,#5339);
#5338=DIRECTION('',(0,-0.9074251594374488,-0.42021373135574785));
#5339=DIRECTION('',(-0.9337450175486943,0.15041083258945892,-0.3248027457438351));
#5340=FACE_BOUND('',#5341,.T.);
#5341=EDGE_LOOP('',(#5342,#5343,#5344));
#5342=ORIENTED_EDGE('',*,*,#5345,.T.);
#5343=ORIENTED_EDGE('',*,*,#5346,.T.);
#5344=ORIENTED_EDGE('',*,*,#5347,.T.);
#5345=EDGE_CURVE('',#1618,#1622,#5348,.F.);
#5346=EDGE_CURVE('',#1622,#1624,#5349,.T.);
#5347=EDGE_CURVE('',#1624,#1618,#5350,.T.);
#5348=LINE('',#1617,#5351);
#5349=LINE('',#1621,#5352);
#5350=LINE('',#1623,#5353);
#5351=VECTOR('',#5354,1.0);
#5352=VECTOR('',#5355,1.0);
#5353=VECTOR('',#5356,1.0);
#5354=DIRECTION('',(-0.9337450175486943,0.15041083258945892,-0.3248027457438351));
#5355=DIRECTION('',(1,0,0));
#5356=DIRECTION('',(0,-0.4202137313557478,0.9074251594374487));
#5357=FACE_SURFACE('',(#5362),#5358,.T.);
#5358=PLANE('',#5359);
#5359=AXIS2_PLACEMENT_3D('',#1623,#5360,#5361);
#5360=DIRECTION('',(-0,-0.9573980497107872,-0.2887714916850016));
#5361=DIRECTION('',(-1,0,0));
#5362=FACE_BOUND('',#5363,.T.);
#5363=EDGE_LOOP('',(#5364,#5365,#5366));
#5364=ORIENTED_EDGE('',*,*,#5367,.T.);
#5365=ORIENTED_EDGE('',*,*,#5368,.T.);
#5366=ORIENTED_EDGE('',*,*,#5369,.T.);
#5367=EDGE_CURVE('',#1624,#1626,#5370,.F.);
#5368=EDGE_CURVE('',#1626,#1628,#5371,.T.);
#5369=EDGE_CURVE('',#1628,#1624,#5372,.T.);
#5370=LINE('',#1623,#5373);
#5371=LINE('',#1625,#5374);
#5372=LINE('',#1627,#5375);
#5373=VECTOR('',#5376,1.0);
#5374=VECTOR('',#5377,1.0);
#5375=VECTOR('',#5378,1.0);
#5376=DIRECTION('',(-1,0,0));
#5377=DIRECTION('',(0,0.28877149168500166,-0.9573980497107873));
#5378=DIRECTION('',(0.9237801975995052,-0.11057729213604298,0.36660988664639044));
#5379=FACE_SURFACE('',(#5384),#5380,.T.);
#5380=PLANE('',#5381);
#5381=AXIS2_PLACEMENT_3D('',#1623,#5382,#5383);
#5382=DIRECTION('',(0,-0.9573980497107872,-0.2887714916850016));
#5383=DIRECTION('',(-0.9237801975995052,0.11057729213604298,-0.36660988664639044));
#5384=FACE_BOUND('',#5385,.T.);
#5385=EDGE_LOOP('',(#5386,#5387,#5388));
#5386=ORIENTED_EDGE('',*,*,#5389,.T.);
#5387=ORIENTED_EDGE('',*,*,#5390,.T.);
#5388=ORIENTED_EDGE('',*,*,#5391,.T.);
#5389=EDGE_CURVE('',#1624,#1628,#5392,.F.);
#5390=EDGE_CURVE('',#1628,#1630,#5393,.T.);
#5391=EDGE_CURVE('',#1630,#1624,#5394,.T.);
#5392=LINE('',#1623,#5395);
#5393=LINE('',#1627,#5396);
#5394=LINE('',#1629,#5397);
#5395=VECTOR('',#5398,1.0);
#5396=VECTOR('',#5399,1.0);
#5397=VECTOR('',#5400,1.0);
#5398=DIRECTION('',(-0.9237801975995052,0.11057729213604298,-0.36660988664639044));
#5399=DIRECTION('',(1,0,0));
#5400=DIRECTION('',(0,-0.28877149168500166,0.9573980497107873));
#5401=FACE_SURFACE('',(#5406),#5402,.T.);
#5402=PLANE('',#5403);
#5403=AXIS2_PLACEMENT_3D('',#1631,#5404,#5405);
#5404=DIRECTION('',(-1,0,-0));
#5405=DIRECTION('',(0,1,0));
#5406=FACE_BOUND('',#5407,.T.);
#5407=EDGE_LOOP('',(#5408,#5409,#5410));
#5408=ORIENTED_EDGE('',*,*,#5411,.T.);
#5409=ORIENTED_EDGE('',*,*,#5412,.T.);
#5410=ORIENTED_EDGE('',*,*,#5413,.T.);
#5411=EDGE_CURVE('',#1632,#1634,#5414,.F.);
#5412=EDGE_CURVE('',#1634,#1636,#5415,.T.);
#5413=EDGE_CURVE('',#1636,#1632,#5416,.T.);
#5414=LINE('',#1631,#5417);
#5415=LINE('',#1633,#5418);
#5416=LINE('',#1635,#5419);
#5417=VECTOR('',#5420,1.0);
#5418=VECTOR('',#5421,1.0);
#5419=VECTOR('',#5422,1.0);
#5420=DIRECTION('',(0,1,0));
#5421=DIRECTION('',(0,-0.9837614882565155,-0.1794807349643012));
#5422=DIRECTION('',(0,0.9837607475803093,0.17948479467696174));
#5423=FACE_SURFACE('',(#5428),#5424,.T.);
#5424=PLANE('',#5425);
#5425=AXIS2_PLACEMENT_3D('',#1637,#5426,#5427);
#5426=DIRECTION('',(-1,0,0));
#5427=DIRECTION('',(0,0.9837614882565155,0.1794807349643012));
#5428=FACE_BOUND('',#5429,.T.);
#5429=EDGE_LOOP('',(#5430,#5431,#5432));
#5430=ORIENTED_EDGE('',*,*,#5433,.T.);
#5431=ORIENTED_EDGE('',*,*,#5434,.T.);
#5432=ORIENTED_EDGE('',*,*,#5435,.T.);
#5433=EDGE_CURVE('',#1638,#1632,#5436,.F.);
#5434=EDGE_CURVE('',#1632,#1636,#5437,.T.);
#5435=EDGE_CURVE('',#1636,#1638,#5438,.T.);
#5436=LINE('',#1637,#5439);
#5437=LINE('',#1631,#5440);
#5438=LINE('',#1635,#5441);
#5439=VECTOR('',#5442,1.0);
#5440=VECTOR('',#5443,1.0);
#5441=VECTOR('',#5444,1.0);
#5442=DIRECTION('',(0,0.9837614882565155,0.1794807349643012));
#5443=DIRECTION('',(0,-0.9837607475803093,-0.17948479467696174));
#5444=DIRECTION('',(0,-1,0));
#5445=FACE_SURFACE('',(#5450),#5446,.T.);
#5446=PLANE('',#5447);
#5447=AXIS2_PLACEMENT_3D('',#1639,#5448,#5449);
#5448=DIRECTION('',(-1,0,0));
#5449=DIRECTION('',(0,0.9837616767391602,-0.17947970185889067));
#5450=FACE_BOUND('',#5451,.T.);
#5451=EDGE_LOOP('',(#5452,#5453,#5454));
#5452=ORIENTED_EDGE('',*,*,#5455,.T.);
#5453=ORIENTED_EDGE('',*,*,#5456,.T.);
#5454=ORIENTED_EDGE('',*,*,#5457,.T.);
#5455=EDGE_CURVE('',#1640,#1642,#5458,.F.);
#5456=EDGE_CURVE('',#1642,#1644,#5459,.T.);
#5457=EDGE_CURVE('',#1644,#1640,#5460,.T.);
#5458=LINE('',#1639,#5461);
#5459=LINE('',#1641,#5462);
#5460=LINE('',#1643,#5463);
#5461=VECTOR('',#5464,1.0);
#5462=VECTOR('',#5465,1.0);
#5463=VECTOR('',#5466,1.0);
#5464=DIRECTION('',(0,0.9837616767391602,-0.17947970185889067));
#5465=DIRECTION('',(0,-1,0));
#5466=DIRECTION('',(0,-0.9837609360713387,0.1794837615497389));
#5467=FACE_SURFACE('',(#5472),#5468,.T.);
#5468=PLANE('',#5469);
#5469=AXIS2_PLACEMENT_3D('',#1639,#5470,#5471);
#5470=DIRECTION('',(-1,-0,-0));
#5471=DIRECTION('',(0,0.9837609360713387,-0.1794837615497389));
#5472=FACE_BOUND('',#5473,.T.);
#5473=EDGE_LOOP('',(#5474,#5475,#5476));
#5474=ORIENTED_EDGE('',*,*,#5477,.T.);
#5475=ORIENTED_EDGE('',*,*,#5478,.T.);
#5476=ORIENTED_EDGE('',*,*,#5479,.T.);
#5477=EDGE_CURVE('',#1640,#1644,#5480,.F.);
#5478=EDGE_CURVE('',#1644,#1646,#5481,.T.);
#5479=EDGE_CURVE('',#1646,#1640,#5482,.T.);
#5480=LINE('',#1639,#5483);
#5481=LINE('',#1643,#5484);
#5482=LINE('',#1645,#5485);
#5483=VECTOR('',#5486,1.0);
#5484=VECTOR('',#5487,1.0);
#5485=VECTOR('',#5488,1.0);
#5486=DIRECTION('',(0,0.9837609360713387,-0.1794837615497389));
#5487=DIRECTION('',(0,-0.9837616767391602,0.17947970185889067));
#5488=DIRECTION('',(0,1,0));
#5489=FACE_SURFACE('',(#5494),#5490,.T.);
#5490=PLANE('',#5491);
#5491=AXIS2_PLACEMENT_3D('',#1637,#5492,#5493);
#5492=DIRECTION('',(-1,0,-0));
#5493=DIRECTION('',(0,1,0));
#5494=FACE_BOUND('',#5495,.T.);
#5495=EDGE_LOOP('',(#5496,#5497,#5498));
#5496=ORIENTED_EDGE('',*,*,#5499,.T.);
#5497=ORIENTED_EDGE('',*,*,#5500,.T.);
#5498=ORIENTED_EDGE('',*,*,#5501,.T.);
#5499=EDGE_CURVE('',#1638,#1636,#5502,.F.);
#5500=EDGE_CURVE('',#1636,#1648,#5503,.T.);
#5501=EDGE_CURVE('',#1648,#1638,#5504,.T.);
#5502=LINE('',#1637,#5505);
#5503=LINE('',#1635,#5506);
#5504=LINE('',#1647,#5507);
#5505=VECTOR('',#5508,1.0);
#5506=VECTOR('',#5509,1.0);
#5507=VECTOR('',#5510,1.0);
#5508=DIRECTION('',(0,1,0));
#5509=DIRECTION('',(0,-0.8717963398249488,-0.4898684944633839));
#5510=DIRECTION('',(0,0.871791254834544,0.48987754387602944));
#5511=FACE_SURFACE('',(#5516),#5512,.T.);
#5512=PLANE('',#5513);
#5513=AXIS2_PLACEMENT_3D('',#1649,#5514,#5515);
#5514=DIRECTION('',(-1,0,0));
#5515=DIRECTION('',(0,0.8717963398249488,0.4898684944633839));
#5516=FACE_BOUND('',#5517,.T.);
#5517=EDGE_LOOP('',(#5518,#5519,#5520));
#5518=ORIENTED_EDGE('',*,*,#5521,.T.);
#5519=ORIENTED_EDGE('',*,*,#5522,.T.);
#5520=ORIENTED_EDGE('',*,*,#5523,.T.);
#5521=EDGE_CURVE('',#1650,#1638,#5524,.F.);
#5522=EDGE_CURVE('',#1638,#1648,#5525,.T.);
#5523=EDGE_CURVE('',#1648,#1650,#5526,.T.);
#5524=LINE('',#1649,#5527);
#5525=LINE('',#1637,#5528);
#5526=LINE('',#1647,#5529);
#5527=VECTOR('',#5530,1.0);
#5528=VECTOR('',#5531,1.0);
#5529=VECTOR('',#5532,1.0);
#5530=DIRECTION('',(0,0.8717963398249488,0.4898684944633839));
#5531=DIRECTION('',(0,-0.871791254834544,-0.48987754387602944));
#5532=DIRECTION('',(0,-1,0));
#5533=FACE_SURFACE('',(#5538),#5534,.T.);
#5534=PLANE('',#5535);
#5535=AXIS2_PLACEMENT_3D('',#1651,#5536,#5537);
#5536=DIRECTION('',(-1,0,0));
#5537=DIRECTION('',(0,0.8717954995318958,-0.4898699898911264));
#5538=FACE_BOUND('',#5539,.T.);
#5539=EDGE_LOOP('',(#5540,#5541,#5542));
#5540=ORIENTED_EDGE('',*,*,#5543,.T.);
#5541=ORIENTED_EDGE('',*,*,#5544,.T.);
#5542=ORIENTED_EDGE('',*,*,#5545,.T.);
#5543=EDGE_CURVE('',#1652,#1640,#5546,.F.);
#5544=EDGE_CURVE('',#1640,#1646,#5547,.T.);
#5545=EDGE_CURVE('',#1646,#1652,#5548,.T.);
#5546=LINE('',#1651,#5549);
#5547=LINE('',#1639,#5550);
#5548=LINE('',#1645,#5551);
#5549=VECTOR('',#5552,1.0);
#5550=VECTOR('',#5553,1.0);
#5551=VECTOR('',#5554,1.0);
#5552=DIRECTION('',(0,0.8717954995318958,-0.4898699898911264));
#5553=DIRECTION('',(0,-1,0));
#5554=DIRECTION('',(0,-0.8717904145153464,0.4898790393139518));
#5555=FACE_SURFACE('',(#5560),#5556,.T.);
#5556=PLANE('',#5557);
#5557=AXIS2_PLACEMENT_3D('',#1651,#5558,#5559);
#5558=DIRECTION('',(-1,-0,-0));
#5559=DIRECTION('',(0,0.8717904145153464,-0.4898790393139518));
#5560=FACE_BOUND('',#5561,.T.);
#5561=EDGE_LOOP('',(#5562,#5563,#5564));
#5562=ORIENTED_EDGE('',*,*,#5565,.T.);
#5563=ORIENTED_EDGE('',*,*,#5566,.T.);
#5564=ORIENTED_EDGE('',*,*,#5567,.T.);
#5565=EDGE_CURVE('',#1652,#1646,#5568,.F.);
#5566=EDGE_CURVE('',#1646,#1654,#5569,.T.);
#5567=EDGE_CURVE('',#1654,#1652,#5570,.T.);
#5568=LINE('',#1651,#5571);
#5569=LINE('',#1645,#5572);
#5570=LINE('',#1653,#5573);
#5571=VECTOR('',#5574,1.0);
#5572=VECTOR('',#5575,1.0);
#5573=VECTOR('',#5576,1.0);
#5574=DIRECTION('',(0,0.8717904145153464,-0.4898790393139518));
#5575=DIRECTION('',(0,-0.8717954995318958,0.4898699898911264));
#5576=DIRECTION('',(0,1,0));
#5577=FACE_SURFACE('',(#5582),#5578,.T.);
#5578=PLANE('',#5579);
#5579=AXIS2_PLACEMENT_3D('',#1649,#5580,#5581);
#5580=DIRECTION('',(-1,0,-0));
#5581=DIRECTION('',(0,1,0));
#5582=FACE_BOUND('',#5583,.T.);
#5583=EDGE_LOOP('',(#5584,#5585,#5586));
#5584=ORIENTED_EDGE('',*,*,#5587,.T.);
#5585=ORIENTED_EDGE('',*,*,#5588,.T.);
#5586=ORIENTED_EDGE('',*,*,#5589,.T.);
#5587=EDGE_CURVE('',#1650,#1648,#5590,.F.);
#5588=EDGE_CURVE('',#1648,#1656,#5591,.T.);
#5589=EDGE_CURVE('',#1656,#1650,#5592,.T.);
#5590=LINE('',#1649,#5593);
#5591=LINE('',#1647,#5594);
#5592=LINE('',#1655,#5595);
#5593=VECTOR('',#5596,1.0);
#5594=VECTOR('',#5597,1.0);
#5595=VECTOR('',#5598,1.0);
#5596=DIRECTION('',(0,1,0));
#5597=DIRECTION('',(0,-0.7106068088129146,-0.7035893427765417));
#5598=DIRECTION('',(0,0.7105975310648164,0.7035987129355675));
#5599=FACE_SURFACE('',(#5604),#5600,.T.);
#5600=PLANE('',#5601);
#5601=AXIS2_PLACEMENT_3D('',#1657,#5602,#5603);
#5602=DIRECTION('',(-1,0,0));
#5603=DIRECTION('',(0,0.7106068088129146,0.7035893427765417));
#5604=FACE_BOUND('',#5605,.T.);
#5605=EDGE_LOOP('',(#5606,#5607,#5608));
#5606=ORIENTED_EDGE('',*,*,#5609,.T.);
#5607=ORIENTED_EDGE('',*,*,#5610,.T.);
#5608=ORIENTED_EDGE('',*,*,#5611,.T.);
#5609=EDGE_CURVE('',#1658,#1650,#5612,.F.);
#5610=EDGE_CURVE('',#1650,#1656,#5613,.T.);
#5611=EDGE_CURVE('',#1656,#1658,#5614,.T.);
#5612=LINE('',#1657,#5615);
#5613=LINE('',#1649,#5616);
#5614=LINE('',#1655,#5617);
#5615=VECTOR('',#5618,1.0);
#5616=VECTOR('',#5619,1.0);
#5617=VECTOR('',#5620,1.0);
#5618=DIRECTION('',(0,0.7106068088129146,0.7035893427765417));
#5619=DIRECTION('',(0,-0.7105975310648164,-0.7035987129355675));
#5620=DIRECTION('',(0,-1,0));
#5621=FACE_SURFACE('',(#5626),#5622,.T.);
#5622=PLANE('',#5623);
#5623=AXIS2_PLACEMENT_3D('',#1659,#5624,#5625);
#5624=DIRECTION('',(-1,0,0));
#5625=DIRECTION('',(0,0.7106076788968823,-0.7035884640134356));
#5626=FACE_BOUND('',#5627,.T.);
#5627=EDGE_LOOP('',(#5628,#5629,#5630));
#5628=ORIENTED_EDGE('',*,*,#5631,.T.);
#5629=ORIENTED_EDGE('',*,*,#5632,.T.);
#5630=ORIENTED_EDGE('',*,*,#5633,.T.);
#5631=EDGE_CURVE('',#1660,#1652,#5634,.F.);
#5632=EDGE_CURVE('',#1652,#1654,#5635,.T.);
#5633=EDGE_CURVE('',#1654,#1660,#5636,.T.);
#5634=LINE('',#1659,#5637);
#5635=LINE('',#1651,#5638);
#5636=LINE('',#1653,#5639);
#5637=VECTOR('',#5640,1.0);
#5638=VECTOR('',#5641,1.0);
#5639=VECTOR('',#5642,1.0);
#5640=DIRECTION('',(0,0.7106076788968823,-0.7035884640134356));
#5641=DIRECTION('',(0,-1,0));
#5642=DIRECTION('',(0,-0.710598401160599,0.703597834183705));
#5643=FACE_SURFACE('',(#5648),#5644,.T.);
#5644=PLANE('',#5645);
#5645=AXIS2_PLACEMENT_3D('',#1659,#5646,#5647);
#5646=DIRECTION('',(-1,-0,-0));
#5647=DIRECTION('',(0,0.710598401160599,-0.703597834183705));
#5648=FACE_BOUND('',#5649,.T.);
#5649=EDGE_LOOP('',(#5650,#5651,#5652));
#5650=ORIENTED_EDGE('',*,*,#5653,.T.);
#5651=ORIENTED_EDGE('',*,*,#5654,.T.);
#5652=ORIENTED_EDGE('',*,*,#5655,.T.);
#5653=EDGE_CURVE('',#1660,#1654,#5656,.F.);
#5654=EDGE_CURVE('',#1654,#1662,#5657,.T.);
#5655=EDGE_CURVE('',#1662,#1660,#5658,.T.);
#5656=LINE('',#1659,#5659);
#5657=LINE('',#1653,#5660);
#5658=LINE('',#1661,#5661);
#5659=VECTOR('',#5662,1.0);
#5660=VECTOR('',#5663,1.0);
#5661=VECTOR('',#5664,1.0);
#5662=DIRECTION('',(0,0.710598401160599,-0.703597834183705));
#5663=DIRECTION('',(0,-0.7106076788968823,0.7035884640134356));
#5664=DIRECTION('',(0,1,0));
#5665=FACE_SURFACE('',(#5670),#5666,.T.);
#5666=PLANE('',#5667);
#5667=AXIS2_PLACEMENT_3D('',#1657,#5668,#5669);
#5668=DIRECTION('',(-1,0,-0));
#5669=DIRECTION('',(0,1,0));
#5670=FACE_BOUND('',#5671,.T.);
#5671=EDGE_LOOP('',(#5672,#5673,#5674));
#5672=ORIENTED_EDGE('',*,*,#5675,.T.);
#5673=ORIENTED_EDGE('',*,*,#5676,.T.);
#5674=ORIENTED_EDGE('',*,*,#5677,.T.);
#5675=EDGE_CURVE('',#1658,#1656,#5678,.F.);
#5676=EDGE_CURVE('',#1656,#1664,#5679,.T.);
#5677=EDGE_CURVE('',#1664,#1658,#5680,.T.);
#5678=LINE('',#1657,#5681);
#5679=LINE('',#1655,#5682);
#5680=LINE('',#1663,#5683);
#5681=VECTOR('',#5684,1.0);
#5682=VECTOR('',#5685,1.0);
#5683=VECTOR('',#5686,1.0);
#5684=DIRECTION('',(0,1,0));
#5685=DIRECTION('',(0,-0.5495663803621272,-0.8354500545069523));
#5686=DIRECTION('',(0,0.5495548386197235,0.8354576466522103));
#5687=FACE_SURFACE('',(#5692),#5688,.T.);
#5688=PLANE('',#5689);
#5689=AXIS2_PLACEMENT_3D('',#1665,#5690,#5691);
#5690=DIRECTION('',(-1,0,0));
#5691=DIRECTION('',(0,0.5495663803621272,0.8354500545069523));
#5692=FACE_BOUND('',#5693,.T.);
#5693=EDGE_LOOP('',(#5694,#5695,#5696));
#5694=ORIENTED_EDGE('',*,*,#5697,.T.);
#5695=ORIENTED_EDGE('',*,*,#5698,.T.);
#5696=ORIENTED_EDGE('',*,*,#5699,.T.);
#5697=EDGE_CURVE('',#1666,#1658,#5700,.F.);
#5698=EDGE_CURVE('',#1658,#1664,#5701,.T.);
#5699=EDGE_CURVE('',#1664,#1666,#5702,.T.);
#5700=LINE('',#1665,#5703);
#5701=LINE('',#1657,#5704);
#5702=LINE('',#1663,#5705);
#5703=VECTOR('',#5706,1.0);
#5704=VECTOR('',#5707,1.0);
#5705=VECTOR('',#5708,1.0);
#5706=DIRECTION('',(0,0.5495663803621272,0.8354500545069523));
#5707=DIRECTION('',(0,-0.5495548386197235,-0.8354576466522103));
#5708=DIRECTION('',(0,-1,0));
#5709=FACE_SURFACE('',(#5714),#5710,.T.);
#5710=PLANE('',#5711);
#5711=AXIS2_PLACEMENT_3D('',#1667,#5712,#5713);
#5712=DIRECTION('',(-1,0,0));
#5713=DIRECTION('',(0,0.5495667328565403,-0.8354498226329262));
#5714=FACE_BOUND('',#5715,.T.);
#5715=EDGE_LOOP('',(#5716,#5717,#5718));
#5716=ORIENTED_EDGE('',*,*,#5719,.T.);
#5717=ORIENTED_EDGE('',*,*,#5720,.T.);
#5718=ORIENTED_EDGE('',*,*,#5721,.T.);
#5719=EDGE_CURVE('',#1668,#1660,#5722,.F.);
#5720=EDGE_CURVE('',#1660,#1662,#5723,.T.);
#5721=EDGE_CURVE('',#1662,#1668,#5724,.T.);
#5722=LINE('',#1667,#5725);
#5723=LINE('',#1659,#5726);
#5724=LINE('',#1661,#5727);
#5725=VECTOR('',#5728,1.0);
#5726=VECTOR('',#5729,1.0);
#5727=VECTOR('',#5730,1.0);
#5728=DIRECTION('',(0,0.5495667328565403,-0.8354498226329262));
#5729=DIRECTION('',(0,-1,0));
#5730=DIRECTION('',(0,-0.5495551911131402,0.8354574147858166));
#5731=FACE_SURFACE('',(#5736),#5732,.T.);
#5732=PLANE('',#5733);
#5733=AXIS2_PLACEMENT_3D('',#1667,#5734,#5735);
#5734=DIRECTION('',(-1,-0,-0));
#5735=DIRECTION('',(0,0.5495551911131402,-0.8354574147858166));
#5736=FACE_BOUND('',#5737,.T.);
#5737=EDGE_LOOP('',(#5738,#5739,#5740));
#5738=ORIENTED_EDGE('',*,*,#5741,.T.);
#5739=ORIENTED_EDGE('',*,*,#5742,.T.);
#5740=ORIENTED_EDGE('',*,*,#5743,.T.);
#5741=EDGE_CURVE('',#1668,#1662,#5744,.F.);
#5742=EDGE_CURVE('',#1662,#1670,#5745,.T.);
#5743=EDGE_CURVE('',#1670,#1668,#5746,.T.);
#5744=LINE('',#1667,#5747);
#5745=LINE('',#1661,#5748);
#5746=LINE('',#1669,#5749);
#5747=VECTOR('',#5750,1.0);
#5748=VECTOR('',#5751,1.0);
#5749=VECTOR('',#5752,1.0);
#5750=DIRECTION('',(0,0.5495551911131402,-0.8354574147858166));
#5751=DIRECTION('',(0,-0.5495667328565403,0.8354498226329262));
#5752=DIRECTION('',(0,1,0));
#5753=FACE_SURFACE('',(#5758),#5754,.T.);
#5754=PLANE('',#5755);
#5755=AXIS2_PLACEMENT_3D('',#1665,#5756,#5757);
#5756=DIRECTION('',(-1,0,-0));
#5757=DIRECTION('',(0,1,0));
#5758=FACE_BOUND('',#5759,.T.);
#5759=EDGE_LOOP('',(#5760,#5761,#5762));
#5760=ORIENTED_EDGE('',*,*,#5763,.T.);
#5761=ORIENTED_EDGE('',*,*,#5764,.T.);
#5762=ORIENTED_EDGE('',*,*,#5765,.T.);
#5763=EDGE_CURVE('',#1666,#1664,#5766,.F.);
#5764=EDGE_CURVE('',#1664,#1672,#5767,.T.);
#5765=EDGE_CURVE('',#1672,#1666,#5768,.T.);
#5766=LINE('',#1665,#5769);
#5767=LINE('',#1663,#5770);
#5768=LINE('',#1671,#5771);
#5769=VECTOR('',#5772,1.0);
#5770=VECTOR('',#5773,1.0);
#5771=VECTOR('',#5774,1.0);
#5772=DIRECTION('',(0,1,0));
#5773=DIRECTION('',(0,-0.4050656037667149,-0.9142876224936586));
#5774=DIRECTION('',(0,0.4050531892388704,0.9142931225200263));
#5775=FACE_SURFACE('',(#5780),#5776,.T.);
#5776=PLANE('',#5777);
#5777=AXIS2_PLACEMENT_3D('',#1673,#5778,#5779);
#5778=DIRECTION('',(-1,0,0));
#5779=DIRECTION('',(0,0.4050656037667149,0.9142876224936586));
#5780=FACE_BOUND('',#5781,.T.);
#5781=EDGE_LOOP('',(#5782,#5783,#5784));
#5782=ORIENTED_EDGE('',*,*,#5785,.T.);
#5783=ORIENTED_EDGE('',*,*,#5786,.T.);
#5784=ORIENTED_EDGE('',*,*,#5787,.T.);
#5785=EDGE_CURVE('',#1674,#1666,#5788,.F.);
#5786=EDGE_CURVE('',#1666,#1672,#5789,.T.);
#5787=EDGE_CURVE('',#1672,#1674,#5790,.T.);
#5788=LINE('',#1673,#5791);
#5789=LINE('',#1665,#5792);
#5790=LINE('',#1671,#5793);
#5791=VECTOR('',#5794,1.0);
#5792=VECTOR('',#5795,1.0);
#5793=VECTOR('',#5796,1.0);
#5794=DIRECTION('',(0,0.4050656037667149,0.9142876224936586));
#5795=DIRECTION('',(0,-0.4050531892388704,-0.9142931225200263));
#5796=DIRECTION('',(0,-1,0));
#5797=FACE_SURFACE('',(#5802),#5798,.T.);
#5798=PLANE('',#5799);
#5799=AXIS2_PLACEMENT_3D('',#1675,#5800,#5801);
#5800=DIRECTION('',(-1,0,0));
#5801=DIRECTION('',(0,0.40506534840518915,-0.9142877356288788));
#5802=FACE_BOUND('',#5803,.T.);
#5803=EDGE_LOOP('',(#5804,#5805,#5806));
#5804=ORIENTED_EDGE('',*,*,#5807,.T.);
#5805=ORIENTED_EDGE('',*,*,#5808,.T.);
#5806=ORIENTED_EDGE('',*,*,#5809,.T.);
#5807=EDGE_CURVE('',#1676,#1668,#5810,.F.);
#5808=EDGE_CURVE('',#1668,#1670,#5811,.T.);
#5809=EDGE_CURVE('',#1670,#1676,#5812,.T.);
#5810=LINE('',#1675,#5813);
#5811=LINE('',#1667,#5814);
#5812=LINE('',#1669,#5815);
#5813=VECTOR('',#5816,1.0);
#5814=VECTOR('',#5817,1.0);
#5815=VECTOR('',#5818,1.0);
#5816=DIRECTION('',(0,0.40506534840518915,-0.9142877356288788));
#5817=DIRECTION('',(0,-1,0));
#5818=DIRECTION('',(0,-0.40505293388209884,0.9142932356489926));
#5819=FACE_SURFACE('',(#5824),#5820,.T.);
#5820=PLANE('',#5821);
#5821=AXIS2_PLACEMENT_3D('',#1675,#5822,#5823);
#5822=DIRECTION('',(-1,-0,-0));
#5823=DIRECTION('',(0,0.40505293388209884,-0.9142932356489926));
#5824=FACE_BOUND('',#5825,.T.);
#5825=EDGE_LOOP('',(#5826,#5827,#5828));
#5826=ORIENTED_EDGE('',*,*,#5829,.T.);
#5827=ORIENTED_EDGE('',*,*,#5830,.T.);
#5828=ORIENTED_EDGE('',*,*,#5831,.T.);
#5829=EDGE_CURVE('',#1676,#1670,#5832,.F.);
#5830=EDGE_CURVE('',#1670,#1678,#5833,.T.);
#5831=EDGE_CURVE('',#1678,#1676,#5834,.T.);
#5832=LINE('',#1675,#5835);
#5833=LINE('',#1669,#5836);
#5834=LINE('',#1677,#5837);
#5835=VECTOR('',#5838,1.0);
#5836=VECTOR('',#5839,1.0);
#5837=VECTOR('',#5840,1.0);
#5838=DIRECTION('',(0,0.40505293388209884,-0.9142932356489926));
#5839=DIRECTION('',(0,-0.40506534840518915,0.9142877356288788));
#5840=DIRECTION('',(0,1,0));
#5841=FACE_SURFACE('',(#5846),#5842,.T.);
#5842=PLANE('',#5843);
#5843=AXIS2_PLACEMENT_3D('',#1673,#5844,#5845);
#5844=DIRECTION('',(-1,0,-0));
#5845=DIRECTION('',(0,1,0));
#5846=FACE_BOUND('',#5847,.T.);
#5847=EDGE_LOOP('',(#5848,#5849,#5850));
#5848=ORIENTED_EDGE('',*,*,#5851,.T.);
#5849=ORIENTED_EDGE('',*,*,#5852,.T.);
#5850=ORIENTED_EDGE('',*,*,#5853,.T.);
#5851=EDGE_CURVE('',#1674,#1672,#5854,.F.);
#5852=EDGE_CURVE('',#1672,#1680,#5855,.T.);
#5853=EDGE_CURVE('',#1680,#1674,#5856,.T.);
#5854=LINE('',#1673,#5857);
#5855=LINE('',#1671,#5858);
#5856=LINE('',#1679,#5859);
#5857=VECTOR('',#5860,1.0);
#5858=VECTOR('',#5861,1.0);
#5859=VECTOR('',#5862,1.0);
#5860=DIRECTION('',(0,1,0));
#5861=DIRECTION('',(0,-0.2772525747730099,-0.9607970700318235));
#5862=DIRECTION('',(0,0.27723994689135745,0.9608007139088091));
#5863=FACE_SURFACE('',(#5868),#5864,.T.);
#5864=PLANE('',#5865);
#5865=AXIS2_PLACEMENT_3D('',#1681,#5866,#5867);
#5866=DIRECTION('',(-1,0,0));
#5867=DIRECTION('',(0,0.2772525747730099,0.9607970700318235));
#5868=FACE_BOUND('',#5869,.T.);
#5869=EDGE_LOOP('',(#5870,#5871,#5872));
#5870=ORIENTED_EDGE('',*,*,#5873,.T.);
#5871=ORIENTED_EDGE('',*,*,#5874,.T.);
#5872=ORIENTED_EDGE('',*,*,#5875,.T.);
#5873=EDGE_CURVE('',#1682,#1674,#5876,.F.);
#5874=EDGE_CURVE('',#1674,#1680,#5877,.T.);
#5875=EDGE_CURVE('',#1680,#1682,#5878,.T.);
#5876=LINE('',#1681,#5879);
#5877=LINE('',#1673,#5880);
#5878=LINE('',#1679,#5881);
#5879=VECTOR('',#5882,1.0);
#5880=VECTOR('',#5883,1.0);
#5881=VECTOR('',#5884,1.0);
#5882=DIRECTION('',(0,0.2772525747730099,0.9607970700318235));
#5883=DIRECTION('',(0,-0.27723994689135745,-0.9608007139088091));
#5884=DIRECTION('',(0,-1,0));
#5885=FACE_SURFACE('',(#5890),#5886,.T.);
#5886=PLANE('',#5887);
#5887=AXIS2_PLACEMENT_3D('',#1683,#5888,#5889);
#5888=DIRECTION('',(-1,0,0));
#5889=DIRECTION('',(0,0.277252743956937,-0.9607970212112177));
#5890=FACE_BOUND('',#5891,.T.);
#5891=EDGE_LOOP('',(#5892,#5893,#5894));
#5892=ORIENTED_EDGE('',*,*,#5895,.T.);
#5893=ORIENTED_EDGE('',*,*,#5896,.T.);
#5894=ORIENTED_EDGE('',*,*,#5897,.T.);
#5895=EDGE_CURVE('',#1684,#1676,#5898,.F.);
#5896=EDGE_CURVE('',#1676,#1678,#5899,.T.);
#5897=EDGE_CURVE('',#1678,#1684,#5900,.T.);
#5898=LINE('',#1683,#5901);
#5899=LINE('',#1675,#5902);
#5900=LINE('',#1677,#5903);
#5901=VECTOR('',#5904,1.0);
#5902=VECTOR('',#5905,1.0);
#5903=VECTOR('',#5906,1.0);
#5904=DIRECTION('',(0,0.277252743956937,-0.9607970212112177));
#5905=DIRECTION('',(0,-1,0));
#5906=DIRECTION('',(0,-0.2772401160688621,0.9608006650924654));
#5907=FACE_SURFACE('',(#5912),#5908,.T.);
#5908=PLANE('',#5909);
#5909=AXIS2_PLACEMENT_3D('',#1683,#5910,#5911);
#5910=DIRECTION('',(-1,-0,-0));
#5911=DIRECTION('',(0,0.2772401160688621,-0.9608006650924654));
#5912=FACE_BOUND('',#5913,.T.);
#5913=EDGE_LOOP('',(#5914,#5915,#5916));
#5914=ORIENTED_EDGE('',*,*,#5917,.T.);
#5915=ORIENTED_EDGE('',*,*,#5918,.T.);
#5916=ORIENTED_EDGE('',*,*,#5919,.T.);
#5917=EDGE_CURVE('',#1684,#1678,#5920,.F.);
#5918=EDGE_CURVE('',#1678,#1686,#5921,.T.);
#5919=EDGE_CURVE('',#1686,#1684,#5922,.T.);
#5920=LINE('',#1683,#5923);
#5921=LINE('',#1677,#5924);
#5922=LINE('',#1685,#5925);
#5923=VECTOR('',#5926,1.0);
#5924=VECTOR('',#5927,1.0);
#5925=VECTOR('',#5928,1.0);
#5926=DIRECTION('',(0,0.2772401160688621,-0.9608006650924654));
#5927=DIRECTION('',(0,-0.277252743956937,0.9607970212112177));
#5928=DIRECTION('',(0,1,0));
#5929=FACE_SURFACE('',(#5934),#5930,.T.);
#5930=PLANE('',#5931);
#5931=AXIS2_PLACEMENT_3D('',#1681,#5932,#5933);
#5932=DIRECTION('',(-1,0,-0));
#5933=DIRECTION('',(0,1,0));
#5934=FACE_BOUND('',#5935,.T.);
#5935=EDGE_LOOP('',(#5936,#5937,#5938));
#5936=ORIENTED_EDGE('',*,*,#5939,.T.);
#5937=ORIENTED_EDGE('',*,*,#5940,.T.);
#5938=ORIENTED_EDGE('',*,*,#5941,.T.);
#5939=EDGE_CURVE('',#1682,#1680,#5942,.F.);
#5940=EDGE_CURVE('',#1680,#1688,#5943,.T.);
#5941=EDGE_CURVE('',#1688,#1682,#5944,.T.);
#5942=LINE('',#1681,#5945);
#5943=LINE('',#1679,#5946);
#5944=LINE('',#1687,#5947);
#5945=VECTOR('',#5948,1.0);
#5946=VECTOR('',#5949,1.0);
#5947=VECTOR('',#5950,1.0);
#5948=DIRECTION('',(0,1,0));
#5949=DIRECTION('',(0,-0.16160217267123755,-0.9868559863465062));
#5950=DIRECTION('',(0,0.16158956190332527,0.9868580513345835));
#5951=FACE_SURFACE('',(#5956),#5952,.T.);
#5952=PLANE('',#5953);
#5953=AXIS2_PLACEMENT_3D('',#1689,#5954,#5955);
#5954=DIRECTION('',(-1,0,0));
#5955=DIRECTION('',(0,0.16160217267123755,0.9868559863465062));
#5956=FACE_BOUND('',#5957,.T.);
#5957=EDGE_LOOP('',(#5958,#5959,#5960));
#5958=ORIENTED_EDGE('',*,*,#5961,.T.);
#5959=ORIENTED_EDGE('',*,*,#5962,.T.);
#5960=ORIENTED_EDGE('',*,*,#5963,.T.);
#5961=EDGE_CURVE('',#1690,#1682,#5964,.F.);
#5962=EDGE_CURVE('',#1682,#1688,#5965,.T.);
#5963=EDGE_CURVE('',#1688,#1690,#5966,.T.);
#5964=LINE('',#1689,#5967);
#5965=LINE('',#1681,#5968);
#5966=LINE('',#1687,#5969);
#5967=VECTOR('',#5970,1.0);
#5968=VECTOR('',#5971,1.0);
#5969=VECTOR('',#5972,1.0);
#5970=DIRECTION('',(0,0.16160217267123755,0.9868559863465062));
#5971=DIRECTION('',(0,-0.16158956190332527,-0.9868580513345835));
#5972=DIRECTION('',(0,-1,0));
#5973=FACE_SURFACE('',(#5978),#5974,.T.);
#5974=PLANE('',#5975);
#5975=AXIS2_PLACEMENT_3D('',#1691,#5976,#5977);
#5976=DIRECTION('',(-1,0,0));
#5977=DIRECTION('',(0,0.16160188503673834,-0.9868560334479254));
#5978=FACE_BOUND('',#5979,.T.);
#5979=EDGE_LOOP('',(#5980,#5981,#5982));
#5980=ORIENTED_EDGE('',*,*,#5983,.T.);
#5981=ORIENTED_EDGE('',*,*,#5984,.T.);
#5982=ORIENTED_EDGE('',*,*,#5985,.T.);
#5983=EDGE_CURVE('',#1692,#1684,#5986,.F.);
#5984=EDGE_CURVE('',#1684,#1686,#5987,.T.);
#5985=EDGE_CURVE('',#1686,#1692,#5988,.T.);
#5986=LINE('',#1691,#5989);
#5987=LINE('',#1683,#5990);
#5988=LINE('',#1685,#5991);
#5989=VECTOR('',#5992,1.0);
#5990=VECTOR('',#5993,1.0);
#5991=VECTOR('',#5994,1.0);
#5992=DIRECTION('',(0,0.16160188503673834,-0.9868560334479254));
#5993=DIRECTION('',(0,-1,0));
#5994=DIRECTION('',(0,-0.16158927429006825,0.9868580984287504));
#5995=FACE_SURFACE('',(#6000),#5996,.T.);
#5996=PLANE('',#5997);
#5997=AXIS2_PLACEMENT_3D('',#1691,#5998,#5999);
#5998=DIRECTION('',(-1,-0,-0));
#5999=DIRECTION('',(0,0.16158927429006825,-0.9868580984287504));
#6000=FACE_BOUND('',#6001,.T.);
#6001=EDGE_LOOP('',(#6002,#6003,#6004));
#6002=ORIENTED_EDGE('',*,*,#6005,.T.);
#6003=ORIENTED_EDGE('',*,*,#6006,.T.);
#6004=ORIENTED_EDGE('',*,*,#6007,.T.);
#6005=EDGE_CURVE('',#1692,#1686,#6008,.F.);
#6006=EDGE_CURVE('',#1686,#1694,#6009,.T.);
#6007=EDGE_CURVE('',#1694,#1692,#6010,.T.);
#6008=LINE('',#1691,#6011);
#6009=LINE('',#1685,#6012);
#6010=LINE('',#1693,#6013);
#6011=VECTOR('',#6014,1.0);
#6012=VECTOR('',#6015,1.0);
#6013=VECTOR('',#6016,1.0);
#6014=DIRECTION('',(0,0.16158927429006825,-0.9868580984287504));
#6015=DIRECTION('',(0,-0.16160188503673834,0.9868560334479254));
#6016=DIRECTION('',(0,1,0));
#6017=FACE_SURFACE('',(#6022),#6018,.T.);
#6018=PLANE('',#6019);
#6019=AXIS2_PLACEMENT_3D('',#1689,#6020,#6021);
#6020=DIRECTION('',(-1,0,-0));
#6021=DIRECTION('',(0,1,0));
#6022=FACE_BOUND('',#6023,.T.);
#6023=EDGE_LOOP('',(#6024,#6025,#6026));
#6024=ORIENTED_EDGE('',*,*,#6027,.T.);
#6025=ORIENTED_EDGE('',*,*,#6028,.T.);
#6026=ORIENTED_EDGE('',*,*,#6029,.T.);
#6027=EDGE_CURVE('',#1690,#1688,#6030,.F.);
#6028=EDGE_CURVE('',#1688,#1696,#6031,.T.);
#6029=EDGE_CURVE('',#1696,#1690,#6032,.T.);
#6030=LINE('',#1689,#6033);
#6031=LINE('',#1687,#6034);
#6032=LINE('',#1695,#6035);
#6033=VECTOR('',#6036,1.0);
#6034=VECTOR('',#6037,1.0);
#6035=VECTOR('',#6038,1.0);
#6036=DIRECTION('',(0,1,0));
#6037=DIRECTION('',(0,-0.053093429202568064,-0.9985895492020292));
#6038=DIRECTION('',(0,0.05308086541125195,0.9985902171197115));
#6039=FACE_SURFACE('',(#6044),#6040,.T.);
#6040=PLANE('',#6041);
#6041=AXIS2_PLACEMENT_3D('',#1697,#6042,#6043);
#6042=DIRECTION('',(-1,0,0));
#6043=DIRECTION('',(0,0.053093429202568064,0.9985895492020292));
#6044=FACE_BOUND('',#6045,.T.);
#6045=EDGE_LOOP('',(#6046,#6047,#6048));
#6046=ORIENTED_EDGE('',*,*,#6049,.T.);
#6047=ORIENTED_EDGE('',*,*,#6050,.T.);
#6048=ORIENTED_EDGE('',*,*,#6051,.T.);
#6049=EDGE_CURVE('',#1698,#1690,#6052,.F.);
#6050=EDGE_CURVE('',#1690,#1696,#6053,.T.);
#6051=EDGE_CURVE('',#1696,#1698,#6054,.T.);
#6052=LINE('',#1697,#6055);
#6053=LINE('',#1689,#6056);
#6054=LINE('',#1695,#6057);
#6055=VECTOR('',#6058,1.0);
#6056=VECTOR('',#6059,1.0);
#6057=VECTOR('',#6060,1.0);
#6058=DIRECTION('',(0,0.053093429202568064,0.9985895492020292));
#6059=DIRECTION('',(0,-0.05308086541125195,-0.9985902171197115));
#6060=DIRECTION('',(0,-1,0));
#6061=FACE_SURFACE('',(#6066),#6062,.T.);
#6062=PLANE('',#6063);
#6063=AXIS2_PLACEMENT_3D('',#1695,#6064,#6065);
#6064=DIRECTION('',(-1,0,0));
#6065=DIRECTION('',(0,0.053093429202568064,-0.9985895492020292));
#6066=FACE_BOUND('',#6067,.T.);
#6067=EDGE_LOOP('',(#6068,#6069,#6070));
#6068=ORIENTED_EDGE('',*,*,#6071,.T.);
#6069=ORIENTED_EDGE('',*,*,#6072,.T.);
#6070=ORIENTED_EDGE('',*,*,#6073,.T.);
#6071=EDGE_CURVE('',#1696,#1692,#6074,.F.);
#6072=EDGE_CURVE('',#1692,#1694,#6075,.T.);
#6073=EDGE_CURVE('',#1694,#1696,#6076,.T.);
#6074=LINE('',#1695,#6077);
#6075=LINE('',#1691,#6078);
#6076=LINE('',#1693,#6079);
#6077=VECTOR('',#6080,1.0);
#6078=VECTOR('',#6081,1.0);
#6079=VECTOR('',#6082,1.0);
#6080=DIRECTION('',(0,0.053093429202568064,-0.9985895492020292));
#6081=DIRECTION('',(0,-1,0));
#6082=DIRECTION('',(0,-0.05308086541125195,0.9985902171197115));
#6083=FACE_SURFACE('',(#6088),#6084,.T.);
#6084=PLANE('',#6085);
#6085=AXIS2_PLACEMENT_3D('',#1693,#6086,#6087);
#6086=DIRECTION('',(-1,0,0));
#6087=DIRECTION('',(0,-0.053093429202568064,0.9985895492020292));
#6088=FACE_BOUND('',#6089,.T.);
#6089=EDGE_LOOP('',(#6090,#6091,#6092));
#6090=ORIENTED_EDGE('',*,*,#6093,.T.);
#6091=ORIENTED_EDGE('',*,*,#6094,.T.);
#6092=ORIENTED_EDGE('',*,*,#6095,.T.);
#6093=EDGE_CURVE('',#1694,#1698,#6096,.F.);
#6094=EDGE_CURVE('',#1698,#1696,#6097,.T.);
#6095=EDGE_CURVE('',#1696,#1694,#6098,.T.);
#6096=LINE('',#1693,#6099);
#6097=LINE('',#1697,#6100);
#6098=LINE('',#1695,#6101);
#6099=VECTOR('',#6102,1.0);
#6100=VECTOR('',#6103,1.0);
#6101=VECTOR('',#6104,1.0);
#6102=DIRECTION('',(0,-0.053093429202568064,0.9985895492020292));
#6103=DIRECTION('',(0,1,0));
#6104=DIRECTION('',(0,0.05308086541125195,-0.9985902171197115));
#6105=FACE_SURFACE('',(#6110),#6106,.T.);
#6106=PLANE('',#6107);
#6107=AXIS2_PLACEMENT_3D('',#1629,#6108,#6109);
#6108=DIRECTION('',(-0,-0.9856628397878874,-0.16872689845213612));
#6109=DIRECTION('',(-1,0,0));
#6110=FACE_BOUND('',#6111,.T.);
#6111=EDGE_LOOP('',(#6112,#6113,#6114));
#6112=ORIENTED_EDGE('',*,*,#6115,.T.);
#6113=ORIENTED_EDGE('',*,*,#6116,.T.);
#6114=ORIENTED_EDGE('',*,*,#6117,.T.);
#6115=EDGE_CURVE('',#1630,#1628,#6118,.F.);
#6116=EDGE_CURVE('',#1628,#1700,#6119,.T.);
#6117=EDGE_CURVE('',#1700,#1630,#6120,.T.);
#6118=LINE('',#1629,#6121);
#6119=LINE('',#1627,#6122);
#6120=LINE('',#1699,#6123);
#6121=VECTOR('',#6124,1.0);
#6122=VECTOR('',#6125,1.0);
#6123=VECTOR('',#6126,1.0);
#6124=DIRECTION('',(-1,0,0));
#6125=DIRECTION('',(0,0.1687268984521361,-0.9856628397878874));
#6126=DIRECTION('',(0.9163659360594972,-0.06754841219691833,0.3946019301010531));
#6127=FACE_SURFACE('',(#6132),#6128,.T.);
#6128=PLANE('',#6129);
#6129=AXIS2_PLACEMENT_3D('',#1629,#6130,#6131);
#6130=DIRECTION('',(0,-0.9856628397878874,-0.16872689845213612));
#6131=DIRECTION('',(-0.9163659360594972,0.06754841219691833,-0.3946019301010531));
#6132=FACE_BOUND('',#6133,.T.);
#6133=EDGE_LOOP('',(#6134,#6135,#6136));
#6134=ORIENTED_EDGE('',*,*,#6137,.T.);
#6135=ORIENTED_EDGE('',*,*,#6138,.T.);
#6136=ORIENTED_EDGE('',*,*,#6139,.T.);
#6137=EDGE_CURVE('',#1630,#1700,#6140,.F.);
#6138=EDGE_CURVE('',#1700,#1702,#6141,.T.);
#6139=EDGE_CURVE('',#1702,#1630,#6142,.T.);
#6140=LINE('',#1629,#6143);
#6141=LINE('',#1699,#6144);
#6142=LINE('',#1701,#6145);
#6143=VECTOR('',#6146,1.0);
#6144=VECTOR('',#6147,1.0);
#6145=VECTOR('',#6148,1.0);
#6146=DIRECTION('',(-0.9163659360594972,0.06754841219691833,-0.3946019301010531));
#6147=DIRECTION('',(1,0,0));
#6148=DIRECTION('',(0,-0.1687268984521361,0.9856628397878874));
#6149=FACE_SURFACE('',(#6154),#6150,.T.);
#6150=PLANE('',#6151);
#6151=AXIS2_PLACEMENT_3D('',#1703,#6152,#6153);
#6152=DIRECTION('',(-0,-0.9984590960280323,-0.055492644187175325));
#6153=DIRECTION('',(-1,0,0));
#6154=FACE_BOUND('',#6155,.T.);
#6155=EDGE_LOOP('',(#6156,#6157,#6158));
#6156=ORIENTED_EDGE('',*,*,#6159,.T.);
#6157=ORIENTED_EDGE('',*,*,#6160,.T.);
#6158=ORIENTED_EDGE('',*,*,#6161,.T.);
#6159=EDGE_CURVE('',#1704,#1706,#6162,.F.);
#6160=EDGE_CURVE('',#1706,#1708,#6163,.T.);
#6161=EDGE_CURVE('',#1708,#1704,#6164,.T.);
#6162=LINE('',#1703,#6165);
#6163=LINE('',#1705,#6166);
#6164=LINE('',#1707,#6167);
#6165=VECTOR('',#6168,1.0);
#6166=VECTOR('',#6169,1.0);
#6167=VECTOR('',#6170,1.0);
#6168=DIRECTION('',(-1,0,0));
#6169=DIRECTION('',(0,0.05549264418717533,-0.9984590960280324));
#6170=DIRECTION('',(0.9124270321778627,-0.02270977806851293,0.40860883119577374));
#6171=FACE_SURFACE('',(#6176),#6172,.T.);
#6172=PLANE('',#6173);
#6173=AXIS2_PLACEMENT_3D('',#1703,#6174,#6175);
#6174=DIRECTION('',(0,-0.9984590960280323,-0.055492644187175325));
#6175=DIRECTION('',(-0.9124270321778627,0.02270977806851293,-0.40860883119577374));
#6176=FACE_BOUND('',#6177,.T.);
#6177=EDGE_LOOP('',(#6178,#6179,#6180));
#6178=ORIENTED_EDGE('',*,*,#6181,.T.);
#6179=ORIENTED_EDGE('',*,*,#6182,.T.);
#6180=ORIENTED_EDGE('',*,*,#6183,.T.);
#6181=EDGE_CURVE('',#1704,#1708,#6184,.F.);
#6182=EDGE_CURVE('',#1708,#1710,#6185,.T.);
#6183=EDGE_CURVE('',#1710,#1704,#6186,.T.);
#6184=LINE('',#1703,#6187);
#6185=LINE('',#1707,#6188);
#6186=LINE('',#1709,#6189);
#6187=VECTOR('',#6190,1.0);
#6188=VECTOR('',#6191,1.0);
#6189=VECTOR('',#6192,1.0);
#6190=DIRECTION('',(-0.9124270321778627,0.02270977806851293,-0.40860883119577374));
#6191=DIRECTION('',(1,0,0));
#6192=DIRECTION('',(0,-0.05549264418717533,0.9984590960280324));
#6193=FACE_SURFACE('',(#6198),#6194,.T.);
#6194=PLANE('',#6195);
#6195=AXIS2_PLACEMENT_3D('',#1711,#6196,#6197);
#6196=DIRECTION('',(0,-0.9984590960280324,0.055492644187175394));
#6197=DIRECTION('',(0,-0.05549264418717539,-0.9984590960280323));
#6198=FACE_BOUND('',#6199,.T.);
#6199=EDGE_LOOP('',(#6200,#6201,#6202));
#6200=ORIENTED_EDGE('',*,*,#6203,.T.);
#6201=ORIENTED_EDGE('',*,*,#6204,.T.);
#6202=ORIENTED_EDGE('',*,*,#6205,.T.);
#6203=EDGE_CURVE('',#1712,#1714,#6206,.F.);
#6204=EDGE_CURVE('',#1714,#1716,#6207,.T.);
#6205=EDGE_CURVE('',#1716,#1712,#6208,.T.);
#6206=LINE('',#1711,#6209);
#6207=LINE('',#1713,#6210);
#6208=LINE('',#1715,#6211);
#6209=VECTOR('',#6212,1.0);
#6210=VECTOR('',#6213,1.0);
#6211=VECTOR('',#6214,1.0);
#6212=DIRECTION('',(0,-0.05549264418717539,-0.9984590960280323));
#6213=DIRECTION('',(1,0,0));
#6214=DIRECTION('',(-0.9882168147593492,0.008493733744841837,0.15282468227991722));
#6215=FACE_SURFACE('',(#6220),#6216,.T.);
#6216=PLANE('',#6217);
#6217=AXIS2_PLACEMENT_3D('',#1711,#6218,#6219);
#6218=DIRECTION('',(0,-0.9984590960280324,0.055492644187175394));
#6219=DIRECTION('',(0.9882168147593492,-0.008493733744841837,-0.15282468227991722));
#6220=FACE_BOUND('',#6221,.T.);
#6221=EDGE_LOOP('',(#6222,#6223,#6224));
#6222=ORIENTED_EDGE('',*,*,#6225,.T.);
#6223=ORIENTED_EDGE('',*,*,#6226,.T.);
#6224=ORIENTED_EDGE('',*,*,#6227,.T.);
#6225=EDGE_CURVE('',#1712,#1716,#6228,.F.);
#6226=EDGE_CURVE('',#1716,#1718,#6229,.T.);
#6227=EDGE_CURVE('',#1718,#1712,#6230,.T.);
#6228=LINE('',#1711,#6231);
#6229=LINE('',#1715,#6232);
#6230=LINE('',#1717,#6233);
#6231=VECTOR('',#6234,1.0);
#6232=VECTOR('',#6235,1.0);
#6233=VECTOR('',#6236,1.0);
#6234=DIRECTION('',(0.9882168147593492,-0.008493733744841837,-0.15282468227991722));
#6235=DIRECTION('',(0,0.05549264418717539,0.9984590960280323));
#6236=DIRECTION('',(-1,0,0));
#6237=FACE_SURFACE('',(#6242),#6238,.T.);
#6238=PLANE('',#6239);
#6239=AXIS2_PLACEMENT_3D('',#1713,#6240,#6241);
#6240=DIRECTION('',(0,-0.9856628739773061,0.16872669872547472));
#6241=DIRECTION('',(0,-0.16872669872547472,-0.9856628739773062));
#6242=FACE_BOUND('',#6243,.T.);
#6243=EDGE_LOOP('',(#6244,#6245,#6246));
#6244=ORIENTED_EDGE('',*,*,#6247,.T.);
#6245=ORIENTED_EDGE('',*,*,#6248,.T.);
#6246=ORIENTED_EDGE('',*,*,#6249,.T.);
#6247=EDGE_CURVE('',#1714,#1720,#6250,.F.);
#6248=EDGE_CURVE('',#1720,#1722,#6251,.T.);
#6249=EDGE_CURVE('',#1722,#1714,#6252,.T.);
#6250=LINE('',#1713,#6253);
#6251=LINE('',#1719,#6254);
#6252=LINE('',#1721,#6255);
#6253=VECTOR('',#6256,1.0);
#6254=VECTOR('',#6257,1.0);
#6255=VECTOR('',#6258,1.0);
#6256=DIRECTION('',(0,-0.16872669872547472,-0.9856628739773062));
#6257=DIRECTION('',(1,0,0));
#6258=DIRECTION('',(-0.9888102424565485,0.02517044081329003,0.1470399718521686));
#6259=FACE_SURFACE('',(#6264),#6260,.T.);
#6260=PLANE('',#6261);
#6261=AXIS2_PLACEMENT_3D('',#1713,#6262,#6263);
#6262=DIRECTION('',(0,-0.9856628739773061,0.16872669872547472));
#6263=DIRECTION('',(0.9888102424565485,-0.02517044081329003,-0.1470399718521686));
#6264=FACE_BOUND('',#6265,.T.);
#6265=EDGE_LOOP('',(#6266,#6267,#6268));
#6266=ORIENTED_EDGE('',*,*,#6269,.T.);
#6267=ORIENTED_EDGE('',*,*,#6270,.T.);
#6268=ORIENTED_EDGE('',*,*,#6271,.T.);
#6269=EDGE_CURVE('',#1714,#1722,#6272,.F.);
#6270=EDGE_CURVE('',#1722,#1724,#6273,.T.);
#6271=EDGE_CURVE('',#1724,#1714,#6274,.T.);
#6272=LINE('',#1713,#6275);
#6273=LINE('',#1721,#6276);
#6274=LINE('',#1723,#6277);
#6275=VECTOR('',#6278,1.0);
#6276=VECTOR('',#6279,1.0);
#6277=VECTOR('',#6280,1.0);
#6278=DIRECTION('',(0.9888102424565485,-0.02517044081329003,-0.1470399718521686));
#6279=DIRECTION('',(0,0.16872669872547472,0.9856628739773062));
#6280=DIRECTION('',(-1,0,0));
#6281=FACE_SURFACE('',(#6286),#6282,.T.);
#6282=PLANE('',#6283);
#6283=AXIS2_PLACEMENT_3D('',#1719,#6284,#6285);
#6284=DIRECTION('',(0,-0.9573980497107872,0.28877149168500166));
#6285=DIRECTION('',(0,-0.28877149168500166,-0.9573980497107873));
#6286=FACE_BOUND('',#6287,.T.);
#6287=EDGE_LOOP('',(#6288,#6289,#6290));
#6288=ORIENTED_EDGE('',*,*,#6291,.T.);
#6289=ORIENTED_EDGE('',*,*,#6292,.T.);
#6290=ORIENTED_EDGE('',*,*,#6293,.T.);
#6291=EDGE_CURVE('',#1720,#1726,#6294,.F.);
#6292=EDGE_CURVE('',#1726,#1728,#6295,.T.);
#6293=EDGE_CURVE('',#1728,#1720,#6296,.T.);
#6294=LINE('',#1719,#6297);
#6295=LINE('',#1725,#6298);
#6296=LINE('',#1727,#6299);
#6297=VECTOR('',#6300,1.0);
#6298=VECTOR('',#6301,1.0);
#6299=VECTOR('',#6302,1.0);
#6300=DIRECTION('',(0,-0.28877149168500166,-0.9573980497107873));
#6301=DIRECTION('',(1,0,0));
#6302=DIRECTION('',(-0.9899096313944424,0.040918952644583804,0.1356634106418869));
#6303=FACE_SURFACE('',(#6308),#6304,.T.);
#6304=PLANE('',#6305);
#6305=AXIS2_PLACEMENT_3D('',#1719,#6306,#6307);
#6306=DIRECTION('',(0,-0.9573980497107872,0.28877149168500166));
#6307=DIRECTION('',(0.9899096313944424,-0.040918952644583804,-0.1356634106418869));
#6308=FACE_BOUND('',#6309,.T.);
#6309=EDGE_LOOP('',(#6310,#6311,#6312));
#6310=ORIENTED_EDGE('',*,*,#6313,.T.);
#6311=ORIENTED_EDGE('',*,*,#6314,.T.);
#6312=ORIENTED_EDGE('',*,*,#6315,.T.);
#6313=EDGE_CURVE('',#1720,#1728,#6316,.F.);
#6314=EDGE_CURVE('',#1728,#1722,#6317,.T.);
#6315=EDGE_CURVE('',#1722,#1720,#6318,.T.);
#6316=LINE('',#1719,#6319);
#6317=LINE('',#1727,#6320);
#6318=LINE('',#1721,#6321);
#6319=VECTOR('',#6322,1.0);
#6320=VECTOR('',#6323,1.0);
#6321=VECTOR('',#6324,1.0);
#6322=DIRECTION('',(0.9899096313944424,-0.040918952644583804,-0.1356634106418869));
#6323=DIRECTION('',(0,0.28877149168500166,0.9573980497107873));
#6324=DIRECTION('',(-1,0,0));
#6325=FACE_SURFACE('',(#6330),#6326,.T.);
#6326=PLANE('',#6327);
#6327=AXIS2_PLACEMENT_3D('',#1725,#6328,#6329);
#6328=DIRECTION('',(0,-0.9074251594374487,0.42021373135574785));
#6329=DIRECTION('',(0,-0.4202137313557478,-0.9074251594374487));
#6330=FACE_BOUND('',#6331,.T.);
#6331=EDGE_LOOP('',(#6332,#6333,#6334));
#6332=ORIENTED_EDGE('',*,*,#6335,.T.);
#6333=ORIENTED_EDGE('',*,*,#6336,.T.);
#6334=ORIENTED_EDGE('',*,*,#6337,.T.);
#6335=EDGE_CURVE('',#1726,#1730,#6338,.F.);
#6336=EDGE_CURVE('',#1730,#1732,#6339,.T.);
#6337=EDGE_CURVE('',#1732,#1726,#6340,.T.);
#6338=LINE('',#1725,#6341);
#6339=LINE('',#1729,#6342);
#6340=LINE('',#1731,#6343);
#6341=VECTOR('',#6344,1.0);
#6342=VECTOR('',#6345,1.0);
#6343=VECTOR('',#6346,1.0);
#6344=DIRECTION('',(0,-0.4202137313557478,-0.9074251594374487));
#6345=DIRECTION('',(1,0,0));
#6346=DIRECTION('',(-0.991351675114331,0.05514551789073182,0.11908328222119517));
#6347=FACE_SURFACE('',(#6352),#6348,.T.);
#6348=PLANE('',#6349);
#6349=AXIS2_PLACEMENT_3D('',#1725,#6350,#6351);
#6350=DIRECTION('',(0,-0.9074251594374487,0.42021373135574785));
#6351=DIRECTION('',(0.991351675114331,-0.05514551789073182,-0.11908328222119517));
#6352=FACE_BOUND('',#6353,.T.);
#6353=EDGE_LOOP('',(#6354,#6355,#6356));
#6354=ORIENTED_EDGE('',*,*,#6357,.T.);
#6355=ORIENTED_EDGE('',*,*,#6358,.T.);
#6356=ORIENTED_EDGE('',*,*,#6359,.T.);
#6357=EDGE_CURVE('',#1726,#1732,#6360,.F.);
#6358=EDGE_CURVE('',#1732,#1734,#6361,.T.);
#6359=EDGE_CURVE('',#1734,#1726,#6362,.T.);
#6360=LINE('',#1725,#6363);
#6361=LINE('',#1731,#6364);
#6362=LINE('',#1733,#6365);
#6363=VECTOR('',#6366,1.0);
#6364=VECTOR('',#6367,1.0);
#6365=VECTOR('',#6368,1.0);
#6366=DIRECTION('',(0.991351675114331,-0.05514551789073182,-0.11908328222119517));
#6367=DIRECTION('',(0,0.4202137313557478,0.9074251594374487));
#6368=DIRECTION('',(-1,0,0));
#6369=FACE_SURFACE('',(#6374),#6370,.T.);
#6370=PLANE('',#6371);
#6371=AXIS2_PLACEMENT_3D('',#1729,#6372,#6373);
#6372=DIRECTION('',(0,-0.824004473006805,0.5665832934924728));
#6373=DIRECTION('',(0,-0.5665832934924727,-0.8240044730068049));
#6374=FACE_BOUND('',#6375,.T.);
#6375=EDGE_LOOP('',(#6376,#6377,#6378));
#6376=ORIENTED_EDGE('',*,*,#6379,.T.);
#6377=ORIENTED_EDGE('',*,*,#6380,.T.);
#6378=ORIENTED_EDGE('',*,*,#6381,.T.);
#6379=EDGE_CURVE('',#1730,#1736,#6382,.F.);
#6380=EDGE_CURVE('',#1736,#1738,#6383,.T.);
#6381=EDGE_CURVE('',#1738,#1730,#6384,.T.);
#6382=LINE('',#1729,#6385);
#6383=LINE('',#1735,#6386);
#6384=LINE('',#1737,#6387);
#6385=VECTOR('',#6388,1.0);
#6386=VECTOR('',#6389,1.0);
#6387=VECTOR('',#6390,1.0);
#6388=DIRECTION('',(0,-0.5665832934924727,-0.8240044730068049));
#6389=DIRECTION('',(1,0,0));
#6390=DIRECTION('',(-0.992919379389241,0.06730452943683589,0.09788363678659674));
#6391=FACE_SURFACE('',(#6396),#6392,.T.);
#6392=PLANE('',#6393);
#6393=AXIS2_PLACEMENT_3D('',#1729,#6394,#6395);
#6394=DIRECTION('',(0,-0.824004473006805,0.5665832934924728));
#6395=DIRECTION('',(0.992919379389241,-0.06730452943683589,-0.09788363678659674));
#6396=FACE_BOUND('',#6397,.T.);
#6397=EDGE_LOOP('',(#6398,#6399,#6400));
#6398=ORIENTED_EDGE('',*,*,#6401,.T.);
#6399=ORIENTED_EDGE('',*,*,#6402,.T.);
#6400=ORIENTED_EDGE('',*,*,#6403,.T.);
#6401=EDGE_CURVE('',#1730,#1738,#6404,.F.);
#6402=EDGE_CURVE('',#1738,#1740,#6405,.T.);
#6403=EDGE_CURVE('',#1740,#1730,#6406,.T.);
#6404=LINE('',#1729,#6407);
#6405=LINE('',#1737,#6408);
#6406=LINE('',#1739,#6409);
#6407=VECTOR('',#6410,1.0);
#6408=VECTOR('',#6411,1.0);
#6409=VECTOR('',#6412,1.0);
#6410=DIRECTION('',(0.992919379389241,-0.06730452943683589,-0.09788363678659674));
#6411=DIRECTION('',(0,0.5665832934924727,0.8240044730068049));
#6412=DIRECTION('',(-1,0,0));
#6413=FACE_SURFACE('',(#6418),#6414,.T.);
#6414=PLANE('',#6415);
#6415=AXIS2_PLACEMENT_3D('',#1735,#6416,#6417);
#6416=DIRECTION('',(0,-0.6877003574025977,0.7259946407710868));
#6417=DIRECTION('',(0,-0.7259946407710868,-0.6877003574025977));
#6418=FACE_BOUND('',#6419,.T.);
#6419=EDGE_LOOP('',(#6420,#6421,#6422));
#6420=ORIENTED_EDGE('',*,*,#6423,.T.);
#6421=ORIENTED_EDGE('',*,*,#6424,.T.);
#6422=ORIENTED_EDGE('',*,*,#6425,.T.);
#6423=EDGE_CURVE('',#1736,#1742,#6426,.F.);
#6424=EDGE_CURVE('',#1742,#1744,#6427,.T.);
#6425=EDGE_CURVE('',#1744,#1736,#6428,.T.);
#6426=LINE('',#1735,#6429);
#6427=LINE('',#1741,#6430);
#6428=LINE('',#1743,#6431);
#6429=VECTOR('',#6432,1.0);
#6430=VECTOR('',#6433,1.0);
#6431=VECTOR('',#6434,1.0);
#6432=DIRECTION('',(0,-0.7259946407710868,-0.6877003574025977));
#6433=DIRECTION('',(1,0,0));
#6434=DIRECTION('',(-0.9943747547901636,0.07689666910917263,0.07284057465394085));
#6435=FACE_SURFACE('',(#6440),#6436,.T.);
#6436=PLANE('',#6437);
#6437=AXIS2_PLACEMENT_3D('',#1735,#6438,#6439);
#6438=DIRECTION('',(0,-0.6877003574025977,0.7259946407710868));
#6439=DIRECTION('',(0.9943747547901636,-0.07689666910917263,-0.07284057465394085));
#6440=FACE_BOUND('',#6441,.T.);
#6441=EDGE_LOOP('',(#6442,#6443,#6444));
#6442=ORIENTED_EDGE('',*,*,#6445,.T.);
#6443=ORIENTED_EDGE('',*,*,#6446,.T.);
#6444=ORIENTED_EDGE('',*,*,#6447,.T.);
#6445=EDGE_CURVE('',#1736,#1744,#6448,.F.);
#6446=EDGE_CURVE('',#1744,#1746,#6449,.T.);
#6447=EDGE_CURVE('',#1746,#1736,#6450,.T.);
#6448=LINE('',#1735,#6451);
#6449=LINE('',#1743,#6452);
#6450=LINE('',#1745,#6453);
#6451=VECTOR('',#6454,1.0);
#6452=VECTOR('',#6455,1.0);
#6453=VECTOR('',#6456,1.0);
#6454=DIRECTION('',(0.9943747547901636,-0.07689666910917263,-0.07284057465394085));
#6455=DIRECTION('',(0,0.7259946407710868,0.6877003574025977));
#6456=DIRECTION('',(-1,0,0));
#6457=FACE_SURFACE('',(#6462),#6458,.T.);
#6458=PLANE('',#6459);
#6459=AXIS2_PLACEMENT_3D('',#1747,#6460,#6461);
#6460=DIRECTION('',(0,-0.4734906112554647,0.8807988652654626));
#6461=DIRECTION('',(0,0.8807988652654625,0.47349061125546466));
#6462=FACE_BOUND('',#6463,.T.);
#6463=EDGE_LOOP('',(#6464,#6465,#6466));
#6464=ORIENTED_EDGE('',*,*,#6467,.T.);
#6465=ORIENTED_EDGE('',*,*,#6468,.T.);
#6466=ORIENTED_EDGE('',*,*,#6469,.T.);
#6467=EDGE_CURVE('',#1748,#1750,#6470,.F.);
#6468=EDGE_CURVE('',#1750,#1742,#6471,.T.);
#6469=EDGE_CURVE('',#1742,#1748,#6472,.T.);
#6470=LINE('',#1747,#6473);
#6471=LINE('',#1749,#6474);
#6472=LINE('',#1741,#6475);
#6473=VECTOR('',#6476,1.0);
#6474=VECTOR('',#6477,1.0);
#6475=VECTOR('',#6478,1.0);
#6476=DIRECTION('',(0,0.8807988652654625,0.47349061125546466));
#6477=DIRECTION('',(-1,0,0));
#6478=DIRECTION('',(0.9958536790482063,-0.08012583235392895,-0.04307320414993994));
#6479=FACE_SURFACE('',(#6484),#6480,.T.);
#6480=PLANE('',#6481);
#6481=AXIS2_PLACEMENT_3D('',#1751,#6482,#6483);
#6482=DIRECTION('',(0,-0.4734596143799921,0.8808155275374913));
#6483=DIRECTION('',(1,0,0));
#6484=FACE_BOUND('',#6485,.T.);
#6485=EDGE_LOOP('',(#6486,#6487,#6488));
#6486=ORIENTED_EDGE('',*,*,#6489,.T.);
#6487=ORIENTED_EDGE('',*,*,#6490,.T.);
#6488=ORIENTED_EDGE('',*,*,#6491,.T.);
#6489=EDGE_CURVE('',#1752,#1754,#6492,.F.);
#6490=EDGE_CURVE('',#1754,#1756,#6493,.T.);
#6491=EDGE_CURVE('',#1756,#1752,#6494,.T.);
#6492=LINE('',#1751,#6495);
#6493=LINE('',#1753,#6496);
#6494=LINE('',#1755,#6497);
#6495=VECTOR('',#6498,1.0);
#6496=VECTOR('',#6499,1.0);
#6497=VECTOR('',#6500,1.0);
#6498=DIRECTION('',(1,0,0));
#6499=DIRECTION('',(0,0.8808155275374913,0.4734596143799921));
#6500=DIRECTION('',(-0.9999972901102342,-0.002050574148975433,-0.0011022331186028788));
#6501=FACE_SURFACE('',(#6506),#6502,.T.);
#6502=PLANE('',#6503);
#6503=AXIS2_PLACEMENT_3D('',#1747,#6504,#6505);
#6504=DIRECTION('',(1.3230421426970972E-07,-0.47348933555028333,0.8807995510444665));
#6505=DIRECTION('',(-0.9958536790482063,0.08012583235392895,0.04307320414993994));
#6506=FACE_BOUND('',#6507,.T.);
#6507=EDGE_LOOP('',(#6508,#6509,#6510));
#6508=ORIENTED_EDGE('',*,*,#6511,.T.);
#6509=ORIENTED_EDGE('',*,*,#6512,.T.);
#6510=ORIENTED_EDGE('',*,*,#6513,.T.);
#6511=EDGE_CURVE('',#1748,#1742,#6514,.F.);
#6512=EDGE_CURVE('',#1742,#1752,#6515,.T.);
#6513=EDGE_CURVE('',#1752,#1748,#6516,.T.);
#6514=LINE('',#1747,#6517);
#6515=LINE('',#1741,#6518);
#6516=LINE('',#1751,#6519);
#6517=VECTOR('',#6520,1.0);
#6518=VECTOR('',#6521,1.0);
#6519=VECTOR('',#6522,1.0);
#6520=DIRECTION('',(-0.9958536790482063,0.08012583235392895,0.04307320414993994));
#6521=DIRECTION('',(0,-0.8807995510444742,-0.47348933555028744));
#6522=DIRECTION('',(0.9999923132529936,0.0034535871438983196,0.0018563864807755656));
#6523=FACE_SURFACE('',(#6528),#6524,.T.);
#6524=PLANE('',#6525);
#6525=AXIS2_PLACEMENT_3D('',#1747,#6526,#6527);
#6526=DIRECTION('',(0,-0.4734596143799921,0.8808155275374914));
#6527=DIRECTION('',(-0.9999923132529936,-0.0034535871438983196,-0.0018563864807755656));
#6528=FACE_BOUND('',#6529,.T.);
#6529=EDGE_LOOP('',(#6530,#6531,#6532));
#6530=ORIENTED_EDGE('',*,*,#6533,.T.);
#6531=ORIENTED_EDGE('',*,*,#6534,.T.);
#6532=ORIENTED_EDGE('',*,*,#6535,.T.);
#6533=EDGE_CURVE('',#1748,#1752,#6536,.F.);
#6534=EDGE_CURVE('',#1752,#1756,#6537,.T.);
#6535=EDGE_CURVE('',#1756,#1748,#6538,.T.);
#6536=LINE('',#1747,#6539);
#6537=LINE('',#1751,#6540);
#6538=LINE('',#1755,#6541);
#6539=VECTOR('',#6542,1.0);
#6540=VECTOR('',#6543,1.0);
#6541=VECTOR('',#6544,1.0);
#6542=DIRECTION('',(-0.9999923132529936,-0.0034535871438983196,-0.0018563864807755656));
#6543=DIRECTION('',(0.9999972901102342,0.002050574148975433,0.0011022331186028788));
#6544=DIRECTION('',(-1,0,0));
#6545=FACE_SURFACE('',(#6550),#6546,.T.);
#6546=PLANE('',#6547);
#6547=AXIS2_PLACEMENT_3D('',#1751,#6548,#6549);
#6548=DIRECTION('',(0,-0.005210481059771095,0.9999864253514272));
#6549=DIRECTION('',(0,-0.9999864253514272,-0.005210481059771095));
#6550=FACE_BOUND('',#6551,.T.);
#6551=EDGE_LOOP('',(#6552,#6553,#6554));
#6552=ORIENTED_EDGE('',*,*,#6555,.T.);
#6553=ORIENTED_EDGE('',*,*,#6556,.T.);
#6554=ORIENTED_EDGE('',*,*,#6557,.T.);
#6555=EDGE_CURVE('',#1752,#1758,#6558,.F.);
#6556=EDGE_CURVE('',#1758,#1760,#6559,.T.);
#6557=EDGE_CURVE('',#1760,#1752,#6560,.T.);
#6558=LINE('',#1751,#6561);
#6559=LINE('',#1757,#6562);
#6560=LINE('',#1759,#6563);
#6561=VECTOR('',#6564,1.0);
#6562=VECTOR('',#6565,1.0);
#6563=VECTOR('',#6566,1.0);
#6564=DIRECTION('',(0,-0.9999864253514272,-0.005210481059771095));
#6565=DIRECTION('',(1,0,0));
#6566=DIRECTION('',(-0.49922116703057684,0.8664628344169282,0.004514749473862484));
#6567=FACE_SURFACE('',(#6572),#6568,.T.);
#6568=PLANE('',#6569);
#6569=AXIS2_PLACEMENT_3D('',#1751,#6570,#6571);
#6570=DIRECTION('',(0,-0.005210481059771095,0.9999864253514272));
#6571=DIRECTION('',(0.49922116703057684,-0.8664628344169282,-0.004514749473862484));
#6572=FACE_BOUND('',#6573,.T.);
#6573=EDGE_LOOP('',(#6574,#6575,#6576));
#6574=ORIENTED_EDGE('',*,*,#6577,.T.);
#6575=ORIENTED_EDGE('',*,*,#6578,.T.);
#6576=ORIENTED_EDGE('',*,*,#6579,.T.);
#6577=EDGE_CURVE('',#1752,#1760,#6580,.F.);
#6578=EDGE_CURVE('',#1760,#1754,#6581,.T.);
#6579=EDGE_CURVE('',#1754,#1752,#6582,.T.);
#6580=LINE('',#1751,#6583);
#6581=LINE('',#1759,#6584);
#6582=LINE('',#1753,#6585);
#6583=VECTOR('',#6586,1.0);
#6584=VECTOR('',#6587,1.0);
#6585=VECTOR('',#6588,1.0);
#6586=DIRECTION('',(0.49922116703057684,-0.8664628344169282,-0.004514749473862484));
#6587=DIRECTION('',(0,0.9999864253514272,0.005210481059771095));
#6588=DIRECTION('',(-1,0,0));
#6589=FACE_SURFACE('',(#6594),#6590,.T.);
#6590=PLANE('',#6591);
#6591=AXIS2_PLACEMENT_3D('',#1761,#6592,#6593);
#6592=DIRECTION('',(-0,0.17947970185889064,0.98376167673916));
#6593=DIRECTION('',(1,0,0));
#6594=FACE_BOUND('',#6595,.T.);
#6595=EDGE_LOOP('',(#6596,#6597,#6598));
#6596=ORIENTED_EDGE('',*,*,#6599,.T.);
#6597=ORIENTED_EDGE('',*,*,#6600,.T.);
#6598=ORIENTED_EDGE('',*,*,#6601,.T.);
#6599=EDGE_CURVE('',#1762,#1764,#6602,.F.);
#6600=EDGE_CURVE('',#1764,#1760,#6603,.T.);
#6601=EDGE_CURVE('',#1760,#1762,#6604,.T.);
#6602=LINE('',#1761,#6605);
#6603=LINE('',#1763,#6606);
#6604=LINE('',#1759,#6607);
#6605=VECTOR('',#6608,1.0);
#6606=VECTOR('',#6609,1.0);
#6607=VECTOR('',#6610,1.0);
#6608=DIRECTION('',(1,0,0));
#6609=DIRECTION('',(0,0.9837616767391602,-0.17947970185889067));
#6610=DIRECTION('',(-0.9971293633640606,-0.07448727907644405,0.013589627403695743));
#6611=FACE_SURFACE('',(#6616),#6612,.T.);
#6612=PLANE('',#6613);
#6613=AXIS2_PLACEMENT_3D('',#1761,#6614,#6615);
#6614=DIRECTION('',(0,0.17947970185889064,0.98376167673916));
#6615=DIRECTION('',(0.9971293633640606,0.07448727907644405,-0.013589627403695743));
#6616=FACE_BOUND('',#6617,.T.);
#6617=EDGE_LOOP('',(#6618,#6619,#6620));
#6618=ORIENTED_EDGE('',*,*,#6621,.T.);
#6619=ORIENTED_EDGE('',*,*,#6622,.T.);
#6620=ORIENTED_EDGE('',*,*,#6623,.T.);
#6621=EDGE_CURVE('',#1762,#1760,#6624,.F.);
#6622=EDGE_CURVE('',#1760,#1766,#6625,.T.);
#6623=EDGE_CURVE('',#1766,#1762,#6626,.T.);
#6624=LINE('',#1761,#6627);
#6625=LINE('',#1759,#6628);
#6626=LINE('',#1765,#6629);
#6627=VECTOR('',#6630,1.0);
#6628=VECTOR('',#6631,1.0);
#6629=VECTOR('',#6632,1.0);
#6630=DIRECTION('',(0.9971293633640606,0.07448727907644405,-0.013589627403695743));
#6631=DIRECTION('',(-1,0,0));
#6632=DIRECTION('',(0,-0.9837616767391602,0.17947970185889067));
#6633=FACE_SURFACE('',(#6638),#6634,.T.);
#6634=PLANE('',#6635);
#6635=AXIS2_PLACEMENT_3D('',#1761,#6636,#6637);
#6636=DIRECTION('',(0,0.48986998989112646,0.8717954995318958));
#6637=DIRECTION('',(0,-0.8717954995318958,0.4898699898911264));
#6638=FACE_BOUND('',#6639,.T.);
#6639=EDGE_LOOP('',(#6640,#6641,#6642));
#6640=ORIENTED_EDGE('',*,*,#6643,.T.);
#6641=ORIENTED_EDGE('',*,*,#6644,.T.);
#6642=ORIENTED_EDGE('',*,*,#6645,.T.);
#6643=EDGE_CURVE('',#1762,#1768,#6646,.F.);
#6644=EDGE_CURVE('',#1768,#1770,#6647,.T.);
#6645=EDGE_CURVE('',#1770,#1762,#6648,.T.);
#6646=LINE('',#1761,#6649);
#6647=LINE('',#1767,#6650);
#6648=LINE('',#1769,#6651);
#6649=VECTOR('',#6652,1.0);
#6650=VECTOR('',#6653,1.0);
#6651=VECTOR('',#6654,1.0);
#6652=DIRECTION('',(0,-0.8717954995318958,0.4898699898911264));
#6653=DIRECTION('',(1,0,0));
#6654=DIRECTION('',(-0.9781628022861855,0.18119411635077962,-0.10181465721347249));
#6655=FACE_SURFACE('',(#6660),#6656,.T.);
#6656=PLANE('',#6657);
#6657=AXIS2_PLACEMENT_3D('',#1771,#6658,#6659);
#6658=DIRECTION('',(-0,0.4899112038737155,0.8717723397303947));
#6659=DIRECTION('',(1,0,0));
#6660=FACE_BOUND('',#6661,.T.);
#6661=EDGE_LOOP('',(#6662,#6663,#6664));
#6662=ORIENTED_EDGE('',*,*,#6665,.T.);
#6663=ORIENTED_EDGE('',*,*,#6666,.T.);
#6664=ORIENTED_EDGE('',*,*,#6667,.T.);
#6665=EDGE_CURVE('',#1772,#1774,#6668,.F.);
#6666=EDGE_CURVE('',#1774,#1764,#6669,.T.);
#6667=EDGE_CURVE('',#1764,#1772,#6670,.T.);
#6668=LINE('',#1771,#6671);
#6669=LINE('',#1773,#6672);
#6670=LINE('',#1763,#6673);
#6671=VECTOR('',#6674,1.0);
#6672=VECTOR('',#6675,1.0);
#6673=VECTOR('',#6676,1.0);
#6674=DIRECTION('',(1,0,0));
#6675=DIRECTION('',(0,0.8717723397303947,-0.4899112038737155));
#6676=DIRECTION('',(-0.9999846649332759,-0.0048279109731734805,0.0027131483407629342));
#6677=FACE_SURFACE('',(#6682),#6678,.T.);
#6678=PLANE('',#6679);
#6679=AXIS2_PLACEMENT_3D('',#1761,#6680,#6681);
#6680=DIRECTION('',(-4.3109802915800864E-07,0.4898682211161169,0.8717964934205376));
#6681=DIRECTION('',(0.9781628022861855,-0.18119411635077962,0.10181465721347249));
#6682=FACE_BOUND('',#6683,.T.);
#6683=EDGE_LOOP('',(#6684,#6685,#6686));
#6684=ORIENTED_EDGE('',*,*,#6687,.T.);
#6685=ORIENTED_EDGE('',*,*,#6688,.T.);
#6686=ORIENTED_EDGE('',*,*,#6689,.T.);
#6687=EDGE_CURVE('',#1762,#1770,#6690,.F.);
#6688=EDGE_CURVE('',#1770,#1772,#6691,.T.);
#6689=EDGE_CURVE('',#1772,#1762,#6692,.T.);
#6690=LINE('',#1761,#6693);
#6691=LINE('',#1769,#6694);
#6692=LINE('',#1771,#6695);
#6693=VECTOR('',#6696,1.0);
#6694=VECTOR('',#6697,1.0);
#6695=VECTOR('',#6698,1.0);
#6696=DIRECTION('',(0.9781628022861855,-0.18119411635077962,0.10181465721347249));
#6697=DIRECTION('',(0,0.8717964934206186,-0.4898682211161623));
#6698=DIRECTION('',(-0.9999617768183965,0.007622147520645035,-0.00428342962693345));
#6699=FACE_SURFACE('',(#6704),#6700,.T.);
#6700=PLANE('',#6701);
#6701=AXIS2_PLACEMENT_3D('',#1761,#6702,#6703);
#6702=DIRECTION('',(-0,0.48991120387371556,0.8717723397303948));
#6703=DIRECTION('',(0.9999617768183965,-0.007622147520645035,0.00428342962693345));
#6704=FACE_BOUND('',#6705,.T.);
#6705=EDGE_LOOP('',(#6706,#6707,#6708));
#6706=ORIENTED_EDGE('',*,*,#6709,.T.);
#6707=ORIENTED_EDGE('',*,*,#6710,.T.);
#6708=ORIENTED_EDGE('',*,*,#6711,.T.);
#6709=EDGE_CURVE('',#1762,#1772,#6712,.F.);
#6710=EDGE_CURVE('',#1772,#1764,#6713,.T.);
#6711=EDGE_CURVE('',#1764,#1762,#6714,.T.);
#6712=LINE('',#1761,#6715);
#6713=LINE('',#1771,#6716);
#6714=LINE('',#1763,#6717);
#6715=VECTOR('',#6718,1.0);
#6716=VECTOR('',#6719,1.0);
#6717=VECTOR('',#6720,1.0);
#6718=DIRECTION('',(0.9999617768183965,-0.007622147520645035,0.00428342962693345));
#6719=DIRECTION('',(0.9999846649332759,0.0048279109731734805,-0.0027131483407629342));
#6720=DIRECTION('',(-1,0,0));
#6721=FACE_SURFACE('',(#6726),#6722,.T.);
#6722=PLANE('',#6723);
#6723=AXIS2_PLACEMENT_3D('',#1775,#6724,#6725);
#6724=DIRECTION('',(-0,0.7035884640134356,0.7106076788968823));
#6725=DIRECTION('',(1,0,0));
#6726=FACE_BOUND('',#6727,.T.);
#6727=EDGE_LOOP('',(#6728,#6729,#6730));
#6728=ORIENTED_EDGE('',*,*,#6731,.T.);
#6729=ORIENTED_EDGE('',*,*,#6732,.T.);
#6730=ORIENTED_EDGE('',*,*,#6733,.T.);
#6731=EDGE_CURVE('',#1776,#1778,#6734,.F.);
#6732=EDGE_CURVE('',#1778,#1770,#6735,.T.);
#6733=EDGE_CURVE('',#1770,#1776,#6736,.T.);
#6734=LINE('',#1775,#6737);
#6735=LINE('',#1777,#6738);
#6736=LINE('',#1769,#6739);
#6737=VECTOR('',#6740,1.0);
#6738=VECTOR('',#6741,1.0);
#6739=VECTOR('',#6742,1.0);
#6740=DIRECTION('',(1,0,0));
#6741=DIRECTION('',(0,0.7106076788968823,-0.7035884640134356));
#6742=DIRECTION('',(-0.9723348405266748,-0.16599186651166736,0.16435223804359553));
#6743=FACE_SURFACE('',(#6748),#6744,.T.);
#6744=PLANE('',#6745);
#6745=AXIS2_PLACEMENT_3D('',#1775,#6746,#6747);
#6746=DIRECTION('',(0,0.7035884640134356,0.7106076788968823));
#6747=DIRECTION('',(0.9723348405266748,0.16599186651166736,-0.16435223804359553));
#6748=FACE_BOUND('',#6749,.T.);
#6749=EDGE_LOOP('',(#6750,#6751,#6752));
#6750=ORIENTED_EDGE('',*,*,#6753,.T.);
#6751=ORIENTED_EDGE('',*,*,#6754,.T.);
#6752=ORIENTED_EDGE('',*,*,#6755,.T.);
#6753=EDGE_CURVE('',#1776,#1770,#6756,.F.);
#6754=EDGE_CURVE('',#1770,#1768,#6757,.T.);
#6755=EDGE_CURVE('',#1768,#1776,#6758,.T.);
#6756=LINE('',#1775,#6759);
#6757=LINE('',#1769,#6760);
#6758=LINE('',#1767,#6761);
#6759=VECTOR('',#6762,1.0);
#6760=VECTOR('',#6763,1.0);
#6761=VECTOR('',#6764,1.0);
#6762=DIRECTION('',(0.9723348405266748,0.16599186651166736,-0.16435223804359553));
#6763=DIRECTION('',(-1,0,0));
#6764=DIRECTION('',(0,-0.7106076788968823,0.7035884640134356));
#6765=FACE_SURFACE('',(#6770),#6766,.T.);
#6766=PLANE('',#6767);
#6767=AXIS2_PLACEMENT_3D('',#1779,#6768,#6769);
#6768=DIRECTION('',(-0,0.8354498226329263,0.5495667328565403));
#6769=DIRECTION('',(1,0,0));
#6770=FACE_BOUND('',#6771,.T.);
#6771=EDGE_LOOP('',(#6772,#6773,#6774));
#6772=ORIENTED_EDGE('',*,*,#6775,.T.);
#6773=ORIENTED_EDGE('',*,*,#6776,.T.);
#6774=ORIENTED_EDGE('',*,*,#6777,.T.);
#6775=EDGE_CURVE('',#1780,#1782,#6778,.F.);
#6776=EDGE_CURVE('',#1782,#1778,#6779,.T.);
#6777=EDGE_CURVE('',#1778,#1780,#6780,.T.);
#6778=LINE('',#1779,#6781);
#6779=LINE('',#1781,#6782);
#6780=LINE('',#1777,#6783);
#6781=VECTOR('',#6784,1.0);
#6782=VECTOR('',#6785,1.0);
#6783=VECTOR('',#6786,1.0);
#6784=DIRECTION('',(1,0,0));
#6785=DIRECTION('',(0,0.5495667328565403,-0.8354498226329262));
#6786=DIRECTION('',(-0.9648738248527688,-0.1443787243726756,0.2194841362433906));
#6787=FACE_SURFACE('',(#6792),#6788,.T.);
#6788=PLANE('',#6789);
#6789=AXIS2_PLACEMENT_3D('',#1779,#6790,#6791);
#6790=DIRECTION('',(0,0.8354498226329263,0.5495667328565403));
#6791=DIRECTION('',(0.9648738248527688,0.1443787243726756,-0.2194841362433906));
#6792=FACE_BOUND('',#6793,.T.);
#6793=EDGE_LOOP('',(#6794,#6795,#6796));
#6794=ORIENTED_EDGE('',*,*,#6797,.T.);
#6795=ORIENTED_EDGE('',*,*,#6798,.T.);
#6796=ORIENTED_EDGE('',*,*,#6799,.T.);
#6797=EDGE_CURVE('',#1780,#1778,#6800,.F.);
#6798=EDGE_CURVE('',#1778,#1776,#6801,.T.);
#6799=EDGE_CURVE('',#1776,#1780,#6802,.T.);
#6800=LINE('',#1779,#6803);
#6801=LINE('',#1777,#6804);
#6802=LINE('',#1775,#6805);
#6803=VECTOR('',#6806,1.0);
#6804=VECTOR('',#6807,1.0);
#6805=VECTOR('',#6808,1.0);
#6806=DIRECTION('',(0.9648738248527688,0.1443787243726756,-0.2194841362433906));
#6807=DIRECTION('',(-1,0,0));
#6808=DIRECTION('',(0,-0.5495667328565403,0.8354498226329262));
#6809=FACE_SURFACE('',(#6814),#6810,.T.);
#6810=PLANE('',#6811);
#6811=AXIS2_PLACEMENT_3D('',#1783,#6812,#6813);
#6812=DIRECTION('',(0,0.914287735628879,0.40506534840518915));
#6813=DIRECTION('',(0,0.40506534840518915,-0.9142877356288788));
#6814=FACE_BOUND('',#6815,.T.);
#6815=EDGE_LOOP('',(#6816,#6817,#6818));
#6816=ORIENTED_EDGE('',*,*,#6819,.T.);
#6817=ORIENTED_EDGE('',*,*,#6820,.T.);
#6818=ORIENTED_EDGE('',*,*,#6821,.T.);
#6819=EDGE_CURVE('',#1784,#1782,#6822,.F.);
#6820=EDGE_CURVE('',#1782,#1780,#6823,.T.);
#6821=EDGE_CURVE('',#1780,#1784,#6824,.T.);
#6822=LINE('',#1783,#6825);
#6823=LINE('',#1781,#6826);
#6824=LINE('',#1779,#6827);
#6825=VECTOR('',#6828,1.0);
#6826=VECTOR('',#6829,1.0);
#6827=VECTOR('',#6830,1.0);
#6828=DIRECTION('',(0,0.40506534840518915,-0.9142877356288788));
#6829=DIRECTION('',(-1,0,0));
#6830=DIRECTION('',(0.9569890663299504,-0.1175191732410991,0.26525680169537297));
#6831=FACE_SURFACE('',(#6836),#6832,.T.);
#6832=PLANE('',#6833);
#6833=AXIS2_PLACEMENT_3D('',#1783,#6834,#6835);
#6834=DIRECTION('',(0,0.914287735628879,0.40506534840518915));
#6835=DIRECTION('',(-0.9569890663299504,0.1175191732410991,-0.26525680169537297));
#6836=FACE_BOUND('',#6837,.T.);
#6837=EDGE_LOOP('',(#6838,#6839,#6840));
#6838=ORIENTED_EDGE('',*,*,#6841,.T.);
#6839=ORIENTED_EDGE('',*,*,#6842,.T.);
#6840=ORIENTED_EDGE('',*,*,#6843,.T.);
#6841=EDGE_CURVE('',#1784,#1780,#6844,.F.);
#6842=EDGE_CURVE('',#1780,#1786,#6845,.T.);
#6843=EDGE_CURVE('',#1786,#1784,#6846,.T.);
#6844=LINE('',#1783,#6847);
#6845=LINE('',#1779,#6848);
#6846=LINE('',#1785,#6849);
#6847=VECTOR('',#6850,1.0);
#6848=VECTOR('',#6851,1.0);
#6849=VECTOR('',#6852,1.0);
#6850=DIRECTION('',(-0.9569890663299504,0.1175191732410991,-0.26525680169537297));
#6851=DIRECTION('',(0,-0.40506534840518915,0.9142877356288788));
#6852=DIRECTION('',(1,0,0));
#6853=FACE_SURFACE('',(#6858),#6854,.T.);
#6854=PLANE('',#6855);
#6855=AXIS2_PLACEMENT_3D('',#1787,#6856,#6857);
#6856=DIRECTION('',(-0,0.9607970212112178,0.277252743956937));
#6857=DIRECTION('',(1,0,0));
#6858=FACE_BOUND('',#6859,.T.);
#6859=EDGE_LOOP('',(#6860,#6861,#6862));
#6860=ORIENTED_EDGE('',*,*,#6863,.T.);
#6861=ORIENTED_EDGE('',*,*,#6864,.T.);
#6862=ORIENTED_EDGE('',*,*,#6865,.T.);
#6863=EDGE_CURVE('',#1788,#1790,#6866,.F.);
#6864=EDGE_CURVE('',#1790,#1784,#6867,.T.);
#6865=EDGE_CURVE('',#1784,#1788,#6868,.T.);
#6866=LINE('',#1787,#6869);
#6867=LINE('',#1789,#6870);
#6868=LINE('',#1783,#6871);
#6869=VECTOR('',#6872,1.0);
#6870=VECTOR('',#6873,1.0);
#6871=VECTOR('',#6874,1.0);
#6872=DIRECTION('',(1,0,0));
#6873=DIRECTION('',(0,0.277252743956937,-0.9607970212112177));
#6874=DIRECTION('',(-0.9498733082074959,-0.08667893605229979,0.30037886143966347));
#6875=FACE_SURFACE('',(#6880),#6876,.T.);
#6876=PLANE('',#6877);
#6877=AXIS2_PLACEMENT_3D('',#1787,#6878,#6879);
#6878=DIRECTION('',(0,0.9607970212112178,0.277252743956937));
#6879=DIRECTION('',(0.9498733082074959,0.08667893605229979,-0.30037886143966347));
#6880=FACE_BOUND('',#6881,.T.);
#6881=EDGE_LOOP('',(#6882,#6883,#6884));
#6882=ORIENTED_EDGE('',*,*,#6885,.T.);
#6883=ORIENTED_EDGE('',*,*,#6886,.T.);
#6884=ORIENTED_EDGE('',*,*,#6887,.T.);
#6885=EDGE_CURVE('',#1788,#1784,#6888,.F.);
#6886=EDGE_CURVE('',#1784,#1786,#6889,.T.);
#6887=EDGE_CURVE('',#1786,#1788,#6890,.T.);
#6888=LINE('',#1787,#6891);
#6889=LINE('',#1783,#6892);
#6890=LINE('',#1785,#6893);
#6891=VECTOR('',#6894,1.0);
#6892=VECTOR('',#6895,1.0);
#6893=VECTOR('',#6896,1.0);
#6894=DIRECTION('',(0.9498733082074959,0.08667893605229979,-0.30037886143966347));
#6895=DIRECTION('',(-1,0,0));
#6896=DIRECTION('',(0,-0.277252743956937,0.9607970212112177));
#6897=FACE_SURFACE('',(#6902),#6898,.T.);
#6898=PLANE('',#6899);
#6899=AXIS2_PLACEMENT_3D('',#1791,#6900,#6901);
#6900=DIRECTION('',(-0,0.9868560334479254,0.16160188503673834));
#6901=DIRECTION('',(1,0,0));
#6902=FACE_BOUND('',#6903,.T.);
#6903=EDGE_LOOP('',(#6904,#6905,#6906));
#6904=ORIENTED_EDGE('',*,*,#6907,.T.);
#6905=ORIENTED_EDGE('',*,*,#6908,.T.);
#6906=ORIENTED_EDGE('',*,*,#6909,.T.);
#6907=EDGE_CURVE('',#1792,#1794,#6910,.F.);
#6908=EDGE_CURVE('',#1794,#1790,#6911,.T.);
#6909=EDGE_CURVE('',#1790,#1792,#6912,.T.);
#6910=LINE('',#1791,#6913);
#6911=LINE('',#1793,#6914);
#6912=LINE('',#1789,#6915);
#6913=VECTOR('',#6916,1.0);
#6914=VECTOR('',#6917,1.0);
#6915=VECTOR('',#6918,1.0);
#6916=DIRECTION('',(1,0,0));
#6917=DIRECTION('',(0,0.16160188503673834,-0.9868560334479254));
#6918=DIRECTION('',(-0.9445336348506268,-0.05307243396879443,0.3240980243514151));
#6919=FACE_SURFACE('',(#6924),#6920,.T.);
#6920=PLANE('',#6921);
#6921=AXIS2_PLACEMENT_3D('',#1791,#6922,#6923);
#6922=DIRECTION('',(0,0.9868560334479254,0.16160188503673834));
#6923=DIRECTION('',(0.9445336348506268,0.05307243396879443,-0.3240980243514151));
#6924=FACE_BOUND('',#6925,.T.);
#6925=EDGE_LOOP('',(#6926,#6927,#6928));
#6926=ORIENTED_EDGE('',*,*,#6929,.T.);
#6927=ORIENTED_EDGE('',*,*,#6930,.T.);
#6928=ORIENTED_EDGE('',*,*,#6931,.T.);
#6929=EDGE_CURVE('',#1792,#1790,#6932,.F.);
#6930=EDGE_CURVE('',#1790,#1788,#6933,.T.);
#6931=EDGE_CURVE('',#1788,#1792,#6934,.T.);
#6932=LINE('',#1791,#6935);
#6933=LINE('',#1789,#6936);
#6934=LINE('',#1787,#6937);
#6935=VECTOR('',#6938,1.0);
#6936=VECTOR('',#6939,1.0);
#6937=VECTOR('',#6940,1.0);
#6938=DIRECTION('',(0.9445336348506268,0.05307243396879443,-0.3240980243514151));
#6939=DIRECTION('',(-1,0,0));
#6940=DIRECTION('',(0,-0.16160188503673834,0.9868560334479254));
#6941=FACE_SURFACE('',(#6946),#6942,.T.);
#6942=PLANE('',#6943);
#6943=AXIS2_PLACEMENT_3D('',#1795,#6944,#6945);
#6944=DIRECTION('',(-0,0.9985895492020292,0.053093429202568064));
#6945=DIRECTION('',(1,0,0));
#6946=FACE_BOUND('',#6947,.T.);
#6947=EDGE_LOOP('',(#6948,#6949,#6950));
#6948=ORIENTED_EDGE('',*,*,#6951,.T.);
#6949=ORIENTED_EDGE('',*,*,#6952,.T.);
#6950=ORIENTED_EDGE('',*,*,#6953,.T.);
#6951=EDGE_CURVE('',#1796,#1798,#6954,.F.);
#6952=EDGE_CURVE('',#1798,#1800,#6955,.T.);
#6953=EDGE_CURVE('',#1800,#1796,#6956,.T.);
#6954=LINE('',#1795,#6957);
#6955=LINE('',#1797,#6958);
#6956=LINE('',#1799,#6959);
#6957=VECTOR('',#6960,1.0);
#6958=VECTOR('',#6961,1.0);
#6959=VECTOR('',#6962,1.0);
#6960=DIRECTION('',(1,0,0));
#6961=DIRECTION('',(0,0.053093429202568064,-0.9985895492020292));
#6962=DIRECTION('',(-0.9416808575356579,-0.01786632647695383,0.3360326724131552));
#6963=FACE_SURFACE('',(#6968),#6964,.T.);
#6964=PLANE('',#6965);
#6965=AXIS2_PLACEMENT_3D('',#1795,#6966,#6967);
#6966=DIRECTION('',(0,0.9985895492020292,0.053093429202568064));
#6967=DIRECTION('',(0.9416808575356579,0.01786632647695383,-0.3360326724131552));
#6968=FACE_BOUND('',#6969,.T.);
#6969=EDGE_LOOP('',(#6970,#6971,#6972));
#6970=ORIENTED_EDGE('',*,*,#6973,.T.);
#6971=ORIENTED_EDGE('',*,*,#6974,.T.);
#6972=ORIENTED_EDGE('',*,*,#6975,.T.);
#6973=EDGE_CURVE('',#1796,#1800,#6976,.F.);
#6974=EDGE_CURVE('',#1800,#1792,#6977,.T.);
#6975=EDGE_CURVE('',#1792,#1796,#6978,.T.);
#6976=LINE('',#1795,#6979);
#6977=LINE('',#1799,#6980);
#6978=LINE('',#1791,#6981);
#6979=VECTOR('',#6982,1.0);
#6980=VECTOR('',#6983,1.0);
#6981=VECTOR('',#6984,1.0);
#6982=DIRECTION('',(0.9416808575356579,0.01786632647695383,-0.3360326724131552));
#6983=DIRECTION('',(-1,0,0));
#6984=DIRECTION('',(0,-0.053093429202568064,0.9985895492020292));
#6985=FACE_SURFACE('',(#6990),#6986,.T.);
#6986=PLANE('',#6987);
#6987=AXIS2_PLACEMENT_3D('',#1801,#6988,#6989);
#6988=DIRECTION('',(0,0.9985895492020292,-0.053093429202568064));
#6989=DIRECTION('',(0,-0.053093429202568064,-0.9985895492020292));
#6990=FACE_BOUND('',#6991,.T.);
#6991=EDGE_LOOP('',(#6992,#6993,#6994));
#6992=ORIENTED_EDGE('',*,*,#6995,.T.);
#6993=ORIENTED_EDGE('',*,*,#6996,.T.);
#6994=ORIENTED_EDGE('',*,*,#6997,.T.);
#6995=EDGE_CURVE('',#1802,#1798,#6998,.F.);
#6996=EDGE_CURVE('',#1798,#1796,#6999,.T.);
#6997=EDGE_CURVE('',#1796,#1802,#7000,.T.);
#6998=LINE('',#1801,#7001);
#6999=LINE('',#1797,#7002);
#7000=LINE('',#1795,#7003);
#7001=VECTOR('',#7004,1.0);
#7002=VECTOR('',#7005,1.0);
#7003=VECTOR('',#7006,1.0);
#7004=DIRECTION('',(0,-0.053093429202568064,-0.9985895492020292));
#7005=DIRECTION('',(-1,0,0));
#7006=DIRECTION('',(0.9416808575356579,0.01786632647695383,0.3360326724131552));
#7007=FACE_SURFACE('',(#7012),#7008,.T.);
#7008=PLANE('',#7009);
#7009=AXIS2_PLACEMENT_3D('',#1801,#7010,#7011);
#7010=DIRECTION('',(0,0.9985895492020292,-0.053093429202568064));
#7011=DIRECTION('',(-0.9416808575356579,-0.01786632647695383,-0.3360326724131552));
#7012=FACE_BOUND('',#7013,.T.);
#7013=EDGE_LOOP('',(#7014,#7015,#7016));
#7014=ORIENTED_EDGE('',*,*,#7017,.T.);
#7015=ORIENTED_EDGE('',*,*,#7018,.T.);
#7016=ORIENTED_EDGE('',*,*,#7019,.T.);
#7017=EDGE_CURVE('',#1802,#1796,#7020,.F.);
#7018=EDGE_CURVE('',#1796,#1804,#7021,.T.);
#7019=EDGE_CURVE('',#1804,#1802,#7022,.T.);
#7020=LINE('',#1801,#7023);
#7021=LINE('',#1795,#7024);
#7022=LINE('',#1803,#7025);
#7023=VECTOR('',#7026,1.0);
#7024=VECTOR('',#7027,1.0);
#7025=VECTOR('',#7028,1.0);
#7026=DIRECTION('',(-0.9416808575356579,-0.01786632647695383,-0.3360326724131552));
#7027=DIRECTION('',(0,0.053093429202568064,0.9985895492020292));
#7028=DIRECTION('',(1,0,0));
#7029=FACE_SURFACE('',(#7034),#7030,.T.);
#7030=PLANE('',#7031);
#7031=AXIS2_PLACEMENT_3D('',#1805,#7032,#7033);
#7032=DIRECTION('',(0,0.9868559863465062,-0.16160217267123753));
#7033=DIRECTION('',(1,0,0));
#7034=FACE_BOUND('',#7035,.T.);
#7035=EDGE_LOOP('',(#7036,#7037,#7038));
#7036=ORIENTED_EDGE('',*,*,#7039,.T.);
#7037=ORIENTED_EDGE('',*,*,#7040,.T.);
#7038=ORIENTED_EDGE('',*,*,#7041,.T.);
#7039=EDGE_CURVE('',#1806,#1808,#7042,.F.);
#7040=EDGE_CURVE('',#1808,#1810,#7043,.T.);
#7041=EDGE_CURVE('',#1810,#1806,#7044,.T.);
#7042=LINE('',#1805,#7045);
#7043=LINE('',#1807,#7046);
#7044=LINE('',#1809,#7047);
#7045=VECTOR('',#7048,1.0);
#7046=VECTOR('',#7049,1.0);
#7047=VECTOR('',#7050,1.0);
#7048=DIRECTION('',(1,0,0));
#7049=DIRECTION('',(0,-0.16160217267123755,-0.9868559863465062));
#7050=DIRECTION('',(-0.9445338161749696,0.05307244415723436,0.3240974942407394));
#7051=FACE_SURFACE('',(#7056),#7052,.T.);
#7052=PLANE('',#7053);
#7053=AXIS2_PLACEMENT_3D('',#1805,#7054,#7055);
#7054=DIRECTION('',(0,0.9868559863465062,-0.16160217267123753));
#7055=DIRECTION('',(0.9445338161749696,-0.05307244415723436,-0.3240974942407394));
#7056=FACE_BOUND('',#7057,.T.);
#7057=EDGE_LOOP('',(#7058,#7059,#7060));
#7058=ORIENTED_EDGE('',*,*,#7061,.T.);
#7059=ORIENTED_EDGE('',*,*,#7062,.T.);
#7060=ORIENTED_EDGE('',*,*,#7063,.T.);
#7061=EDGE_CURVE('',#1806,#1810,#7064,.F.);
#7062=EDGE_CURVE('',#1810,#1804,#7065,.T.);
#7063=EDGE_CURVE('',#1804,#1806,#7066,.T.);
#7064=LINE('',#1805,#7067);
#7065=LINE('',#1809,#7068);
#7066=LINE('',#1803,#7069);
#7067=VECTOR('',#7070,1.0);
#7068=VECTOR('',#7071,1.0);
#7069=VECTOR('',#7072,1.0);
#7070=DIRECTION('',(0.9445338161749696,-0.05307244415723436,-0.3240974942407394));
#7071=DIRECTION('',(-1,0,0));
#7072=DIRECTION('',(0,0.16160217267123755,0.9868559863465062));
#7073=FACE_SURFACE('',(#7078),#7074,.T.);
#7074=PLANE('',#7075);
#7075=AXIS2_PLACEMENT_3D('',#1811,#7076,#7077);
#7076=DIRECTION('',(0,0.9607970700318234,-0.27725257477300985));
#7077=DIRECTION('',(1,0,0));
#7078=FACE_BOUND('',#7079,.T.);
#7079=EDGE_LOOP('',(#7080,#7081,#7082));
#7080=ORIENTED_EDGE('',*,*,#7083,.T.);
#7081=ORIENTED_EDGE('',*,*,#7084,.T.);
#7082=ORIENTED_EDGE('',*,*,#7085,.T.);
#7083=EDGE_CURVE('',#1812,#1814,#7086,.F.);
#7084=EDGE_CURVE('',#1814,#1816,#7087,.T.);
#7085=EDGE_CURVE('',#1816,#1812,#7088,.T.);
#7086=LINE('',#1811,#7089);
#7087=LINE('',#1813,#7090);
#7088=LINE('',#1815,#7091);
#7089=VECTOR('',#7092,1.0);
#7090=VECTOR('',#7093,1.0);
#7091=VECTOR('',#7094,1.0);
#7092=DIRECTION('',(1,0,0));
#7093=DIRECTION('',(0,-0.2772525747730099,-0.9607970700318235));
#7094=DIRECTION('',(-0.9498732515542592,0.0866789308825132,0.3003790420831716));
#7095=FACE_SURFACE('',(#7100),#7096,.T.);
#7096=PLANE('',#7097);
#7097=AXIS2_PLACEMENT_3D('',#1811,#7098,#7099);
#7098=DIRECTION('',(0,0.9607970700318234,-0.27725257477300985));
#7099=DIRECTION('',(0.9498732515542592,-0.0866789308825132,-0.3003790420831716));
#7100=FACE_BOUND('',#7101,.T.);
#7101=EDGE_LOOP('',(#7102,#7103,#7104));
#7102=ORIENTED_EDGE('',*,*,#7105,.T.);
#7103=ORIENTED_EDGE('',*,*,#7106,.T.);
#7104=ORIENTED_EDGE('',*,*,#7107,.T.);
#7105=EDGE_CURVE('',#1812,#1816,#7108,.F.);
#7106=EDGE_CURVE('',#1816,#1818,#7109,.T.);
#7107=EDGE_CURVE('',#1818,#1812,#7110,.T.);
#7108=LINE('',#1811,#7111);
#7109=LINE('',#1815,#7112);
#7110=LINE('',#1817,#7113);
#7111=VECTOR('',#7114,1.0);
#7112=VECTOR('',#7115,1.0);
#7113=VECTOR('',#7116,1.0);
#7114=DIRECTION('',(0.9498732515542592,-0.0866789308825132,-0.3003790420831716));
#7115=DIRECTION('',(-1,0,0));
#7116=DIRECTION('',(0,0.2772525747730099,0.9607970700318235));
#7117=FACE_SURFACE('',(#7122),#7118,.T.);
#7118=PLANE('',#7119);
#7119=AXIS2_PLACEMENT_3D('',#1819,#7120,#7121);
#7120=DIRECTION('',(0,0.9142876224936585,-0.40506560376671485));
#7121=DIRECTION('',(1,0,0));
#7122=FACE_BOUND('',#7123,.T.);
#7123=EDGE_LOOP('',(#7124,#7125,#7126));
#7124=ORIENTED_EDGE('',*,*,#7127,.T.);
#7125=ORIENTED_EDGE('',*,*,#7128,.T.);
#7126=ORIENTED_EDGE('',*,*,#7129,.T.);
#7127=EDGE_CURVE('',#1820,#1822,#7130,.F.);
#7128=EDGE_CURVE('',#1822,#1824,#7131,.T.);
#7129=EDGE_CURVE('',#1824,#1820,#7132,.T.);
#7130=LINE('',#1819,#7133);
#7131=LINE('',#1821,#7134);
#7132=LINE('',#1823,#7135);
#7133=VECTOR('',#7136,1.0);
#7134=VECTOR('',#7137,1.0);
#7135=VECTOR('',#7138,1.0);
#7136=DIRECTION('',(1,0,0));
#7137=DIRECTION('',(0,-0.4050656037667149,-0.9142876224936586));
#7138=DIRECTION('',(-0.9569891171113002,0.11751917947709747,0.26525661572440357));
#7139=FACE_SURFACE('',(#7144),#7140,.T.);
#7140=PLANE('',#7141);
#7141=AXIS2_PLACEMENT_3D('',#1819,#7142,#7143);
#7142=DIRECTION('',(0,0.9142876224936585,-0.40506560376671485));
#7143=DIRECTION('',(0.9569891171113002,-0.11751917947709747,-0.26525661572440357));
#7144=FACE_BOUND('',#7145,.T.);
#7145=EDGE_LOOP('',(#7146,#7147,#7148));
#7146=ORIENTED_EDGE('',*,*,#7149,.T.);
#7147=ORIENTED_EDGE('',*,*,#7150,.T.);
#7148=ORIENTED_EDGE('',*,*,#7151,.T.);
#7149=EDGE_CURVE('',#1820,#1824,#7152,.F.);
#7150=EDGE_CURVE('',#1824,#1812,#7153,.T.);
#7151=EDGE_CURVE('',#1812,#1820,#7154,.T.);
#7152=LINE('',#1819,#7155);
#7153=LINE('',#1823,#7156);
#7154=LINE('',#1811,#7157);
#7155=VECTOR('',#7158,1.0);
#7156=VECTOR('',#7159,1.0);
#7157=VECTOR('',#7160,1.0);
#7158=DIRECTION('',(0.9569891171113002,-0.11751917947709747,-0.26525661572440357));
#7159=DIRECTION('',(-1,0,0));
#7160=DIRECTION('',(0,0.4050656037667149,0.9142876224936586));
#7161=FACE_SURFACE('',(#7166),#7162,.T.);
#7162=PLANE('',#7163);
#7163=AXIS2_PLACEMENT_3D('',#1825,#7164,#7165);
#7164=DIRECTION('',(0,0.8354500545069524,-0.5495663803621273));
#7165=DIRECTION('',(0,-0.5495663803621272,-0.8354500545069523));
#7166=FACE_BOUND('',#7167,.T.);
#7167=EDGE_LOOP('',(#7168,#7169,#7170));
#7168=ORIENTED_EDGE('',*,*,#7171,.T.);
#7169=ORIENTED_EDGE('',*,*,#7172,.T.);
#7170=ORIENTED_EDGE('',*,*,#7173,.T.);
#7171=EDGE_CURVE('',#1826,#1822,#7174,.F.);
#7172=EDGE_CURVE('',#1822,#1820,#7175,.T.);
#7173=EDGE_CURVE('',#1820,#1826,#7176,.T.);
#7174=LINE('',#1825,#7177);
#7175=LINE('',#1821,#7178);
#7176=LINE('',#1819,#7179);
#7177=VECTOR('',#7180,1.0);
#7178=VECTOR('',#7181,1.0);
#7179=VECTOR('',#7182,1.0);
#7180=DIRECTION('',(0,-0.5495663803621272,-0.8354500545069523));
#7181=DIRECTION('',(-1,0,0));
#7182=DIRECTION('',(0.9648737821389654,0.14437871798120316,0.21948432822174968));
#7183=FACE_SURFACE('',(#7188),#7184,.T.);
#7184=PLANE('',#7185);
#7185=AXIS2_PLACEMENT_3D('',#1825,#7186,#7187);
#7186=DIRECTION('',(0,0.8354500545069524,-0.5495663803621273));
#7187=DIRECTION('',(-0.9648737821389654,-0.14437871798120316,-0.21948432822174968));
#7188=FACE_BOUND('',#7189,.T.);
#7189=EDGE_LOOP('',(#7190,#7191,#7192));
#7190=ORIENTED_EDGE('',*,*,#7193,.T.);
#7191=ORIENTED_EDGE('',*,*,#7194,.T.);
#7192=ORIENTED_EDGE('',*,*,#7195,.T.);
#7193=EDGE_CURVE('',#1826,#1820,#7196,.F.);
#7194=EDGE_CURVE('',#1820,#1828,#7197,.T.);
#7195=EDGE_CURVE('',#1828,#1826,#7198,.T.);
#7196=LINE('',#1825,#7199);
#7197=LINE('',#1819,#7200);
#7198=LINE('',#1827,#7201);
#7199=VECTOR('',#7202,1.0);
#7200=VECTOR('',#7203,1.0);
#7201=VECTOR('',#7204,1.0);
#7202=DIRECTION('',(-0.9648737821389654,-0.14437871798120316,-0.21948432822174968));
#7203=DIRECTION('',(0,0.5495663803621272,0.8354500545069523));
#7204=DIRECTION('',(1,0,0));
#7205=FACE_SURFACE('',(#7210),#7206,.T.);
#7206=PLANE('',#7207);
#7207=AXIS2_PLACEMENT_3D('',#1829,#7208,#7209);
#7208=DIRECTION('',(0,0.7035893427765417,-0.7106068088129146));
#7209=DIRECTION('',(1,0,0));
#7210=FACE_BOUND('',#7211,.T.);
#7211=EDGE_LOOP('',(#7212,#7213,#7214));
#7212=ORIENTED_EDGE('',*,*,#7215,.T.);
#7213=ORIENTED_EDGE('',*,*,#7216,.T.);
#7214=ORIENTED_EDGE('',*,*,#7217,.T.);
#7215=EDGE_CURVE('',#1830,#1832,#7218,.F.);
#7216=EDGE_CURVE('',#1832,#1826,#7219,.T.);
#7217=EDGE_CURVE('',#1826,#1830,#7220,.T.);
#7218=LINE('',#1829,#7221);
#7219=LINE('',#1831,#7222);
#7220=LINE('',#1825,#7223);
#7221=VECTOR('',#7224,1.0);
#7222=VECTOR('',#7225,1.0);
#7223=VECTOR('',#7226,1.0);
#7224=DIRECTION('',(1,0,0));
#7225=DIRECTION('',(0,-0.7106068088129146,-0.7035893427765417));
#7226=DIRECTION('',(-0.9723347755643293,0.16599185542163897,0.1643526335716798));
#7227=FACE_SURFACE('',(#7232),#7228,.T.);
#7228=PLANE('',#7229);
#7229=AXIS2_PLACEMENT_3D('',#1829,#7230,#7231);
#7230=DIRECTION('',(0,0.7035893427765417,-0.7106068088129146));
#7231=DIRECTION('',(0.9723347755643293,-0.16599185542163897,-0.1643526335716798));
#7232=FACE_BOUND('',#7233,.T.);
#7233=EDGE_LOOP('',(#7234,#7235,#7236));
#7234=ORIENTED_EDGE('',*,*,#7237,.T.);
#7235=ORIENTED_EDGE('',*,*,#7238,.T.);
#7236=ORIENTED_EDGE('',*,*,#7239,.T.);
#7237=EDGE_CURVE('',#1830,#1826,#7240,.F.);
#7238=EDGE_CURVE('',#1826,#1828,#7241,.T.);
#7239=EDGE_CURVE('',#1828,#1830,#7242,.T.);
#7240=LINE('',#1829,#7243);
#7241=LINE('',#1825,#7244);
#7242=LINE('',#1827,#7245);
#7243=VECTOR('',#7246,1.0);
#7244=VECTOR('',#7247,1.0);
#7245=VECTOR('',#7248,1.0);
#7246=DIRECTION('',(0.9723347755643293,-0.16599185542163897,-0.1643526335716798));
#7247=DIRECTION('',(-1,0,0));
#7248=DIRECTION('',(0,0.7106068088129146,0.7035893427765417));
#7249=FACE_SURFACE('',(#7254),#7250,.T.);
#7250=PLANE('',#7251);
#7251=AXIS2_PLACEMENT_3D('',#1833,#7252,#7253);
#7252=DIRECTION('',(0,0.4898684944633839,-0.8717963398249488));
#7253=DIRECTION('',(1,0,0));
#7254=FACE_BOUND('',#7255,.T.);
#7255=EDGE_LOOP('',(#7256,#7257,#7258));
#7256=ORIENTED_EDGE('',*,*,#7259,.T.);
#7257=ORIENTED_EDGE('',*,*,#7260,.T.);
#7258=ORIENTED_EDGE('',*,*,#7261,.T.);
#7259=EDGE_CURVE('',#1834,#1836,#7262,.F.);
#7260=EDGE_CURVE('',#1836,#1832,#7263,.T.);
#7261=EDGE_CURVE('',#1832,#1834,#7264,.T.);
#7262=LINE('',#1833,#7265);
#7263=LINE('',#1835,#7266);
#7264=LINE('',#1831,#7267);
#7265=VECTOR('',#7268,1.0);
#7266=VECTOR('',#7269,1.0);
#7267=VECTOR('',#7270,1.0);
#7268=DIRECTION('',(1,0,0));
#7269=DIRECTION('',(0,-0.8717963398249488,-0.4898684944633839));
#7270=DIRECTION('',(-0.9781628430134865,0.18119412389507317,0.10181425250754557));
#7271=FACE_SURFACE('',(#7276),#7272,.T.);
#7272=PLANE('',#7273);
#7273=AXIS2_PLACEMENT_3D('',#1833,#7274,#7275);
#7274=DIRECTION('',(0,0.4898684944633839,-0.8717963398249488));
#7275=DIRECTION('',(0.9781628430134865,-0.18119412389507317,-0.10181425250754557));
#7276=FACE_BOUND('',#7277,.T.);
#7277=EDGE_LOOP('',(#7278,#7279,#7280));
#7278=ORIENTED_EDGE('',*,*,#7281,.T.);
#7279=ORIENTED_EDGE('',*,*,#7282,.T.);
#7280=ORIENTED_EDGE('',*,*,#7283,.T.);
#7281=EDGE_CURVE('',#1834,#1832,#7284,.F.);
#7282=EDGE_CURVE('',#1832,#1830,#7285,.T.);
#7283=EDGE_CURVE('',#1830,#1834,#7286,.T.);
#7284=LINE('',#1833,#7287);
#7285=LINE('',#1831,#7288);
#7286=LINE('',#1829,#7289);
#7287=VECTOR('',#7290,1.0);
#7288=VECTOR('',#7291,1.0);
#7289=VECTOR('',#7292,1.0);
#7290=DIRECTION('',(0.9781628430134865,-0.18119412389507317,-0.10181425250754557));
#7291=DIRECTION('',(-1,0,0));
#7292=DIRECTION('',(0,0.8717963398249488,0.4898684944633839));
#7293=FACE_SURFACE('',(#7298),#7294,.T.);
#7294=PLANE('',#7295);
#7295=AXIS2_PLACEMENT_3D('',#1837,#7296,#7297);
#7296=DIRECTION('',(0,0.1794807349643012,-0.9837614882565154));
#7297=DIRECTION('',(1,0,0));
#7298=FACE_BOUND('',#7299,.T.);
#7299=EDGE_LOOP('',(#7300,#7301,#7302));
#7300=ORIENTED_EDGE('',*,*,#7303,.T.);
#7301=ORIENTED_EDGE('',*,*,#7304,.T.);
#7302=ORIENTED_EDGE('',*,*,#7305,.T.);
#7303=EDGE_CURVE('',#1838,#1840,#7306,.F.);
#7304=EDGE_CURVE('',#1840,#1842,#7307,.T.);
#7305=EDGE_CURVE('',#1842,#1838,#7308,.T.);
#7306=LINE('',#1837,#7309);
#7307=LINE('',#1839,#7310);
#7308=LINE('',#1841,#7311);
#7309=VECTOR('',#7312,1.0);
#7310=VECTOR('',#7313,1.0);
#7311=VECTOR('',#7314,1.0);
#7312=DIRECTION('',(1,0,0));
#7313=DIRECTION('',(0,-0.9837614882565155,-0.1794807349643012));
#7314=DIRECTION('',(-0.9813614424672763,0.18905049550303155,0.034491004459204784));
#7315=FACE_SURFACE('',(#7320),#7316,.T.);
#7316=PLANE('',#7317);
#7317=AXIS2_PLACEMENT_3D('',#1837,#7318,#7319);
#7318=DIRECTION('',(0,0.1794807349643012,-0.9837614882565154));
#7319=DIRECTION('',(0.9813614424672763,-0.18905049550303155,-0.034491004459204784));
#7320=FACE_BOUND('',#7321,.T.);
#7321=EDGE_LOOP('',(#7322,#7323,#7324));
#7322=ORIENTED_EDGE('',*,*,#7325,.T.);
#7323=ORIENTED_EDGE('',*,*,#7326,.T.);
#7324=ORIENTED_EDGE('',*,*,#7327,.T.);
#7325=EDGE_CURVE('',#1838,#1842,#7328,.F.);
#7326=EDGE_CURVE('',#1842,#1844,#7329,.T.);
#7327=EDGE_CURVE('',#1844,#1838,#7330,.T.);
#7328=LINE('',#1837,#7331);
#7329=LINE('',#1841,#7332);
#7330=LINE('',#1843,#7333);
#7331=VECTOR('',#7334,1.0);
#7332=VECTOR('',#7335,1.0);
#7333=VECTOR('',#7336,1.0);
#7334=DIRECTION('',(0.9813614424672763,-0.18905049550303155,-0.034491004459204784));
#7335=DIRECTION('',(-1,0,0));
#7336=DIRECTION('',(0,0.9837614882565155,0.1794807349643012));
#7337=FACE_SURFACE('',(#7342),#7338,.T.);
#7338=PLANE('',#7339);
#7339=AXIS2_PLACEMENT_3D('',#1845,#7340,#7341);
#7340=DIRECTION('',(0,-0.00521051204934839,-0.9999864251899541));
#7341=DIRECTION('',(0,0.9999864251899541,-0.00521051204934839));
#7342=FACE_BOUND('',#7343,.T.);
#7343=EDGE_LOOP('',(#7344,#7345,#7346));
#7344=ORIENTED_EDGE('',*,*,#7347,.T.);
#7345=ORIENTED_EDGE('',*,*,#7348,.T.);
#7346=ORIENTED_EDGE('',*,*,#7349,.T.);
#7347=EDGE_CURVE('',#1846,#1848,#7350,.F.);
#7348=EDGE_CURVE('',#1848,#1850,#7351,.T.);
#7349=EDGE_CURVE('',#1850,#1846,#7352,.T.);
#7350=LINE('',#1845,#7353);
#7351=LINE('',#1847,#7354);
#7352=LINE('',#1849,#7355);
#7353=VECTOR('',#7356,1.0);
#7354=VECTOR('',#7357,1.0);
#7355=VECTOR('',#7358,1.0);
#7356=DIRECTION('',(0,0.9999864251899541,-0.00521051204934839));
#7357=DIRECTION('',(1,0,0));
#7358=DIRECTION('',(-0.32367453391323914,-0.9461556378188581,0.004930022275529983));
#7359=FACE_SURFACE('',(#7364),#7360,.T.);
#7360=PLANE('',#7361);
#7361=AXIS2_PLACEMENT_3D('',#1845,#7362,#7363);
#7362=DIRECTION('',(0,-0.00521051204934839,-0.9999864251899541));
#7363=DIRECTION('',(0.32367453391323914,0.9461556378188581,-0.004930022275529983));
#7364=FACE_BOUND('',#7365,.T.);
#7365=EDGE_LOOP('',(#7366,#7367,#7368));
#7366=ORIENTED_EDGE('',*,*,#7369,.T.);
#7367=ORIENTED_EDGE('',*,*,#7370,.T.);
#7368=ORIENTED_EDGE('',*,*,#7371,.T.);
#7369=EDGE_CURVE('',#1846,#1850,#7372,.F.);
#7370=EDGE_CURVE('',#1850,#1852,#7373,.T.);
#7371=EDGE_CURVE('',#1852,#1846,#7374,.T.);
#7372=LINE('',#1845,#7375);
#7373=LINE('',#1849,#7376);
#7374=LINE('',#1851,#7377);
#7375=VECTOR('',#7378,1.0);
#7376=VECTOR('',#7379,1.0);
#7377=VECTOR('',#7380,1.0);
#7378=DIRECTION('',(0.32367453391323914,0.9461556378188581,-0.004930022275529983));
#7379=DIRECTION('',(0,-0.9999864251899541,0.00521051204934839));
#7380=DIRECTION('',(-1,0,0));
#7381=FACE_SURFACE('',(#7386),#7382,.T.);
#7382=PLANE('',#7383);
#7383=AXIS2_PLACEMENT_3D('',#1847,#7384,#7385);
#7384=DIRECTION('',(0,-0.4734878601166424,-0.880800344188263));
#7385=DIRECTION('',(0,0.8808003441882633,-0.4734878601166425));
#7386=FACE_BOUND('',#7387,.T.);
#7387=EDGE_LOOP('',(#7388,#7389,#7390));
#7388=ORIENTED_EDGE('',*,*,#7391,.T.);
#7389=ORIENTED_EDGE('',*,*,#7392,.T.);
#7390=ORIENTED_EDGE('',*,*,#7393,.T.);
#7391=EDGE_CURVE('',#1848,#1854,#7394,.F.);
#7392=EDGE_CURVE('',#1854,#1856,#7395,.T.);
#7393=EDGE_CURVE('',#1856,#1848,#7396,.T.);
#7394=LINE('',#1847,#7397);
#7395=LINE('',#1853,#7398);
#7396=LINE('',#1855,#7399);
#7397=VECTOR('',#7400,1.0);
#7398=VECTOR('',#7401,1.0);
#7399=VECTOR('',#7402,1.0);
#7400=DIRECTION('',(0,0.8808003441882633,-0.4734878601166425));
#7401=DIRECTION('',(1,0,0));
#7402=DIRECTION('',(-0.9954925589527618,-0.08353482356302426,0.04490543755466971));
#7403=FACE_SURFACE('',(#7408),#7404,.T.);
#7404=PLANE('',#7405);
#7405=AXIS2_PLACEMENT_3D('',#1847,#7406,#7407);
#7406=DIRECTION('',(0,-0.4734878601166424,-0.880800344188263));
#7407=DIRECTION('',(0.9954925589527618,0.08353482356302426,-0.04490543755466971));
#7408=FACE_BOUND('',#7409,.T.);
#7409=EDGE_LOOP('',(#7410,#7411,#7412));
#7410=ORIENTED_EDGE('',*,*,#7413,.T.);
#7411=ORIENTED_EDGE('',*,*,#7414,.T.);
#7412=ORIENTED_EDGE('',*,*,#7415,.T.);
#7413=EDGE_CURVE('',#1848,#1856,#7416,.F.);
#7414=EDGE_CURVE('',#1856,#1858,#7417,.T.);
#7415=EDGE_CURVE('',#1858,#1848,#7418,.T.);
#7416=LINE('',#1847,#7419);
#7417=LINE('',#1855,#7420);
#7418=LINE('',#1857,#7421);
#7419=VECTOR('',#7422,1.0);
#7420=VECTOR('',#7423,1.0);
#7421=VECTOR('',#7424,1.0);
#7422=DIRECTION('',(0.9954925589527618,0.08353482356302426,-0.04490543755466971));
#7423=DIRECTION('',(0,-0.8808003441882633,0.4734878601166425));
#7424=DIRECTION('',(-1,0,0));
#7425=FACE_SURFACE('',(#7430),#7426,.T.);
#7426=PLANE('',#7427);
#7427=AXIS2_PLACEMENT_3D('',#1853,#7428,#7429);
#7428=DIRECTION('',(0,-0.687701253921453,-0.7259937915401627));
#7429=DIRECTION('',(0,0.7259937915401629,-0.687701253921453));
#7430=FACE_BOUND('',#7431,.T.);
#7431=EDGE_LOOP('',(#7432,#7433,#7434));
#7432=ORIENTED_EDGE('',*,*,#7435,.T.);
#7433=ORIENTED_EDGE('',*,*,#7436,.T.);
#7434=ORIENTED_EDGE('',*,*,#7437,.T.);
#7435=EDGE_CURVE('',#1854,#1860,#7438,.F.);
#7436=EDGE_CURVE('',#1860,#1862,#7439,.T.);
#7437=EDGE_CURVE('',#1862,#1854,#7440,.T.);
#7438=LINE('',#1853,#7441);
#7439=LINE('',#1859,#7442);
#7440=LINE('',#1861,#7443);
#7441=VECTOR('',#7444,1.0);
#7442=VECTOR('',#7445,1.0);
#7443=VECTOR('',#7446,1.0);
#7444=DIRECTION('',(0,0.7259937915401629,-0.687701253921453));
#7445=DIRECTION('',(1,0,0));
#7446=DIRECTION('',(-0.9943747417407363,-0.0768966681000385,0.07284075386180873));
#7447=FACE_SURFACE('',(#7452),#7448,.T.);
#7448=PLANE('',#7449);
#7449=AXIS2_PLACEMENT_3D('',#1853,#7450,#7451);
#7450=DIRECTION('',(0,-0.687701253921453,-0.7259937915401627));
#7451=DIRECTION('',(0.9943747417407363,0.0768966681000385,-0.07284075386180873));
#7452=FACE_BOUND('',#7453,.T.);
#7453=EDGE_LOOP('',(#7454,#7455,#7456));
#7454=ORIENTED_EDGE('',*,*,#7457,.T.);
#7455=ORIENTED_EDGE('',*,*,#7458,.T.);
#7456=ORIENTED_EDGE('',*,*,#7459,.T.);
#7457=EDGE_CURVE('',#1854,#1862,#7460,.F.);
#7458=EDGE_CURVE('',#1862,#1856,#7461,.T.);
#7459=EDGE_CURVE('',#1856,#1854,#7462,.T.);
#7460=LINE('',#1853,#7463);
#7461=LINE('',#1861,#7464);
#7462=LINE('',#1855,#7465);
#7463=VECTOR('',#7466,1.0);
#7464=VECTOR('',#7467,1.0);
#7465=VECTOR('',#7468,1.0);
#7466=DIRECTION('',(0.9943747417407363,0.0768966681000385,-0.07284075386180873));
#7467=DIRECTION('',(0,-0.7259937915401629,0.687701253921453));
#7468=DIRECTION('',(-1,0,0));
#7469=FACE_SURFACE('',(#7474),#7470,.T.);
#7470=PLANE('',#7471);
#7471=AXIS2_PLACEMENT_3D('',#1859,#7472,#7473);
#7472=DIRECTION('',(-5.1327623035385315E-08,-0.8240044730068039,-0.5665832934924719));
#7473=DIRECTION('',(0,0.5665832934924727,-0.8240044730068049));
#7474=FACE_BOUND('',#7475,.T.);
#7475=EDGE_LOOP('',(#7476,#7477,#7478));
#7476=ORIENTED_EDGE('',*,*,#7479,.T.);
#7477=ORIENTED_EDGE('',*,*,#7480,.T.);
#7478=ORIENTED_EDGE('',*,*,#7481,.T.);
#7479=EDGE_CURVE('',#1860,#1864,#7482,.F.);
#7480=EDGE_CURVE('',#1864,#1866,#7483,.T.);
#7481=EDGE_CURVE('',#1866,#1860,#7484,.T.);
#7482=LINE('',#1859,#7485);
#7483=LINE('',#1863,#7486);
#7484=LINE('',#1865,#7487);
#7485=VECTOR('',#7488,1.0);
#7486=VECTOR('',#7489,1.0);
#7487=VECTOR('',#7490,1.0);
#7488=DIRECTION('',(0,0.5665832934924727,-0.8240044730068049));
#7489=DIRECTION('',(0.9999999999999958,0,-9.059148694409862E-08));
#7490=DIRECTION('',(-0.9929193706469421,-0.06730452884424365,0.09788372587480863));
#7491=FACE_SURFACE('',(#7496),#7492,.T.);
#7492=PLANE('',#7493);
#7493=AXIS2_PLACEMENT_3D('',#1859,#7494,#7495);
#7494=DIRECTION('',(0,-0.8240047160861014,-0.5665829399724842));
#7495=DIRECTION('',(0.9929193706469421,0.06730452884424365,-0.09788372587480863));
#7496=FACE_BOUND('',#7497,.T.);
#7497=EDGE_LOOP('',(#7498,#7499,#7500));
#7498=ORIENTED_EDGE('',*,*,#7501,.T.);
#7499=ORIENTED_EDGE('',*,*,#7502,.T.);
#7500=ORIENTED_EDGE('',*,*,#7503,.T.);
#7501=EDGE_CURVE('',#1860,#1866,#7504,.F.);
#7502=EDGE_CURVE('',#1866,#1868,#7505,.T.);
#7503=EDGE_CURVE('',#1868,#1860,#7506,.T.);
#7504=LINE('',#1859,#7507);
#7505=LINE('',#1865,#7508);
#7506=LINE('',#1867,#7509);
#7507=VECTOR('',#7510,1.0);
#7508=VECTOR('',#7511,1.0);
#7509=VECTOR('',#7512,1.0);
#7510=DIRECTION('',(0.9929193706469421,0.06730452884424365,-0.09788372587480863));
#7511=DIRECTION('',(0,-0.5665829399724842,0.8240047160861014));
#7512=DIRECTION('',(-1,0,0));
#7513=FACE_SURFACE('',(#7518),#7514,.T.);
#7514=PLANE('',#7515);
#7515=AXIS2_PLACEMENT_3D('',#1863,#7516,#7517);
#7516=DIRECTION('',(0,-0.9074251594374487,-0.42021373135574785));
#7517=DIRECTION('',(0,0.4202137313557478,-0.9074251594374487));
#7518=FACE_BOUND('',#7519,.T.);
#7519=EDGE_LOOP('',(#7520,#7521,#7522));
#7520=ORIENTED_EDGE('',*,*,#7523,.T.);
#7521=ORIENTED_EDGE('',*,*,#7524,.T.);
#7522=ORIENTED_EDGE('',*,*,#7525,.T.);
#7523=EDGE_CURVE('',#1864,#1870,#7526,.F.);
#7524=EDGE_CURVE('',#1870,#1872,#7527,.T.);
#7525=EDGE_CURVE('',#1872,#1864,#7528,.T.);
#7526=LINE('',#1863,#7529);
#7527=LINE('',#1869,#7530);
#7528=LINE('',#1871,#7531);
#7529=VECTOR('',#7532,1.0);
#7530=VECTOR('',#7533,1.0);
#7531=VECTOR('',#7534,1.0);
#7532=DIRECTION('',(0,0.4202137313557478,-0.9074251594374487));
#7533=DIRECTION('',(1,0,0));
#7534=DIRECTION('',(-0.991351675114331,-0.05514551789073182,0.11908328222119517));
#7535=FACE_SURFACE('',(#7540),#7536,.T.);
#7536=PLANE('',#7537);
#7537=AXIS2_PLACEMENT_3D('',#1863,#7538,#7539);
#7538=DIRECTION('',(-3.806781039764751E-08,-0.9074250385959678,-0.42021399230523604));
#7539=DIRECTION('',(0.991351675114331,0.05514551789073182,-0.11908328222119517));
#7540=FACE_BOUND('',#7541,.T.);
#7541=EDGE_LOOP('',(#7542,#7543,#7544));
#7542=ORIENTED_EDGE('',*,*,#7545,.T.);
#7543=ORIENTED_EDGE('',*,*,#7546,.T.);
#7544=ORIENTED_EDGE('',*,*,#7547,.T.);
#7545=EDGE_CURVE('',#1864,#1872,#7548,.F.);
#7546=EDGE_CURVE('',#1872,#1866,#7549,.T.);
#7547=EDGE_CURVE('',#1866,#1864,#7550,.T.);
#7548=LINE('',#1863,#7551);
#7549=LINE('',#1871,#7552);
#7550=LINE('',#1865,#7553);
#7551=VECTOR('',#7554,1.0);
#7552=VECTOR('',#7555,1.0);
#7553=VECTOR('',#7556,1.0);
#7554=DIRECTION('',(0.991351675114331,0.05514551789073182,-0.11908328222119517));
#7555=DIRECTION('',(0,-0.4202139923052364,0.9074250385959685));
#7556=DIRECTION('',(-0.9999999999999958,0,9.059148694409862E-08));
#7557=FACE_SURFACE('',(#7562),#7558,.T.);
#7558=PLANE('',#7559);
#7559=AXIS2_PLACEMENT_3D('',#1869,#7560,#7561);
#7560=DIRECTION('',(-2.6160238819815513E-08,-0.9573980497107868,-0.2887714916850015));
#7561=DIRECTION('',(0,0.28877149168500166,-0.9573980497107873));
#7562=FACE_BOUND('',#7563,.T.);
#7563=EDGE_LOOP('',(#7564,#7565,#7566));
#7564=ORIENTED_EDGE('',*,*,#7567,.T.);
#7565=ORIENTED_EDGE('',*,*,#7568,.T.);
#7566=ORIENTED_EDGE('',*,*,#7569,.T.);
#7567=EDGE_CURVE('',#1870,#1874,#7570,.F.);
#7568=EDGE_CURVE('',#1874,#1876,#7571,.T.);
#7569=EDGE_CURVE('',#1876,#1870,#7572,.T.);
#7570=LINE('',#1869,#7573);
#7571=LINE('',#1873,#7574);
#7572=LINE('',#1875,#7575);
#7573=VECTOR('',#7576,1.0);
#7574=VECTOR('',#7577,1.0);
#7575=VECTOR('',#7578,1.0);
#7576=DIRECTION('',(0,0.28877149168500166,-0.9573980497107873));
#7577=DIRECTION('',(0.9999999999999958,0,-9.059148694409862E-08));
#7578=DIRECTION('',(-0.9899096193512577,-0.040918952146766135,0.13566349866879782));
#7579=FACE_SURFACE('',(#7584),#7580,.T.);
#7580=PLANE('',#7581);
#7581=AXIS2_PLACEMENT_3D('',#1869,#7582,#7583);
#7582=DIRECTION('',(0,-0.9573981024849052,-0.28877131671671113));
#7583=DIRECTION('',(0.9899096193512577,0.040918952146766135,-0.13566349866879782));
#7584=FACE_BOUND('',#7585,.T.);
#7585=EDGE_LOOP('',(#7586,#7587,#7588));
#7586=ORIENTED_EDGE('',*,*,#7589,.T.);
#7587=ORIENTED_EDGE('',*,*,#7590,.T.);
#7588=ORIENTED_EDGE('',*,*,#7591,.T.);
#7589=EDGE_CURVE('',#1870,#1876,#7592,.F.);
#7590=EDGE_CURVE('',#1876,#1872,#7593,.T.);
#7591=EDGE_CURVE('',#1872,#1870,#7594,.T.);
#7592=LINE('',#1869,#7595);
#7593=LINE('',#1875,#7596);
#7594=LINE('',#1871,#7597);
#7595=VECTOR('',#7598,1.0);
#7596=VECTOR('',#7599,1.0);
#7597=VECTOR('',#7600,1.0);
#7598=DIRECTION('',(0.9899096193512577,0.040918952146766135,-0.13566349866879782));
#7599=DIRECTION('',(0,-0.2887713167167111,0.9573981024849051));
#7600=DIRECTION('',(-1,0,0));
#7601=FACE_SURFACE('',(#7606),#7602,.T.);
#7602=PLANE('',#7603);
#7603=AXIS2_PLACEMENT_3D('',#1877,#7604,#7605);
#7604=DIRECTION('',(-1,0,0));
#7605=DIRECTION('',(0,1,0));
#7606=FACE_BOUND('',#7607,.T.);
#7607=EDGE_LOOP('',(#7608,#7609,#7610));
#7608=ORIENTED_EDGE('',*,*,#7611,.T.);
#7609=ORIENTED_EDGE('',*,*,#7612,.T.);
#7610=ORIENTED_EDGE('',*,*,#7613,.T.);
#7611=EDGE_CURVE('',#1878,#1880,#7614,.F.);
#7612=EDGE_CURVE('',#1880,#1882,#7615,.T.);
#7613=EDGE_CURVE('',#1882,#1878,#7616,.T.);
#7614=LINE('',#1877,#7617);
#7615=LINE('',#1879,#7618);
#7616=LINE('',#1881,#7619);
#7617=VECTOR('',#7620,1.0);
#7618=VECTOR('',#7621,1.0);
#7619=VECTOR('',#7622,1.0);
#7620=DIRECTION('',(0,1,0));
#7621=DIRECTION('',(0,-0.8808155275374913,-0.4734596143799921));
#7622=DIRECTION('',(0,-0.9999998098080192,0.0006167527263825737));
#7623=FACE_SURFACE('',(#7628),#7624,.T.);
#7624=PLANE('',#7625);
#7625=AXIS2_PLACEMENT_3D('',#1881,#7626,#7627);
#7626=DIRECTION('',(-1,-0,0));
#7627=DIRECTION('',(0,-0.9999864253514272,-0.005210481059771095));
#7628=FACE_BOUND('',#7629,.T.);
#7629=EDGE_LOOP('',(#7630,#7631,#7632));
#7630=ORIENTED_EDGE('',*,*,#7633,.T.);
#7631=ORIENTED_EDGE('',*,*,#7634,.T.);
#7632=ORIENTED_EDGE('',*,*,#7635,.T.);
#7633=EDGE_CURVE('',#1882,#1884,#7636,.F.);
#7634=EDGE_CURVE('',#1884,#1886,#7637,.T.);
#7635=EDGE_CURVE('',#1886,#1882,#7638,.T.);
#7636=LINE('',#1881,#7639);
#7637=LINE('',#1883,#7640);
#7638=LINE('',#1885,#7641);
#7639=VECTOR('',#7642,1.0);
#7640=VECTOR('',#7643,1.0);
#7641=VECTOR('',#7644,1.0);
#7642=DIRECTION('',(0,-0.9999864253514272,-0.005210481059771095));
#7643=DIRECTION('',(0,-0.9837616767391602,0.17947970185889067));
#7644=DIRECTION('',(0,1,0));
#7645=FACE_SURFACE('',(#7650),#7646,.T.);
#7646=PLANE('',#7647);
#7647=AXIS2_PLACEMENT_3D('',#1881,#7648,#7649);
#7648=DIRECTION('',(-1,0,0));
#7649=DIRECTION('',(0,-1,0));
#7650=FACE_BOUND('',#7651,.T.);
#7651=EDGE_LOOP('',(#7652,#7653,#7654));
#7652=ORIENTED_EDGE('',*,*,#7655,.T.);
#7653=ORIENTED_EDGE('',*,*,#7656,.T.);
#7654=ORIENTED_EDGE('',*,*,#7657,.T.);
#7655=EDGE_CURVE('',#1882,#1886,#7658,.F.);
#7656=EDGE_CURVE('',#1886,#1878,#7659,.T.);
#7657=EDGE_CURVE('',#1878,#1882,#7660,.T.);
#7658=LINE('',#1881,#7661);
#7659=LINE('',#1885,#7662);
#7660=LINE('',#1877,#7663);
#7661=VECTOR('',#7664,1.0);
#7662=VECTOR('',#7665,1.0);
#7663=VECTOR('',#7666,1.0);
#7664=DIRECTION('',(0,-1,0));
#7665=DIRECTION('',(0,-0.8717723397303947,0.4899112038737155));
#7666=DIRECTION('',(0,0.9999998098080192,-0.0006167527263825737));
#7667=FACE_SURFACE('',(#7672),#7668,.T.);
#7668=PLANE('',#7669);
#7669=AXIS2_PLACEMENT_3D('',#1873,#7670,#7671);
#7670=DIRECTION('',(0,-0.9856628397878874,-0.1687268984521361));
#7671=DIRECTION('',(0,0.1687268984521361,-0.9856628397878874));
#7672=FACE_BOUND('',#7673,.T.);
#7673=EDGE_LOOP('',(#7674,#7675,#7676));
#7674=ORIENTED_EDGE('',*,*,#7677,.T.);
#7675=ORIENTED_EDGE('',*,*,#7678,.T.);
#7676=ORIENTED_EDGE('',*,*,#7679,.T.);
#7677=EDGE_CURVE('',#1874,#1888,#7680,.F.);
#7678=EDGE_CURVE('',#1888,#1890,#7681,.T.);
#7679=EDGE_CURVE('',#1890,#1874,#7682,.T.);
#7680=LINE('',#1873,#7683);
#7681=LINE('',#1887,#7684);
#7682=LINE('',#1889,#7685);
#7683=VECTOR('',#7686,1.0);
#7684=VECTOR('',#7687,1.0);
#7685=VECTOR('',#7688,1.0);
#7686=DIRECTION('',(0,0.1687268984521361,-0.9856628397878874));
#7687=DIRECTION('',(1,0,0));
#7688=DIRECTION('',(-0.9888102685047929,-0.025170441476355363,0.14703979657005994));
#7689=FACE_SURFACE('',(#7694),#7690,.T.);
#7690=PLANE('',#7691);
#7691=AXIS2_PLACEMENT_3D('',#1873,#7692,#7693);
#7692=DIRECTION('',(-1.528522966502845E-08,-0.9856628226931323,-0.16872699831564147));
#7693=DIRECTION('',(0.9888102685047929,0.025170441476355363,-0.14703979657005994));
#7694=FACE_BOUND('',#7695,.T.);
#7695=EDGE_LOOP('',(#7696,#7697,#7698));
#7696=ORIENTED_EDGE('',*,*,#7699,.T.);
#7697=ORIENTED_EDGE('',*,*,#7700,.T.);
#7698=ORIENTED_EDGE('',*,*,#7701,.T.);
#7699=EDGE_CURVE('',#1874,#1890,#7702,.F.);
#7700=EDGE_CURVE('',#1890,#1876,#7703,.T.);
#7701=EDGE_CURVE('',#1876,#1874,#7704,.T.);
#7702=LINE('',#1873,#7705);
#7703=LINE('',#1889,#7706);
#7704=LINE('',#1875,#7707);
#7705=VECTOR('',#7708,1.0);
#7706=VECTOR('',#7709,1.0);
#7707=VECTOR('',#7710,1.0);
#7708=DIRECTION('',(0.9888102685047929,0.025170441476355363,-0.14703979657005994));
#7709=DIRECTION('',(0,-0.1687269983156415,0.9856628226931324));
#7710=DIRECTION('',(-0.9999999999999958,0,9.059148694409862E-08));
#7711=FACE_SURFACE('',(#7716),#7712,.T.);
#7712=PLANE('',#7713);
#7713=AXIS2_PLACEMENT_3D('',#1887,#7714,#7715);
#7714=DIRECTION('',(0,-0.9984590960280322,-0.05549264418717532));
#7715=DIRECTION('',(0,0.05549264418717533,-0.9984590960280324));
#7716=FACE_BOUND('',#7717,.T.);
#7717=EDGE_LOOP('',(#7718,#7719,#7720));
#7718=ORIENTED_EDGE('',*,*,#7721,.T.);
#7719=ORIENTED_EDGE('',*,*,#7722,.T.);
#7720=ORIENTED_EDGE('',*,*,#7723,.T.);
#7721=EDGE_CURVE('',#1888,#1892,#7724,.F.);
#7722=EDGE_CURVE('',#1892,#1894,#7725,.T.);
#7723=EDGE_CURVE('',#1894,#1888,#7726,.T.);
#7724=LINE('',#1887,#7727);
#7725=LINE('',#1891,#7728);
#7726=LINE('',#1893,#7729);
#7727=VECTOR('',#7730,1.0);
#7728=VECTOR('',#7731,1.0);
#7729=VECTOR('',#7732,1.0);
#7730=DIRECTION('',(0,0.05549264418717533,-0.9984590960280324));
#7731=DIRECTION('',(1,0,0));
#7732=DIRECTION('',(-0.9882168147593492,-0.008493733744841837,0.1528246822799174));
#7733=FACE_SURFACE('',(#7738),#7734,.T.);
#7734=PLANE('',#7735);
#7735=AXIS2_PLACEMENT_3D('',#1887,#7736,#7737);
#7736=DIRECTION('',(0,-0.9984590960280322,-0.05549264418717532));
#7737=DIRECTION('',(0.9882168147593492,0.008493733744841837,-0.1528246822799174));
#7738=FACE_BOUND('',#7739,.T.);
#7739=EDGE_LOOP('',(#7740,#7741,#7742));
#7740=ORIENTED_EDGE('',*,*,#7743,.T.);
#7741=ORIENTED_EDGE('',*,*,#7744,.T.);
#7742=ORIENTED_EDGE('',*,*,#7745,.T.);
#7743=EDGE_CURVE('',#1888,#1894,#7746,.F.);
#7744=EDGE_CURVE('',#1894,#1896,#7747,.T.);
#7745=EDGE_CURVE('',#1896,#1888,#7748,.T.);
#7746=LINE('',#1887,#7749);
#7747=LINE('',#1893,#7750);
#7748=LINE('',#1895,#7751);
#7749=VECTOR('',#7752,1.0);
#7750=VECTOR('',#7753,1.0);
#7751=VECTOR('',#7754,1.0);
#7752=DIRECTION('',(0.9882168147593492,0.008493733744841837,-0.1528246822799174));
#7753=DIRECTION('',(0,-0.05549264418717533,0.9984590960280324));
#7754=DIRECTION('',(-1,0,0));
#7755=FACE_SURFACE('',(#7760),#7756,.T.);
#7756=PLANE('',#7757);
#7757=AXIS2_PLACEMENT_3D('',#1897,#7758,#7759);
#7758=DIRECTION('',(1,-0,0));
#7759=DIRECTION('',(0,-0.9999864253333057,-0.005210484537636425));
#7760=FACE_BOUND('',#7761,.T.);
#7761=EDGE_LOOP('',(#7762,#7763,#7764));
#7762=ORIENTED_EDGE('',*,*,#7765,.T.);
#7763=ORIENTED_EDGE('',*,*,#7766,.T.);
#7764=ORIENTED_EDGE('',*,*,#7767,.T.);
#7765=EDGE_CURVE('',#1898,#1900,#7768,.F.);
#7766=EDGE_CURVE('',#1900,#1902,#7769,.T.);
#7767=EDGE_CURVE('',#1902,#1898,#7770,.T.);
#7768=LINE('',#1897,#7771);
#7769=LINE('',#1899,#7772);
#7770=LINE('',#1901,#7773);
#7771=VECTOR('',#7774,1.0);
#7772=VECTOR('',#7775,1.0);
#7773=VECTOR('',#7776,1.0);
#7774=DIRECTION('',(0,-0.9999864253333057,-0.005210484537636425));
#7775=DIRECTION('',(0,0.9999864253514272,0.005210481059771095));
#7776=DIRECTION('',(0,-1,0));
#7777=FACE_SURFACE('',(#7782),#7778,.T.);
#7778=PLANE('',#7779);
#7779=AXIS2_PLACEMENT_3D('',#1903,#7780,#7781);
#7780=DIRECTION('',(1,0,0));
#7781=DIRECTION('',(0,-0.9999864251899541,0.00521051204934839));
#7782=FACE_BOUND('',#7783,.T.);
#7783=EDGE_LOOP('',(#7784,#7785,#7786));
#7784=ORIENTED_EDGE('',*,*,#7787,.T.);
#7785=ORIENTED_EDGE('',*,*,#7788,.T.);
#7786=ORIENTED_EDGE('',*,*,#7789,.T.);
#7787=EDGE_CURVE('',#1904,#1906,#7790,.F.);
#7788=EDGE_CURVE('',#1906,#1908,#7791,.T.);
#7789=EDGE_CURVE('',#1908,#1904,#7792,.T.);
#7790=LINE('',#1903,#7793);
#7791=LINE('',#1905,#7794);
#7792=LINE('',#1907,#7795);
#7793=VECTOR('',#7796,1.0);
#7794=VECTOR('',#7797,1.0);
#7795=VECTOR('',#7798,1.0);
#7796=DIRECTION('',(0,-0.9999864251899541,0.00521051204934839));
#7797=DIRECTION('',(0,0.9999864251718322,-0.0052105155272344035));
#7798=DIRECTION('',(0,1,0));
#7799=FACE_SURFACE('',(#7804),#7800,.T.);
#7800=PLANE('',#7801);
#7801=AXIS2_PLACEMENT_3D('',#1903,#7802,#7803);
#7802=DIRECTION('',(1,0,0));
#7803=DIRECTION('',(0,-1,0));
#7804=FACE_BOUND('',#7805,.T.);
#7805=EDGE_LOOP('',(#7806,#7807,#7808));
#7806=ORIENTED_EDGE('',*,*,#7809,.T.);
#7807=ORIENTED_EDGE('',*,*,#7810,.T.);
#7808=ORIENTED_EDGE('',*,*,#7811,.T.);
#7809=EDGE_CURVE('',#1904,#1908,#7812,.F.);
#7810=EDGE_CURVE('',#1908,#1910,#7813,.T.);
#7811=EDGE_CURVE('',#1910,#1904,#7814,.T.);
#7812=LINE('',#1903,#7815);
#7813=LINE('',#1907,#7816);
#7814=LINE('',#1909,#7817);
#7815=VECTOR('',#7818,1.0);
#7816=VECTOR('',#7819,1.0);
#7817=VECTOR('',#7820,1.0);
#7818=DIRECTION('',(0,-1,0));
#7819=DIRECTION('',(0,0.8808003441882633,-0.4734878601166425));
#7820=DIRECTION('',(0,-0.8807957524420776,0.47349640176034535));
#7821=FACE_SURFACE('',(#7826),#7822,.T.);
#7822=PLANE('',#7823);
#7823=AXIS2_PLACEMENT_3D('',#1911,#7824,#7825);
#7824=DIRECTION('',(1,0,0));
#7825=DIRECTION('',(0,-0.8808003441882633,0.4734878601166425));
#7826=FACE_BOUND('',#7827,.T.);
#7827=EDGE_LOOP('',(#7828,#7829,#7830));
#7828=ORIENTED_EDGE('',*,*,#7831,.T.);
#7829=ORIENTED_EDGE('',*,*,#7832,.T.);
#7830=ORIENTED_EDGE('',*,*,#7833,.T.);
#7831=EDGE_CURVE('',#1912,#1904,#7834,.F.);
#7832=EDGE_CURVE('',#1904,#1910,#7835,.T.);
#7833=EDGE_CURVE('',#1910,#1912,#7836,.T.);
#7834=LINE('',#1911,#7837);
#7835=LINE('',#1903,#7838);
#7836=LINE('',#1909,#7839);
#7837=VECTOR('',#7840,1.0);
#7838=VECTOR('',#7841,1.0);
#7839=VECTOR('',#7842,1.0);
#7840=DIRECTION('',(0,-0.8808003441882633,0.4734878601166425));
#7841=DIRECTION('',(0,0.8807957524420776,-0.47349640176034535));
#7842=DIRECTION('',(0,1,0));
#7843=FACE_SURFACE('',(#7848),#7844,.T.);
#7844=PLANE('',#7845);
#7845=AXIS2_PLACEMENT_3D('',#1913,#7846,#7847);
#7846=DIRECTION('',(1,0,0));
#7847=DIRECTION('',(0,-0.8807995510444742,-0.47348933555028744));
#7848=FACE_BOUND('',#7849,.T.);
#7849=EDGE_LOOP('',(#7850,#7851,#7852));
#7850=ORIENTED_EDGE('',*,*,#7853,.T.);
#7851=ORIENTED_EDGE('',*,*,#7854,.T.);
#7852=ORIENTED_EDGE('',*,*,#7855,.T.);
#7853=EDGE_CURVE('',#1914,#1898,#7856,.F.);
#7854=EDGE_CURVE('',#1898,#1902,#7857,.T.);
#7855=EDGE_CURVE('',#1902,#1914,#7858,.T.);
#7856=LINE('',#1913,#7859);
#7857=LINE('',#1897,#7860);
#7858=LINE('',#1901,#7861);
#7859=VECTOR('',#7862,1.0);
#7860=VECTOR('',#7863,1.0);
#7861=VECTOR('',#7864,1.0);
#7862=DIRECTION('',(0,-0.8807995510444742,-0.47348933555028744));
#7863=DIRECTION('',(0,1,0));
#7864=DIRECTION('',(0,0.880794959273807,0.47349787720522335));
#7865=FACE_SURFACE('',(#7870),#7866,.T.);
#7866=PLANE('',#7867);
#7867=AXIS2_PLACEMENT_3D('',#1913,#7868,#7869);
#7868=DIRECTION('',(1,-0,0));
#7869=DIRECTION('',(0,-0.880794959273807,-0.47349787720522335));
#7870=FACE_BOUND('',#7871,.T.);
#7871=EDGE_LOOP('',(#7872,#7873,#7874));
#7872=ORIENTED_EDGE('',*,*,#7875,.T.);
#7873=ORIENTED_EDGE('',*,*,#7876,.T.);
#7874=ORIENTED_EDGE('',*,*,#7877,.T.);
#7875=EDGE_CURVE('',#1914,#1902,#7878,.F.);
#7876=EDGE_CURVE('',#1902,#1916,#7879,.T.);
#7877=EDGE_CURVE('',#1916,#1914,#7880,.T.);
#7878=LINE('',#1913,#7881);
#7879=LINE('',#1901,#7882);
#7880=LINE('',#1915,#7883);
#7881=VECTOR('',#7884,1.0);
#7882=VECTOR('',#7885,1.0);
#7883=VECTOR('',#7886,1.0);
#7884=DIRECTION('',(0,-0.880794959273807,-0.47349787720522335));
#7885=DIRECTION('',(0,0.8807995510444742,0.47348933555028744));
#7886=DIRECTION('',(0,-1,0));
#7887=FACE_SURFACE('',(#7892),#7888,.T.);
#7888=PLANE('',#7889);
#7889=AXIS2_PLACEMENT_3D('',#1911,#7890,#7891);
#7890=DIRECTION('',(1,0,0));
#7891=DIRECTION('',(0,-1,0));
#7892=FACE_BOUND('',#7893,.T.);
#7893=EDGE_LOOP('',(#7894,#7895,#7896));
#7894=ORIENTED_EDGE('',*,*,#7897,.T.);
#7895=ORIENTED_EDGE('',*,*,#7898,.T.);
#7896=ORIENTED_EDGE('',*,*,#7899,.T.);
#7897=EDGE_CURVE('',#1912,#1910,#7900,.F.);
#7898=EDGE_CURVE('',#1910,#1918,#7901,.T.);
#7899=EDGE_CURVE('',#1918,#1912,#7902,.T.);
#7900=LINE('',#1911,#7903);
#7901=LINE('',#1909,#7904);
#7902=LINE('',#1917,#7905);
#7903=VECTOR('',#7906,1.0);
#7904=VECTOR('',#7907,1.0);
#7905=VECTOR('',#7908,1.0);
#7906=DIRECTION('',(0,-1,0));
#7907=DIRECTION('',(0,0.7259937915401629,-0.687701253921453));
#7908=DIRECTION('',(0,-0.7259851282221795,0.6877103995143781));
#7909=FACE_SURFACE('',(#7914),#7910,.T.);
#7910=PLANE('',#7911);
#7911=AXIS2_PLACEMENT_3D('',#1919,#7912,#7913);
#7912=DIRECTION('',(1,0,0));
#7913=DIRECTION('',(0,-0.7259937915401629,0.687701253921453));
#7914=FACE_BOUND('',#7915,.T.);
#7915=EDGE_LOOP('',(#7916,#7917,#7918));
#7916=ORIENTED_EDGE('',*,*,#7919,.T.);
#7917=ORIENTED_EDGE('',*,*,#7920,.T.);
#7918=ORIENTED_EDGE('',*,*,#7921,.T.);
#7919=EDGE_CURVE('',#1920,#1912,#7922,.F.);
#7920=EDGE_CURVE('',#1912,#1918,#7923,.T.);
#7921=EDGE_CURVE('',#1918,#1920,#7924,.T.);
#7922=LINE('',#1919,#7925);
#7923=LINE('',#1911,#7926);
#7924=LINE('',#1917,#7927);
#7925=VECTOR('',#7928,1.0);
#7926=VECTOR('',#7929,1.0);
#7927=VECTOR('',#7930,1.0);
#7928=DIRECTION('',(0,-0.7259937915401629,0.687701253921453));
#7929=DIRECTION('',(0,0.7259851282221795,-0.6877103995143781));
#7930=DIRECTION('',(0,1,0));
#7931=FACE_SURFACE('',(#7936),#7932,.T.);
#7932=PLANE('',#7933);
#7933=AXIS2_PLACEMENT_3D('',#1921,#7934,#7935);
#7934=DIRECTION('',(1,0,0));
#7935=DIRECTION('',(0,-0.7259946407710868,-0.6877003574025977));
#7936=FACE_BOUND('',#7937,.T.);
#7937=EDGE_LOOP('',(#7938,#7939,#7940));
#7938=ORIENTED_EDGE('',*,*,#7941,.T.);
#7939=ORIENTED_EDGE('',*,*,#7942,.T.);
#7940=ORIENTED_EDGE('',*,*,#7943,.T.);
#7941=EDGE_CURVE('',#1922,#1914,#7944,.F.);
#7942=EDGE_CURVE('',#1914,#1916,#7945,.T.);
#7943=EDGE_CURVE('',#1916,#1922,#7946,.T.);
#7944=LINE('',#1921,#7947);
#7945=LINE('',#1913,#7948);
#7946=LINE('',#1915,#7949);
#7947=VECTOR('',#7950,1.0);
#7948=VECTOR('',#7951,1.0);
#7949=VECTOR('',#7952,1.0);
#7950=DIRECTION('',(0,-0.7259946407710868,-0.6877003574025977));
#7951=DIRECTION('',(0,1,0));
#7952=DIRECTION('',(0,0.725985977465557,0.6877095030049968));
#7953=FACE_SURFACE('',(#7958),#7954,.T.);
#7954=PLANE('',#7955);
#7955=AXIS2_PLACEMENT_3D('',#1921,#7956,#7957);
#7956=DIRECTION('',(1,-0,0));
#7957=DIRECTION('',(0,-0.725985977465557,-0.6877095030049968));
#7958=FACE_BOUND('',#7959,.T.);
#7959=EDGE_LOOP('',(#7960,#7961,#7962));
#7960=ORIENTED_EDGE('',*,*,#7963,.T.);
#7961=ORIENTED_EDGE('',*,*,#7964,.T.);
#7962=ORIENTED_EDGE('',*,*,#7965,.T.);
#7963=EDGE_CURVE('',#1922,#1916,#7966,.F.);
#7964=EDGE_CURVE('',#1916,#1924,#7967,.T.);
#7965=EDGE_CURVE('',#1924,#1922,#7968,.T.);
#7966=LINE('',#1921,#7969);
#7967=LINE('',#1915,#7970);
#7968=LINE('',#1923,#7971);
#7969=VECTOR('',#7972,1.0);
#7970=VECTOR('',#7973,1.0);
#7971=VECTOR('',#7974,1.0);
#7972=DIRECTION('',(0,-0.725985977465557,-0.6877095030049968));
#7973=DIRECTION('',(0,0.7259946407710868,0.6877003574025977));
#7974=DIRECTION('',(0,-1,0));
#7975=FACE_SURFACE('',(#7980),#7976,.T.);
#7976=PLANE('',#7977);
#7977=AXIS2_PLACEMENT_3D('',#1919,#7978,#7979);
#7978=DIRECTION('',(1,0,0));
#7979=DIRECTION('',(0,-1,0));
#7980=FACE_BOUND('',#7981,.T.);
#7981=EDGE_LOOP('',(#7982,#7983,#7984));
#7982=ORIENTED_EDGE('',*,*,#7985,.T.);
#7983=ORIENTED_EDGE('',*,*,#7986,.T.);
#7984=ORIENTED_EDGE('',*,*,#7987,.T.);
#7985=EDGE_CURVE('',#1920,#1918,#7988,.F.);
#7986=EDGE_CURVE('',#1918,#1926,#7989,.T.);
#7987=EDGE_CURVE('',#1926,#1920,#7990,.T.);
#7988=LINE('',#1919,#7991);
#7989=LINE('',#1917,#7992);
#7990=LINE('',#1925,#7993);
#7991=VECTOR('',#7994,1.0);
#7992=VECTOR('',#7995,1.0);
#7993=VECTOR('',#7996,1.0);
#7994=DIRECTION('',(0,-1,0));
#7995=DIRECTION('',(0,0.5665832934924727,-0.8240044730068049));
#7996=DIRECTION('',(0,-0.5665722196304356,0.8240120872554245));
#7997=FACE_SURFACE('',(#8002),#7998,.T.);
#7998=PLANE('',#7999);
#7999=AXIS2_PLACEMENT_3D('',#1927,#8000,#8001);
#8000=DIRECTION('',(1,0,0));
#8001=DIRECTION('',(0,-0.5665832934924727,0.8240044730068049));
#8002=FACE_BOUND('',#8003,.T.);
#8003=EDGE_LOOP('',(#8004,#8005,#8006));
#8004=ORIENTED_EDGE('',*,*,#8007,.T.);
#8005=ORIENTED_EDGE('',*,*,#8008,.T.);
#8006=ORIENTED_EDGE('',*,*,#8009,.T.);
#8007=EDGE_CURVE('',#1928,#1920,#8010,.F.);
#8008=EDGE_CURVE('',#1920,#1926,#8011,.T.);
#8009=EDGE_CURVE('',#1926,#1928,#8012,.T.);
#8010=LINE('',#1927,#8013);
#8011=LINE('',#1919,#8014);
#8012=LINE('',#1925,#8015);
#8013=VECTOR('',#8016,1.0);
#8014=VECTOR('',#8017,1.0);
#8015=VECTOR('',#8018,1.0);
#8016=DIRECTION('',(0,-0.5665832934924727,0.8240044730068049));
#8017=DIRECTION('',(0,0.5665722196304356,-0.8240120872554245));
#8018=DIRECTION('',(0,1,0));
#8019=FACE_SURFACE('',(#8024),#8020,.T.);
#8020=PLANE('',#8021);
#8021=AXIS2_PLACEMENT_3D('',#1929,#8022,#8023);
#8022=DIRECTION('',(1,0,0));
#8023=DIRECTION('',(0,-0.5665832934924727,-0.8240044730068049));
#8024=FACE_BOUND('',#8025,.T.);
#8025=EDGE_LOOP('',(#8026,#8027,#8028));
#8026=ORIENTED_EDGE('',*,*,#8029,.T.);
#8027=ORIENTED_EDGE('',*,*,#8030,.T.);
#8028=ORIENTED_EDGE('',*,*,#8031,.T.);
#8029=EDGE_CURVE('',#1930,#1922,#8032,.F.);
#8030=EDGE_CURVE('',#1922,#1924,#8033,.T.);
#8031=EDGE_CURVE('',#1924,#1930,#8034,.T.);
#8032=LINE('',#1929,#8035);
#8033=LINE('',#1921,#8036);
#8034=LINE('',#1923,#8037);
#8035=VECTOR('',#8038,1.0);
#8036=VECTOR('',#8039,1.0);
#8037=VECTOR('',#8040,1.0);
#8038=DIRECTION('',(0,-0.5665832934924727,-0.8240044730068049));
#8039=DIRECTION('',(0,1,0));
#8040=DIRECTION('',(0,0.5665722196304356,0.8240120872554245));
#8041=FACE_SURFACE('',(#8046),#8042,.T.);
#8042=PLANE('',#8043);
#8043=AXIS2_PLACEMENT_3D('',#1929,#8044,#8045);
#8044=DIRECTION('',(1,-0,0));
#8045=DIRECTION('',(0,-0.5665722196304356,-0.8240120872554245));
#8046=FACE_BOUND('',#8047,.T.);
#8047=EDGE_LOOP('',(#8048,#8049,#8050));
#8048=ORIENTED_EDGE('',*,*,#8051,.T.);
#8049=ORIENTED_EDGE('',*,*,#8052,.T.);
#8050=ORIENTED_EDGE('',*,*,#8053,.T.);
#8051=EDGE_CURVE('',#1930,#1924,#8054,.F.);
#8052=EDGE_CURVE('',#1924,#1932,#8055,.T.);
#8053=EDGE_CURVE('',#1932,#1930,#8056,.T.);
#8054=LINE('',#1929,#8057);
#8055=LINE('',#1923,#8058);
#8056=LINE('',#1931,#8059);
#8057=VECTOR('',#8060,1.0);
#8058=VECTOR('',#8061,1.0);
#8059=VECTOR('',#8062,1.0);
#8060=DIRECTION('',(0,-0.5665722196304356,-0.8240120872554245));
#8061=DIRECTION('',(0,0.5665832934924727,0.8240044730068049));
#8062=DIRECTION('',(0,-1,0));
#8063=FACE_SURFACE('',(#8068),#8064,.T.);
#8064=PLANE('',#8065);
#8065=AXIS2_PLACEMENT_3D('',#1927,#8066,#8067);
#8066=DIRECTION('',(1,0,0));
#8067=DIRECTION('',(0,-1,0));
#8068=FACE_BOUND('',#8069,.T.);
#8069=EDGE_LOOP('',(#8070,#8071,#8072));
#8070=ORIENTED_EDGE('',*,*,#8073,.T.);
#8071=ORIENTED_EDGE('',*,*,#8074,.T.);
#8072=ORIENTED_EDGE('',*,*,#8075,.T.);
#8073=EDGE_CURVE('',#1928,#1926,#8076,.F.);
#8074=EDGE_CURVE('',#1926,#1934,#8077,.T.);
#8075=EDGE_CURVE('',#1934,#1928,#8078,.T.);
#8076=LINE('',#1927,#8079);
#8077=LINE('',#1925,#8080);
#8078=LINE('',#1933,#8081);
#8079=VECTOR('',#8082,1.0);
#8080=VECTOR('',#8083,1.0);
#8081=VECTOR('',#8084,1.0);
#8082=DIRECTION('',(0,-1,0));
#8083=DIRECTION('',(0,0.4202137313557478,-0.9074251594374487));
#8084=DIRECTION('',(0,-0.42020159428388076,0.9074307798180999));
#8085=FACE_SURFACE('',(#8090),#8086,.T.);
#8086=PLANE('',#8087);
#8087=AXIS2_PLACEMENT_3D('',#1935,#8088,#8089);
#8088=DIRECTION('',(1,0,0));
#8089=DIRECTION('',(0,-0.4202137313557478,0.9074251594374487));
#8090=FACE_BOUND('',#8091,.T.);
#8091=EDGE_LOOP('',(#8092,#8093,#8094));
#8092=ORIENTED_EDGE('',*,*,#8095,.T.);
#8093=ORIENTED_EDGE('',*,*,#8096,.T.);
#8094=ORIENTED_EDGE('',*,*,#8097,.T.);
#8095=EDGE_CURVE('',#1936,#1928,#8098,.F.);
#8096=EDGE_CURVE('',#1928,#1934,#8099,.T.);
#8097=EDGE_CURVE('',#1934,#1936,#8100,.T.);
#8098=LINE('',#1935,#8101);
#8099=LINE('',#1927,#8102);
#8100=LINE('',#1933,#8103);
#8101=VECTOR('',#8104,1.0);
#8102=VECTOR('',#8105,1.0);
#8103=VECTOR('',#8106,1.0);
#8104=DIRECTION('',(0,-0.4202137313557478,0.9074251594374487));
#8105=DIRECTION('',(0,0.42020159428388076,-0.9074307798180999));
#8106=DIRECTION('',(0,1,0));
#8107=FACE_SURFACE('',(#8112),#8108,.T.);
#8108=PLANE('',#8109);
#8109=AXIS2_PLACEMENT_3D('',#1937,#8110,#8111);
#8110=DIRECTION('',(1,0,0));
#8111=DIRECTION('',(0,-0.4202137313557478,-0.9074251594374487));
#8112=FACE_BOUND('',#8113,.T.);
#8113=EDGE_LOOP('',(#8114,#8115,#8116));
#8114=ORIENTED_EDGE('',*,*,#8117,.T.);
#8115=ORIENTED_EDGE('',*,*,#8118,.T.);
#8116=ORIENTED_EDGE('',*,*,#8119,.T.);
#8117=EDGE_CURVE('',#1938,#1930,#8120,.F.);
#8118=EDGE_CURVE('',#1930,#1932,#8121,.T.);
#8119=EDGE_CURVE('',#1932,#1938,#8122,.T.);
#8120=LINE('',#1937,#8123);
#8121=LINE('',#1929,#8124);
#8122=LINE('',#1931,#8125);
#8123=VECTOR('',#8126,1.0);
#8124=VECTOR('',#8127,1.0);
#8125=VECTOR('',#8128,1.0);
#8126=DIRECTION('',(0,-0.4202137313557478,-0.9074251594374487));
#8127=DIRECTION('',(0,1,0));
#8128=DIRECTION('',(0,0.42020159428388076,0.9074307798180999));
#8129=FACE_SURFACE('',(#8134),#8130,.T.);
#8130=PLANE('',#8131);
#8131=AXIS2_PLACEMENT_3D('',#1937,#8132,#8133);
#8132=DIRECTION('',(1,-0,0));
#8133=DIRECTION('',(0,-0.42020159428388076,-0.9074307798180999));
#8134=FACE_BOUND('',#8135,.T.);
#8135=EDGE_LOOP('',(#8136,#8137,#8138));
#8136=ORIENTED_EDGE('',*,*,#8139,.T.);
#8137=ORIENTED_EDGE('',*,*,#8140,.T.);
#8138=ORIENTED_EDGE('',*,*,#8141,.T.);
#8139=EDGE_CURVE('',#1938,#1932,#8142,.F.);
#8140=EDGE_CURVE('',#1932,#1940,#8143,.T.);
#8141=EDGE_CURVE('',#1940,#1938,#8144,.T.);
#8142=LINE('',#1937,#8145);
#8143=LINE('',#1931,#8146);
#8144=LINE('',#1939,#8147);
#8145=VECTOR('',#8148,1.0);
#8146=VECTOR('',#8149,1.0);
#8147=VECTOR('',#8150,1.0);
#8148=DIRECTION('',(0,-0.42020159428388076,-0.9074307798180999));
#8149=DIRECTION('',(0,0.4202137313557478,0.9074251594374487));
#8150=DIRECTION('',(0,-1,0));
#8151=FACE_SURFACE('',(#8156),#8152,.T.);
#8152=PLANE('',#8153);
#8153=AXIS2_PLACEMENT_3D('',#1935,#8154,#8155);
#8154=DIRECTION('',(1,0,0));
#8155=DIRECTION('',(0,-1,0));
#8156=FACE_BOUND('',#8157,.T.);
#8157=EDGE_LOOP('',(#8158,#8159,#8160));
#8158=ORIENTED_EDGE('',*,*,#8161,.T.);
#8159=ORIENTED_EDGE('',*,*,#8162,.T.);
#8160=ORIENTED_EDGE('',*,*,#8163,.T.);
#8161=EDGE_CURVE('',#1936,#1934,#8164,.F.);
#8162=EDGE_CURVE('',#1934,#1942,#8165,.T.);
#8163=EDGE_CURVE('',#1942,#1936,#8166,.T.);
#8164=LINE('',#1935,#8167);
#8165=LINE('',#1933,#8168);
#8166=LINE('',#1941,#8169);
#8167=VECTOR('',#8170,1.0);
#8168=VECTOR('',#8171,1.0);
#8169=VECTOR('',#8172,1.0);
#8170=DIRECTION('',(0,-1,0));
#8171=DIRECTION('',(0,0.28877149168500166,-0.9573980497107873));
#8172=DIRECTION('',(0,-0.28875899734013655,0.9574018181803913));
#8173=FACE_SURFACE('',(#8178),#8174,.T.);
#8174=PLANE('',#8175);
#8175=AXIS2_PLACEMENT_3D('',#1943,#8176,#8177);
#8176=DIRECTION('',(1,0,0));
#8177=DIRECTION('',(0,-0.28877149168500166,0.9573980497107873));
#8178=FACE_BOUND('',#8179,.T.);
#8179=EDGE_LOOP('',(#8180,#8181,#8182));
#8180=ORIENTED_EDGE('',*,*,#8183,.T.);
#8181=ORIENTED_EDGE('',*,*,#8184,.T.);
#8182=ORIENTED_EDGE('',*,*,#8185,.T.);
#8183=EDGE_CURVE('',#1944,#1936,#8186,.F.);
#8184=EDGE_CURVE('',#1936,#1942,#8187,.T.);
#8185=EDGE_CURVE('',#1942,#1944,#8188,.T.);
#8186=LINE('',#1943,#8189);
#8187=LINE('',#1935,#8190);
#8188=LINE('',#1941,#8191);
#8189=VECTOR('',#8192,1.0);
#8190=VECTOR('',#8193,1.0);
#8191=VECTOR('',#8194,1.0);
#8192=DIRECTION('',(0,-0.28877149168500166,0.9573980497107873));
#8193=DIRECTION('',(0,0.28875899734013655,-0.9574018181803913));
#8194=DIRECTION('',(0,1,0));
#8195=FACE_SURFACE('',(#8200),#8196,.T.);
#8196=PLANE('',#8197);
#8197=AXIS2_PLACEMENT_3D('',#1945,#8198,#8199);
#8198=DIRECTION('',(1,0,0));
#8199=DIRECTION('',(0,-0.28877149168500166,-0.9573980497107873));
#8200=FACE_BOUND('',#8201,.T.);
#8201=EDGE_LOOP('',(#8202,#8203,#8204));
#8202=ORIENTED_EDGE('',*,*,#8205,.T.);
#8203=ORIENTED_EDGE('',*,*,#8206,.T.);
#8204=ORIENTED_EDGE('',*,*,#8207,.T.);
#8205=EDGE_CURVE('',#1946,#1938,#8208,.F.);
#8206=EDGE_CURVE('',#1938,#1940,#8209,.T.);
#8207=EDGE_CURVE('',#1940,#1946,#8210,.T.);
#8208=LINE('',#1945,#8211);
#8209=LINE('',#1937,#8212);
#8210=LINE('',#1939,#8213);
#8211=VECTOR('',#8214,1.0);
#8212=VECTOR('',#8215,1.0);
#8213=VECTOR('',#8216,1.0);
#8214=DIRECTION('',(0,-0.28877149168500166,-0.9573980497107873));
#8215=DIRECTION('',(0,1,0));
#8216=DIRECTION('',(0,0.28875899734013655,0.9574018181803913));
#8217=FACE_SURFACE('',(#8222),#8218,.T.);
#8218=PLANE('',#8219);
#8219=AXIS2_PLACEMENT_3D('',#1945,#8220,#8221);
#8220=DIRECTION('',(1,-0,0));
#8221=DIRECTION('',(0,-0.28875899734013655,-0.9574018181803913));
#8222=FACE_BOUND('',#8223,.T.);
#8223=EDGE_LOOP('',(#8224,#8225,#8226));
#8224=ORIENTED_EDGE('',*,*,#8227,.T.);
#8225=ORIENTED_EDGE('',*,*,#8228,.T.);
#8226=ORIENTED_EDGE('',*,*,#8229,.T.);
#8227=EDGE_CURVE('',#1946,#1940,#8230,.F.);
#8228=EDGE_CURVE('',#1940,#1948,#8231,.T.);
#8229=EDGE_CURVE('',#1948,#1946,#8232,.T.);
#8230=LINE('',#1945,#8233);
#8231=LINE('',#1939,#8234);
#8232=LINE('',#1947,#8235);
#8233=VECTOR('',#8236,1.0);
#8234=VECTOR('',#8237,1.0);
#8235=VECTOR('',#8238,1.0);
#8236=DIRECTION('',(0,-0.28875899734013655,-0.9574018181803913));
#8237=DIRECTION('',(0,0.28877149168500166,0.9573980497107873));
#8238=DIRECTION('',(0,-1,0));
#8239=FACE_SURFACE('',(#8244),#8240,.T.);
#8240=PLANE('',#8241);
#8241=AXIS2_PLACEMENT_3D('',#1943,#8242,#8243);
#8242=DIRECTION('',(1,0,0));
#8243=DIRECTION('',(0,-1,0));
#8244=FACE_BOUND('',#8245,.T.);
#8245=EDGE_LOOP('',(#8246,#8247,#8248));
#8246=ORIENTED_EDGE('',*,*,#8249,.T.);
#8247=ORIENTED_EDGE('',*,*,#8250,.T.);
#8248=ORIENTED_EDGE('',*,*,#8251,.T.);
#8249=EDGE_CURVE('',#1944,#1942,#8252,.F.);
#8250=EDGE_CURVE('',#1942,#1950,#8253,.T.);
#8251=EDGE_CURVE('',#1950,#1944,#8254,.T.);
#8252=LINE('',#1943,#8255);
#8253=LINE('',#1941,#8256);
#8254=LINE('',#1949,#8257);
#8255=VECTOR('',#8258,1.0);
#8256=VECTOR('',#8259,1.0);
#8257=VECTOR('',#8260,1.0);
#8258=DIRECTION('',(0,-1,0));
#8259=DIRECTION('',(0,0.1687268984521361,-0.9856628397878874));
#8260=DIRECTION('',(0,-0.16871433337560898,0.985664990609702));
#8261=FACE_SURFACE('',(#8266),#8262,.T.);
#8262=PLANE('',#8263);
#8263=AXIS2_PLACEMENT_3D('',#1951,#8264,#8265);
#8264=DIRECTION('',(1,0,0));
#8265=DIRECTION('',(0,-0.1687268984521361,0.9856628397878874));
#8266=FACE_BOUND('',#8267,.T.);
#8267=EDGE_LOOP('',(#8268,#8269,#8270));
#8268=ORIENTED_EDGE('',*,*,#8271,.T.);
#8269=ORIENTED_EDGE('',*,*,#8272,.T.);
#8270=ORIENTED_EDGE('',*,*,#8273,.T.);
#8271=EDGE_CURVE('',#1952,#1944,#8274,.F.);
#8272=EDGE_CURVE('',#1944,#1950,#8275,.T.);
#8273=EDGE_CURVE('',#1950,#1952,#8276,.T.);
#8274=LINE('',#1951,#8277);
#8275=LINE('',#1943,#8278);
#8276=LINE('',#1949,#8279);
#8277=VECTOR('',#8280,1.0);
#8278=VECTOR('',#8281,1.0);
#8279=VECTOR('',#8282,1.0);
#8280=DIRECTION('',(0,-0.1687268984521361,0.9856628397878874));
#8281=DIRECTION('',(0,0.16871433337560898,-0.985664990609702));
#8282=DIRECTION('',(0,1,0));
#8283=FACE_SURFACE('',(#8288),#8284,.T.);
#8284=PLANE('',#8285);
#8285=AXIS2_PLACEMENT_3D('',#1953,#8286,#8287);
#8286=DIRECTION('',(1,0,0));
#8287=DIRECTION('',(0,-0.16872669872547472,-0.9856628739773062));
#8288=FACE_BOUND('',#8289,.T.);
#8289=EDGE_LOOP('',(#8290,#8291,#8292));
#8290=ORIENTED_EDGE('',*,*,#8293,.T.);
#8291=ORIENTED_EDGE('',*,*,#8294,.T.);
#8292=ORIENTED_EDGE('',*,*,#8295,.T.);
#8293=EDGE_CURVE('',#1954,#1946,#8296,.F.);
#8294=EDGE_CURVE('',#1946,#1948,#8297,.T.);
#8295=EDGE_CURVE('',#1948,#1954,#8298,.T.);
#8296=LINE('',#1953,#8299);
#8297=LINE('',#1945,#8300);
#8298=LINE('',#1947,#8301);
#8299=VECTOR('',#8302,1.0);
#8300=VECTOR('',#8303,1.0);
#8301=VECTOR('',#8304,1.0);
#8302=DIRECTION('',(0,-0.16872669872547472,-0.9856628739773062));
#8303=DIRECTION('',(0,1,0));
#8304=DIRECTION('',(0,0.1687141336629496,0.9856650247941033));
#8305=FACE_SURFACE('',(#8310),#8306,.T.);
#8306=PLANE('',#8307);
#8307=AXIS2_PLACEMENT_3D('',#1953,#8308,#8309);
#8308=DIRECTION('',(1,-0,0));
#8309=DIRECTION('',(0,-0.1687141336629496,-0.9856650247941033));
#8310=FACE_BOUND('',#8311,.T.);
#8311=EDGE_LOOP('',(#8312,#8313,#8314));
#8312=ORIENTED_EDGE('',*,*,#8315,.T.);
#8313=ORIENTED_EDGE('',*,*,#8316,.T.);
#8314=ORIENTED_EDGE('',*,*,#8317,.T.);
#8315=EDGE_CURVE('',#1954,#1948,#8318,.F.);
#8316=EDGE_CURVE('',#1948,#1956,#8319,.T.);
#8317=EDGE_CURVE('',#1956,#1954,#8320,.T.);
#8318=LINE('',#1953,#8321);
#8319=LINE('',#1947,#8322);
#8320=LINE('',#1955,#8323);
#8321=VECTOR('',#8324,1.0);
#8322=VECTOR('',#8325,1.0);
#8323=VECTOR('',#8326,1.0);
#8324=DIRECTION('',(0,-0.1687141336629496,-0.9856650247941033));
#8325=DIRECTION('',(0,0.16872669872547472,0.9856628739773062));
#8326=DIRECTION('',(0,-1,0));
#8327=FACE_SURFACE('',(#8332),#8328,.T.);
#8328=PLANE('',#8329);
#8329=AXIS2_PLACEMENT_3D('',#1951,#8330,#8331);
#8330=DIRECTION('',(1,0,0));
#8331=DIRECTION('',(0,-1,0));
#8332=FACE_BOUND('',#8333,.T.);
#8333=EDGE_LOOP('',(#8334,#8335,#8336));
#8334=ORIENTED_EDGE('',*,*,#8337,.T.);
#8335=ORIENTED_EDGE('',*,*,#8338,.T.);
#8336=ORIENTED_EDGE('',*,*,#8339,.T.);
#8337=EDGE_CURVE('',#1952,#1950,#8340,.F.);
#8338=EDGE_CURVE('',#1950,#1958,#8341,.T.);
#8339=EDGE_CURVE('',#1958,#1952,#8342,.T.);
#8340=LINE('',#1951,#8343);
#8341=LINE('',#1949,#8344);
#8342=LINE('',#1957,#8345);
#8343=VECTOR('',#8346,1.0);
#8344=VECTOR('',#8347,1.0);
#8345=VECTOR('',#8348,1.0);
#8346=DIRECTION('',(0,-1,0));
#8347=DIRECTION('',(0,0.05549264418717533,-0.9984590960280324));
#8348=DIRECTION('',(0,-0.05548008531855255,0.9984597939491835));
#8349=FACE_SURFACE('',(#8354),#8350,.T.);
#8350=PLANE('',#8351);
#8351=AXIS2_PLACEMENT_3D('',#1959,#8352,#8353);
#8352=DIRECTION('',(1,0,0));
#8353=DIRECTION('',(0,-0.05549264418717533,0.9984590960280324));
#8354=FACE_BOUND('',#8355,.T.);
#8355=EDGE_LOOP('',(#8356,#8357,#8358));
#8356=ORIENTED_EDGE('',*,*,#8359,.T.);
#8357=ORIENTED_EDGE('',*,*,#8360,.T.);
#8358=ORIENTED_EDGE('',*,*,#8361,.T.);
#8359=EDGE_CURVE('',#1960,#1952,#8362,.F.);
#8360=EDGE_CURVE('',#1952,#1958,#8363,.T.);
#8361=EDGE_CURVE('',#1958,#1960,#8364,.T.);
#8362=LINE('',#1959,#8365);
#8363=LINE('',#1951,#8366);
#8364=LINE('',#1957,#8367);
#8365=VECTOR('',#8368,1.0);
#8366=VECTOR('',#8369,1.0);
#8367=VECTOR('',#8370,1.0);
#8368=DIRECTION('',(0,-0.05549264418717533,0.9984590960280324));
#8369=DIRECTION('',(0,0.05548008531855255,-0.9984597939491835));
#8370=DIRECTION('',(0,1,0));
#8371=FACE_SURFACE('',(#8376),#8372,.T.);
#8372=PLANE('',#8373);
#8373=AXIS2_PLACEMENT_3D('',#1957,#8374,#8375);
#8374=DIRECTION('',(1,0,0));
#8375=DIRECTION('',(0,-0.05549264418717539,-0.9984590960280323));
#8376=FACE_BOUND('',#8377,.T.);
#8377=EDGE_LOOP('',(#8378,#8379,#8380));
#8378=ORIENTED_EDGE('',*,*,#8381,.T.);
#8379=ORIENTED_EDGE('',*,*,#8382,.T.);
#8380=ORIENTED_EDGE('',*,*,#8383,.T.);
#8381=EDGE_CURVE('',#1958,#1954,#8384,.F.);
#8382=EDGE_CURVE('',#1954,#1956,#8385,.T.);
#8383=EDGE_CURVE('',#1956,#1958,#8386,.T.);
#8384=LINE('',#1957,#8387);
#8385=LINE('',#1953,#8388);
#8386=LINE('',#1955,#8389);
#8387=VECTOR('',#8390,1.0);
#8388=VECTOR('',#8391,1.0);
#8389=VECTOR('',#8392,1.0);
#8390=DIRECTION('',(0,-0.05549264418717539,-0.9984590960280323));
#8391=DIRECTION('',(0,1,0));
#8392=DIRECTION('',(0,0.05548008531855262,0.9984597939491835));
#8393=FACE_SURFACE('',(#8398),#8394,.T.);
#8394=PLANE('',#8395);
#8395=AXIS2_PLACEMENT_3D('',#1955,#8396,#8397);
#8396=DIRECTION('',(1,0,0));
#8397=DIRECTION('',(0,0.05549264418717539,0.9984590960280323));
#8398=FACE_BOUND('',#8399,.T.);
#8399=EDGE_LOOP('',(#8400,#8401,#8402));
#8400=ORIENTED_EDGE('',*,*,#8403,.T.);
#8401=ORIENTED_EDGE('',*,*,#8404,.T.);
#8402=ORIENTED_EDGE('',*,*,#8405,.T.);
#8403=EDGE_CURVE('',#1956,#1960,#8406,.F.);
#8404=EDGE_CURVE('',#1960,#1958,#8407,.T.);
#8405=EDGE_CURVE('',#1958,#1956,#8408,.T.);
#8406=LINE('',#1955,#8409);
#8407=LINE('',#1959,#8410);
#8408=LINE('',#1957,#8411);
#8409=VECTOR('',#8412,1.0);
#8410=VECTOR('',#8413,1.0);
#8411=VECTOR('',#8414,1.0);
#8412=DIRECTION('',(0,0.05549264418717539,0.9984590960280323));
#8413=DIRECTION('',(0,-1,0));
#8414=DIRECTION('',(0,-0.05548008531855262,-0.9984597939491835));
#8415=FACE_SURFACE('',(#8420),#8416,.T.);
#8416=PLANE('',#8417);
#8417=AXIS2_PLACEMENT_3D('',#1961,#8418,#8419);
#8418=DIRECTION('',(-4.099982145692402E-08,-0.9999999999999992,0));
#8419=DIRECTION('',(0,0,1));
#8420=FACE_BOUND('',#8421,.T.);
#8421=EDGE_LOOP('',(#8422,#8423,#8424));
#8422=ORIENTED_EDGE('',*,*,#8425,.T.);
#8423=ORIENTED_EDGE('',*,*,#8426,.T.);
#8424=ORIENTED_EDGE('',*,*,#8427,.T.);
#8425=EDGE_CURVE('',#1962,#1964,#8428,.F.);
#8426=EDGE_CURVE('',#1964,#1966,#8429,.T.);
#8427=EDGE_CURVE('',#1966,#1962,#8430,.T.);
#8428=LINE('',#1961,#8431);
#8429=LINE('',#1963,#8432);
#8430=LINE('',#1965,#8433);
#8431=VECTOR('',#8434,1.0);
#8432=VECTOR('',#8435,1.0);
#8433=VECTOR('',#8436,1.0);
#8434=DIRECTION('',(0,0,1));
#8435=DIRECTION('',(-0.9999999999999982,4.099982145692398E-08,-4.187854105114543E-08));
#8436=DIRECTION('',(0.9999923348874602,-4.0999507188678477E-08,-0.003915375630001247));
#8437=FACE_SURFACE('',(#8442),#8438,.T.);
#8438=PLANE('',#8439);
#8439=AXIS2_PLACEMENT_3D('',#1965,#8440,#8441);
#8440=DIRECTION('',(-4.100993041227065E-08,-0.9999999999999992,-0));
#8441=DIRECTION('',(0,0,-1));
#8442=FACE_BOUND('',#8443,.T.);
#8443=EDGE_LOOP('',(#8444,#8445,#8446));
#8444=ORIENTED_EDGE('',*,*,#8447,.T.);
#8445=ORIENTED_EDGE('',*,*,#8448,.T.);
#8446=ORIENTED_EDGE('',*,*,#8449,.T.);
#8447=EDGE_CURVE('',#1966,#1968,#8450,.F.);
#8448=EDGE_CURVE('',#1968,#1970,#8451,.T.);
#8449=EDGE_CURVE('',#1970,#1966,#8452,.T.);
#8450=LINE('',#1965,#8453);
#8451=LINE('',#1967,#8454);
#8452=LINE('',#1969,#8455);
#8453=VECTOR('',#8456,1.0);
#8454=VECTOR('',#8457,1.0);
#8455=VECTOR('',#8458,1.0);
#8456=DIRECTION('',(0,0,-1));
#8457=DIRECTION('',(0.9999999999999983,-4.1009930412270615E-08,4.09368469675199E-08));
#8458=DIRECTION('',(-0.9999611804601674,4.100833842564351E-08,0.0088112185710502));
#8459=FACE_SURFACE('',(#8464),#8460,.T.);
#8460=PLANE('',#8461);
#8461=AXIS2_PLACEMENT_3D('',#1965,#8462,#8463);
#8462=DIRECTION('',(-4.099173742754137E-08,-0.9999999999999991,2.0646722515513917E-09));
#8463=DIRECTION('',(0.9999611804601674,-4.100833842564351E-08,-0.0088112185710502));
#8464=FACE_BOUND('',#8465,.T.);
#8465=EDGE_LOOP('',(#8466,#8467,#8468));
#8466=ORIENTED_EDGE('',*,*,#8469,.T.);
#8467=ORIENTED_EDGE('',*,*,#8470,.T.);
#8468=ORIENTED_EDGE('',*,*,#8471,.T.);
#8469=EDGE_CURVE('',#1966,#1970,#8472,.F.);
#8470=EDGE_CURVE('',#1970,#1962,#8473,.T.);
#8471=EDGE_CURVE('',#1962,#1966,#8474,.T.);
#8472=LINE('',#1965,#8475);
#8473=LINE('',#1969,#8476);
#8474=LINE('',#1961,#8477);
#8475=VECTOR('',#8478,1.0);
#8476=VECTOR('',#8479,1.0);
#8477=VECTOR('',#8480,1.0);
#8478=DIRECTION('',(0.9999611804601674,-4.100833842564351E-08,-0.0088112185710502));
#8479=DIRECTION('',(0.05030424135233637,0,0.9987339401972709));
#8480=DIRECTION('',(-0.9999923348874602,4.0999507188678477E-08,0.003915375630001247));
#8481=FACE_SURFACE('',(#8486),#8482,.T.);
#8482=PLANE('',#8483);
#8483=AXIS2_PLACEMENT_3D('',#1971,#8484,#8485);
#8484=DIRECTION('',(-4.187854105114546E-08,0,0.999999999999999));
#8485=DIRECTION('',(0,-1,0));
#8486=FACE_BOUND('',#8487,.T.);
#8487=EDGE_LOOP('',(#8488,#8489,#8490));
#8488=ORIENTED_EDGE('',*,*,#8491,.T.);
#8489=ORIENTED_EDGE('',*,*,#8492,.T.);
#8490=ORIENTED_EDGE('',*,*,#8493,.T.);
#8491=EDGE_CURVE('',#1972,#1974,#8494,.F.);
#8492=EDGE_CURVE('',#1974,#1976,#8495,.T.);
#8493=EDGE_CURVE('',#1976,#1972,#8496,.T.);
#8494=LINE('',#1971,#8497);
#8495=LINE('',#1973,#8498);
#8496=LINE('',#1975,#8499);
#8497=VECTOR('',#8500,1.0);
#8498=VECTOR('',#8501,1.0);
#8499=VECTOR('',#8502,1.0);
#8500=DIRECTION('',(0,-1,0));
#8501=DIRECTION('',(0.9999999999999982,-4.099982145692398E-08,4.187854105114543E-08));
#8502=DIRECTION('',(-0.9988684859746428,0.04755783559754437,-4.183115489458464E-08));
#8503=FACE_SURFACE('',(#8508),#8504,.T.);
#8504=PLANE('',#8505);
#8505=AXIS2_PLACEMENT_3D('',#1971,#8506,#8507);
#8506=DIRECTION('',(-4.1878541051145474E-08,0,0.9999999999999992));
#8507=DIRECTION('',(0.9988684859746428,-0.04755783559754437,4.183115489458464E-08));
#8508=FACE_BOUND('',#8509,.T.);
#8509=EDGE_LOOP('',(#8510,#8511,#8512));
#8510=ORIENTED_EDGE('',*,*,#8513,.T.);
#8511=ORIENTED_EDGE('',*,*,#8514,.T.);
#8512=ORIENTED_EDGE('',*,*,#8515,.T.);
#8513=EDGE_CURVE('',#1972,#1976,#8516,.F.);
#8514=EDGE_CURVE('',#1976,#1978,#8517,.T.);
#8515=EDGE_CURVE('',#1978,#1972,#8518,.T.);
#8516=LINE('',#1971,#8519);
#8517=LINE('',#1975,#8520);
#8518=LINE('',#1977,#8521);
#8519=VECTOR('',#8522,1.0);
#8520=VECTOR('',#8523,1.0);
#8521=VECTOR('',#8524,1.0);
#8522=DIRECTION('',(0.9988684859746428,-0.04755783559754437,4.183115489458464E-08));
#8523=DIRECTION('',(0,1,0));
#8524=DIRECTION('',(-0.9999999999999991,0,-4.187854105114547E-08));
#8525=FACE_SURFACE('',(#8530),#8526,.T.);
#8526=PLANE('',#8527);
#8527=AXIS2_PLACEMENT_3D('',#1979,#8528,#8529);
#8528=DIRECTION('',(4.093684696751994E-08,-4.2686617238366345E-17,-0.9999999999999992));
#8529=DIRECTION('',(0,-1,4.2686617238366376E-17));
#8530=FACE_BOUND('',#8531,.T.);
#8531=EDGE_LOOP('',(#8532,#8533,#8534));
#8532=ORIENTED_EDGE('',*,*,#8535,.T.);
#8533=ORIENTED_EDGE('',*,*,#8536,.T.);
#8534=ORIENTED_EDGE('',*,*,#8537,.T.);
#8535=EDGE_CURVE('',#1980,#1982,#8538,.F.);
#8536=EDGE_CURVE('',#1982,#1984,#8539,.T.);
#8537=EDGE_CURVE('',#1984,#1980,#8540,.T.);
#8538=LINE('',#1979,#8541);
#8539=LINE('',#1981,#8542);
#8540=LINE('',#1983,#8543);
#8541=VECTOR('',#8544,1.0);
#8542=VECTOR('',#8545,1.0);
#8543=VECTOR('',#8546,1.0);
#8544=DIRECTION('',(0,-1,4.2686617238366376E-17));
#8545=DIRECTION('',(-0.9999999999999983,4.1009930412270615E-08,-4.09368469675199E-08));
#8546=DIRECTION('',(0.9988679308251537,0.04756949410151733,4.089050362292206E-08));
#8547=FACE_SURFACE('',(#8552),#8548,.T.);
#8548=PLANE('',#8549);
#8549=AXIS2_PLACEMENT_3D('',#1979,#8550,#8551);
#8550=DIRECTION('',(4.093684696751994E-08,-4.2686523827776885E-17,-0.9999999999999992));
#8551=DIRECTION('',(-0.9988679308251537,-0.04756949410151733,-4.089050362292206E-08));
#8552=FACE_BOUND('',#8553,.T.);
#8553=EDGE_LOOP('',(#8554,#8555,#8556));
#8554=ORIENTED_EDGE('',*,*,#8557,.T.);
#8555=ORIENTED_EDGE('',*,*,#8558,.T.);
#8556=ORIENTED_EDGE('',*,*,#8559,.T.);
#8557=EDGE_CURVE('',#1980,#1984,#8560,.F.);
#8558=EDGE_CURVE('',#1984,#1986,#8561,.T.);
#8559=EDGE_CURVE('',#1986,#1980,#8562,.T.);
#8560=LINE('',#1979,#8563);
#8561=LINE('',#1983,#8564);
#8562=LINE('',#1985,#8565);
#8563=VECTOR('',#8566,1.0);
#8564=VECTOR('',#8567,1.0);
#8565=VECTOR('',#8568,1.0);
#8566=DIRECTION('',(-0.9988679308251537,-0.04756949410151733,-4.089050362292206E-08));
#8567=DIRECTION('',(0,1,-4.268665399708041E-17));
#8568=DIRECTION('',(0.9999999999999991,0,4.093684696751993E-08));
#8569=FACE_SURFACE('',(#8574),#8570,.T.);
#8570=PLANE('',#8571);
#8571=AXIS2_PLACEMENT_3D('',#1987,#8572,#8573);
#8572=DIRECTION('',(0.9987339401972708,-2.491692262791655E-18,-0.05030424135233636));
#8573=DIRECTION('',(-0.05030424135233637,0,-0.9987339401972709));
#8574=FACE_BOUND('',#8575,.T.);
#8575=EDGE_LOOP('',(#8576,#8577,#8578));
#8576=ORIENTED_EDGE('',*,*,#8579,.T.);
#8577=ORIENTED_EDGE('',*,*,#8580,.T.);
#8578=ORIENTED_EDGE('',*,*,#8581,.T.);
#8579=EDGE_CURVE('',#1988,#1990,#8582,.F.);
#8580=EDGE_CURVE('',#1990,#1992,#8583,.T.);
#8581=EDGE_CURVE('',#1992,#1988,#8584,.T.);
#8582=LINE('',#1987,#8585);
#8583=LINE('',#1989,#8586);
#8584=LINE('',#1991,#8587);
#8585=VECTOR('',#8588,1.0);
#8586=VECTOR('',#8589,1.0);
#8587=VECTOR('',#8590,1.0);
#8588=DIRECTION('',(-0.05030424135233637,0,-0.9987339401972709));
#8589=DIRECTION('',(0,1,-4.2686617238366376E-17));
#8590=DIRECTION('',(0.005150097421807604,-0.9947454661413957,0.10224937206498246));
#8591=FACE_SURFACE('',(#8596),#8592,.T.);
#8592=PLANE('',#8593);
#8593=AXIS2_PLACEMENT_3D('',#1987,#8594,#8595);
#8594=DIRECTION('',(0.9987339401972709,-2.1473178960735844E-18,-0.050304241352336375));
#8595=DIRECTION('',(-0.005150097421807604,0.9947454661413957,-0.10224937206498246));
#8596=FACE_BOUND('',#8597,.T.);
#8597=EDGE_LOOP('',(#8598,#8599,#8600));
#8598=ORIENTED_EDGE('',*,*,#8601,.T.);
#8599=ORIENTED_EDGE('',*,*,#8602,.T.);
#8600=ORIENTED_EDGE('',*,*,#8603,.T.);
#8601=EDGE_CURVE('',#1988,#1992,#8604,.F.);
#8602=EDGE_CURVE('',#1992,#1994,#8605,.T.);
#8603=EDGE_CURVE('',#1994,#1988,#8606,.T.);
#8604=LINE('',#1987,#8607);
#8605=LINE('',#1991,#8608);
#8606=LINE('',#1993,#8609);
#8607=VECTOR('',#8610,1.0);
#8608=VECTOR('',#8611,1.0);
#8609=VECTOR('',#8612,1.0);
#8610=DIRECTION('',(-0.005150097421807604,0.9947454661413957,-0.10224937206498246));
#8611=DIRECTION('',(0.05030424135233637,0,0.9987339401972709));
#8612=DIRECTION('',(0,-1,4.2686617238366376E-17));
#8613=FACE_SURFACE('',(#8618),#8614,.T.);
#8614=PLANE('',#8615);
#8615=AXIS2_PLACEMENT_3D('',#1995,#8616,#8617);
#8616=DIRECTION('',(0,1,0));
#8617=DIRECTION('',(-1,0,0));
#8618=FACE_BOUND('',#8619,.T.);
#8619=EDGE_LOOP('',(#8620,#8621,#8622));
#8620=ORIENTED_EDGE('',*,*,#8623,.T.);
#8621=ORIENTED_EDGE('',*,*,#8624,.T.);
#8622=ORIENTED_EDGE('',*,*,#8625,.T.);
#8623=EDGE_CURVE('',#1996,#1998,#8626,.F.);
#8624=EDGE_CURVE('',#1998,#2000,#8627,.T.);
#8625=EDGE_CURVE('',#2000,#1996,#8628,.T.);
#8626=LINE('',#1995,#8629);
#8627=LINE('',#1997,#8630);
#8628=LINE('',#1999,#8631);
#8629=VECTOR('',#8632,1.0);
#8630=VECTOR('',#8633,1.0);
#8631=VECTOR('',#8634,1.0);
#8632=DIRECTION('',(-1,0,0));
#8633=DIRECTION('',(0,0,1));
#8634=DIRECTION('',(0.9999523263868786,0,-0.009764474049803185));
#8635=FACE_SURFACE('',(#8640),#8636,.T.);
#8636=PLANE('',#8637);
#8637=AXIS2_PLACEMENT_3D('',#1995,#8638,#8639);
#8638=DIRECTION('',(0,1,0));
#8639=DIRECTION('',(-0.9999523263868786,0,0.009764474049803185));
#8640=FACE_BOUND('',#8641,.T.);
#8641=EDGE_LOOP('',(#8642,#8643,#8644));
#8642=ORIENTED_EDGE('',*,*,#8645,.T.);
#8643=ORIENTED_EDGE('',*,*,#8646,.T.);
#8644=ORIENTED_EDGE('',*,*,#8647,.T.);
#8645=EDGE_CURVE('',#1996,#2000,#8648,.F.);
#8646=EDGE_CURVE('',#2000,#2002,#8649,.T.);
#8647=EDGE_CURVE('',#2002,#1996,#8650,.T.);
#8648=LINE('',#1995,#8651);
#8649=LINE('',#1999,#8652);
#8650=LINE('',#2001,#8653);
#8651=VECTOR('',#8654,1.0);
#8652=VECTOR('',#8655,1.0);
#8653=VECTOR('',#8656,1.0);
#8654=DIRECTION('',(-0.9999523263868786,0,0.009764474049803185));
#8655=DIRECTION('',(1,0,0));
#8656=DIRECTION('',(0.999949985279099,0,-0.010001346925778426));
#8657=FACE_SURFACE('',(#8662),#8658,.T.);
#8658=PLANE('',#8659);
#8659=AXIS2_PLACEMENT_3D('',#2003,#8660,#8661);
#8660=DIRECTION('',(-0,1,0));
#8661=DIRECTION('',(1,0,0));
#8662=FACE_BOUND('',#8663,.T.);
#8663=EDGE_LOOP('',(#8664,#8665,#8666));
#8664=ORIENTED_EDGE('',*,*,#8667,.T.);
#8665=ORIENTED_EDGE('',*,*,#8668,.T.);
#8666=ORIENTED_EDGE('',*,*,#8669,.T.);
#8667=EDGE_CURVE('',#2004,#2006,#8670,.F.);
#8668=EDGE_CURVE('',#2006,#1996,#8671,.T.);
#8669=EDGE_CURVE('',#1996,#2004,#8672,.T.);
#8670=LINE('',#2003,#8673);
#8671=LINE('',#2005,#8674);
#8672=LINE('',#1995,#8675);
#8673=VECTOR('',#8676,1.0);
#8674=VECTOR('',#8677,1.0);
#8675=VECTOR('',#8678,1.0);
#8676=DIRECTION('',(1,0,0));
#8677=DIRECTION('',(0,0,-1));
#8678=DIRECTION('',(-0.9966833116157595,0,0.08137798441005349));
#8679=FACE_SURFACE('',(#8684),#8680,.T.);
#8680=PLANE('',#8681);
#8681=AXIS2_PLACEMENT_3D('',#2007,#8682,#8683);
#8682=DIRECTION('',(-0,1,0));
#8683=DIRECTION('',(1,0,0));
#8684=FACE_BOUND('',#8685,.T.);
#8685=EDGE_LOOP('',(#8686,#8687,#8688));
#8686=ORIENTED_EDGE('',*,*,#8689,.T.);
#8687=ORIENTED_EDGE('',*,*,#8690,.T.);
#8688=ORIENTED_EDGE('',*,*,#8691,.T.);
#8689=EDGE_CURVE('',#2008,#2004,#8692,.F.);
#8690=EDGE_CURVE('',#2004,#1996,#8693,.T.);
#8691=EDGE_CURVE('',#1996,#2008,#8694,.T.);
#8692=LINE('',#2007,#8695);
#8693=LINE('',#2003,#8696);
#8694=LINE('',#1995,#8697);
#8695=VECTOR('',#8698,1.0);
#8696=VECTOR('',#8699,1.0);
#8697=VECTOR('',#8700,1.0);
#8698=DIRECTION('',(1,0,0));
#8699=DIRECTION('',(0.9966833116157595,0,-0.08137798441005349));
#8700=DIRECTION('',(-0.9995974097264961,0,0.028372847373490467));
#8701=FACE_SURFACE('',(#8706),#8702,.T.);
#8702=PLANE('',#8703);
#8703=AXIS2_PLACEMENT_3D('',#1995,#8704,#8705);
#8704=DIRECTION('',(0,1,0));
#8705=DIRECTION('',(-0.999949985279099,0,0.010001346925778426));
#8706=FACE_BOUND('',#8707,.T.);
#8707=EDGE_LOOP('',(#8708,#8709,#8710));
#8708=ORIENTED_EDGE('',*,*,#8711,.T.);
#8709=ORIENTED_EDGE('',*,*,#8712,.T.);
#8710=ORIENTED_EDGE('',*,*,#8713,.T.);
#8711=EDGE_CURVE('',#1996,#2002,#8714,.F.);
#8712=EDGE_CURVE('',#2002,#2010,#8715,.T.);
#8713=EDGE_CURVE('',#2010,#1996,#8716,.T.);
#8714=LINE('',#1995,#8717);
#8715=LINE('',#2001,#8718);
#8716=LINE('',#2009,#8719);
#8717=VECTOR('',#8720,1.0);
#8718=VECTOR('',#8721,1.0);
#8719=VECTOR('',#8722,1.0);
#8720=DIRECTION('',(-0.999949985279099,0,0.010001346925778426));
#8721=DIRECTION('',(1,0,0));
#8722=DIRECTION('',(0.9999491887563995,0,-0.010080669889374363));
#8723=FACE_SURFACE('',(#8728),#8724,.T.);
#8724=PLANE('',#8725);
#8725=AXIS2_PLACEMENT_3D('',#1995,#8726,#8727);
#8726=DIRECTION('',(0,1,0));
#8727=DIRECTION('',(-0.9999491887563995,0,0.010080669889374363));
#8728=FACE_BOUND('',#8729,.T.);
#8729=EDGE_LOOP('',(#8730,#8731,#8732));
#8730=ORIENTED_EDGE('',*,*,#8733,.T.);
#8731=ORIENTED_EDGE('',*,*,#8734,.T.);
#8732=ORIENTED_EDGE('',*,*,#8735,.T.);
#8733=EDGE_CURVE('',#1996,#2010,#8736,.F.);
#8734=EDGE_CURVE('',#2010,#2012,#8737,.T.);
#8735=EDGE_CURVE('',#2012,#1996,#8738,.T.);
#8736=LINE('',#1995,#8739);
#8737=LINE('',#2009,#8740);
#8738=LINE('',#2011,#8741);
#8739=VECTOR('',#8742,1.0);
#8740=VECTOR('',#8743,1.0);
#8741=VECTOR('',#8744,1.0);
#8742=DIRECTION('',(-0.9999491887563995,0,0.010080669889374363));
#8743=DIRECTION('',(1,0,0));
#8744=DIRECTION('',(0.9997456908678619,0,-0.022551132812823515));
#8745=FACE_SURFACE('',(#8750),#8746,.T.);
#8746=PLANE('',#8747);
#8747=AXIS2_PLACEMENT_3D('',#2013,#8748,#8749);
#8748=DIRECTION('',(-0,1,0));
#8749=DIRECTION('',(1,0,0));
#8750=FACE_BOUND('',#8751,.T.);
#8751=EDGE_LOOP('',(#8752,#8753,#8754));
#8752=ORIENTED_EDGE('',*,*,#8755,.T.);
#8753=ORIENTED_EDGE('',*,*,#8756,.T.);
#8754=ORIENTED_EDGE('',*,*,#8757,.T.);
#8755=EDGE_CURVE('',#2014,#2008,#8758,.F.);
#8756=EDGE_CURVE('',#2008,#1996,#8759,.T.);
#8757=EDGE_CURVE('',#1996,#2014,#8760,.T.);
#8758=LINE('',#2013,#8761);
#8759=LINE('',#2007,#8762);
#8760=LINE('',#1995,#8763);
#8761=VECTOR('',#8764,1.0);
#8762=VECTOR('',#8765,1.0);
#8763=VECTOR('',#8766,1.0);
#8764=DIRECTION('',(1,0,0));
#8765=DIRECTION('',(0.9995974097264961,0,-0.028372847373490467));
#8766=DIRECTION('',(-0.9996796457276426,0,0.025310193951349657));
#8767=FACE_SURFACE('',(#8772),#8768,.T.);
#8768=PLANE('',#8769);
#8769=AXIS2_PLACEMENT_3D('',#1995,#8770,#8771);
#8770=DIRECTION('',(0,1,0));
#8771=DIRECTION('',(-0.9997456908678619,0,0.022551132812823515));
#8772=FACE_BOUND('',#8773,.T.);
#8773=EDGE_LOOP('',(#8774,#8775,#8776));
#8774=ORIENTED_EDGE('',*,*,#8777,.T.);
#8775=ORIENTED_EDGE('',*,*,#8778,.T.);
#8776=ORIENTED_EDGE('',*,*,#8779,.T.);
#8777=EDGE_CURVE('',#1996,#2012,#8780,.F.);
#8778=EDGE_CURVE('',#2012,#2016,#8781,.T.);
#8779=EDGE_CURVE('',#2016,#1996,#8782,.T.);
#8780=LINE('',#1995,#8783);
#8781=LINE('',#2011,#8784);
#8782=LINE('',#2015,#8785);
#8783=VECTOR('',#8786,1.0);
#8784=VECTOR('',#8787,1.0);
#8785=VECTOR('',#8788,1.0);
#8786=DIRECTION('',(-0.9997456908678619,0,0.022551132812823515));
#8787=DIRECTION('',(1,0,0));
#8788=DIRECTION('',(0.9996895870000687,0,-0.024914446484557037));
#8789=FACE_SURFACE('',(#8794),#8790,.T.);
#8790=PLANE('',#8791);
#8791=AXIS2_PLACEMENT_3D('',#2015,#8792,#8793);
#8792=DIRECTION('',(-0,1,0));
#8793=DIRECTION('',(1,0,0));
#8794=FACE_BOUND('',#8795,.T.);
#8795=EDGE_LOOP('',(#8796,#8797,#8798));
#8796=ORIENTED_EDGE('',*,*,#8799,.T.);
#8797=ORIENTED_EDGE('',*,*,#8800,.T.);
#8798=ORIENTED_EDGE('',*,*,#8801,.T.);
#8799=EDGE_CURVE('',#2016,#2014,#8802,.F.);
#8800=EDGE_CURVE('',#2014,#1996,#8803,.T.);
#8801=EDGE_CURVE('',#1996,#2016,#8804,.T.);
#8802=LINE('',#2015,#8805);
#8803=LINE('',#2013,#8806);
#8804=LINE('',#1995,#8807);
#8805=VECTOR('',#8808,1.0);
#8806=VECTOR('',#8809,1.0);
#8807=VECTOR('',#8810,1.0);
#8808=DIRECTION('',(1,0,0));
#8809=DIRECTION('',(0.9996796457276426,0,-0.025310193951349657));
#8810=DIRECTION('',(-0.9996895870000687,0,0.024914446484557037));
#8811=FACE_SURFACE('',(#8816),#8812,.T.);
#8812=PLANE('',#8813);
#8813=AXIS2_PLACEMENT_3D('',#2017,#8814,#8815);
#8814=DIRECTION('',(0,-1,0));
#8815=DIRECTION('',(0,0,-1));
#8816=FACE_BOUND('',#8817,.T.);
#8817=EDGE_LOOP('',(#8818,#8819,#8820));
#8818=ORIENTED_EDGE('',*,*,#8821,.T.);
#8819=ORIENTED_EDGE('',*,*,#8822,.T.);
#8820=ORIENTED_EDGE('',*,*,#8823,.T.);
#8821=EDGE_CURVE('',#2018,#2020,#8824,.F.);
#8822=EDGE_CURVE('',#2020,#2022,#8825,.T.);
#8823=EDGE_CURVE('',#2022,#2018,#8826,.T.);
#8824=LINE('',#2017,#8827);
#8825=LINE('',#2019,#8828);
#8826=LINE('',#2021,#8829);
#8827=VECTOR('',#8830,1.0);
#8828=VECTOR('',#8831,1.0);
#8829=VECTOR('',#8832,1.0);
#8830=DIRECTION('',(0,0,-1));
#8831=DIRECTION('',(1,0,0));
#8832=DIRECTION('',(-0.9999523263868786,0,0.009764474049803185));
#8833=FACE_SURFACE('',(#8838),#8834,.T.);
#8834=PLANE('',#8835);
#8835=AXIS2_PLACEMENT_3D('',#2021,#8836,#8837);
#8836=DIRECTION('',(0,-1,0));
#8837=DIRECTION('',(0,0,1));
#8838=FACE_BOUND('',#8839,.T.);
#8839=EDGE_LOOP('',(#8840,#8841,#8842));
#8840=ORIENTED_EDGE('',*,*,#8843,.T.);
#8841=ORIENTED_EDGE('',*,*,#8844,.T.);
#8842=ORIENTED_EDGE('',*,*,#8845,.T.);
#8843=EDGE_CURVE('',#2022,#2024,#8846,.F.);
#8844=EDGE_CURVE('',#2024,#2026,#8847,.T.);
#8845=EDGE_CURVE('',#2026,#2022,#8848,.T.);
#8846=LINE('',#2021,#8849);
#8847=LINE('',#2023,#8850);
#8848=LINE('',#2025,#8851);
#8849=VECTOR('',#8852,1.0);
#8850=VECTOR('',#8853,1.0);
#8851=VECTOR('',#8854,1.0);
#8852=DIRECTION('',(0,0,1));
#8853=DIRECTION('',(-1,0,0));
#8854=DIRECTION('',(0.9995784939019388,0,-0.029031612575463897));
#8855=FACE_SURFACE('',(#8860),#8856,.T.);
#8856=PLANE('',#8857);
#8857=AXIS2_PLACEMENT_3D('',#2021,#8858,#8859);
#8858=DIRECTION('',(0,-1,0));
#8859=DIRECTION('',(-0.9995784939019388,0,0.029031612575463897));
#8860=FACE_BOUND('',#8861,.T.);
#8861=EDGE_LOOP('',(#8862,#8863,#8864));
#8862=ORIENTED_EDGE('',*,*,#8865,.T.);
#8863=ORIENTED_EDGE('',*,*,#8866,.T.);
#8864=ORIENTED_EDGE('',*,*,#8867,.T.);
#8865=EDGE_CURVE('',#2022,#2026,#8868,.F.);
#8866=EDGE_CURVE('',#2026,#2028,#8869,.T.);
#8867=EDGE_CURVE('',#2028,#2022,#8870,.T.);
#8868=LINE('',#2021,#8871);
#8869=LINE('',#2025,#8872);
#8870=LINE('',#2027,#8873);
#8871=VECTOR('',#8874,1.0);
#8872=VECTOR('',#8875,1.0);
#8873=VECTOR('',#8876,1.0);
#8874=DIRECTION('',(-0.9995784939019388,0,0.029031612575463897));
#8875=DIRECTION('',(-1,0,0));
#8876=DIRECTION('',(0.9996443774881961,0,-0.026666806262410345));
#8877=FACE_SURFACE('',(#8882),#8878,.T.);
#8878=PLANE('',#8879);
#8879=AXIS2_PLACEMENT_3D('',#2029,#8880,#8881);
#8880=DIRECTION('',(-0,-1,-0));
#8881=DIRECTION('',(-1,0,0));
#8882=FACE_BOUND('',#8883,.T.);
#8883=EDGE_LOOP('',(#8884,#8885,#8886));
#8884=ORIENTED_EDGE('',*,*,#8887,.T.);
#8885=ORIENTED_EDGE('',*,*,#8888,.T.);
#8886=ORIENTED_EDGE('',*,*,#8889,.T.);
#8887=EDGE_CURVE('',#2030,#2018,#8890,.F.);
#8888=EDGE_CURVE('',#2018,#2022,#8891,.T.);
#8889=EDGE_CURVE('',#2022,#2030,#8892,.T.);
#8890=LINE('',#2029,#8893);
#8891=LINE('',#2017,#8894);
#8892=LINE('',#2021,#8895);
#8893=VECTOR('',#8896,1.0);
#8894=VECTOR('',#8897,1.0);
#8895=VECTOR('',#8898,1.0);
#8896=DIRECTION('',(-1,0,0));
#8897=DIRECTION('',(0.9999523263868786,0,-0.009764474049803185));
#8898=DIRECTION('',(-0.9997110117018849,0,0.02403940685611348));
#8899=FACE_SURFACE('',(#8904),#8900,.T.);
#8900=PLANE('',#8901);
#8901=AXIS2_PLACEMENT_3D('',#2021,#8902,#8903);
#8902=DIRECTION('',(0,-1,0));
#8903=DIRECTION('',(-0.9996443774881961,0,0.026666806262410345));
#8904=FACE_BOUND('',#8905,.T.);
#8905=EDGE_LOOP('',(#8906,#8907,#8908));
#8906=ORIENTED_EDGE('',*,*,#8909,.T.);
#8907=ORIENTED_EDGE('',*,*,#8910,.T.);
#8908=ORIENTED_EDGE('',*,*,#8911,.T.);
#8909=EDGE_CURVE('',#2022,#2028,#8912,.F.);
#8910=EDGE_CURVE('',#2028,#2032,#8913,.T.);
#8911=EDGE_CURVE('',#2032,#2022,#8914,.T.);
#8912=LINE('',#2021,#8915);
#8913=LINE('',#2027,#8916);
#8914=LINE('',#2031,#8917);
#8915=VECTOR('',#8918,1.0);
#8916=VECTOR('',#8919,1.0);
#8917=VECTOR('',#8920,1.0);
#8918=DIRECTION('',(-0.9996443774881961,0,0.026666806262410345));
#8919=DIRECTION('',(-1,0,0));
#8920=DIRECTION('',(0.9996640613276231,0,-0.02591841989709828));
#8921=FACE_SURFACE('',(#8926),#8922,.T.);
#8922=PLANE('',#8923);
#8923=AXIS2_PLACEMENT_3D('',#2021,#8924,#8925);
#8924=DIRECTION('',(0,-1,0));
#8925=DIRECTION('',(-0.9996640613276231,0,0.02591841989709828));
#8926=FACE_BOUND('',#8927,.T.);
#8927=EDGE_LOOP('',(#8928,#8929,#8930));
#8928=ORIENTED_EDGE('',*,*,#8931,.T.);
#8929=ORIENTED_EDGE('',*,*,#8932,.T.);
#8930=ORIENTED_EDGE('',*,*,#8933,.T.);
#8931=EDGE_CURVE('',#2022,#2032,#8934,.F.);
#8932=EDGE_CURVE('',#2032,#2030,#8935,.T.);
#8933=EDGE_CURVE('',#2030,#2022,#8936,.T.);
#8934=LINE('',#2021,#8937);
#8935=LINE('',#2031,#8938);
#8936=LINE('',#2029,#8939);
#8937=VECTOR('',#8940,1.0);
#8938=VECTOR('',#8941,1.0);
#8939=VECTOR('',#8942,1.0);
#8940=DIRECTION('',(-0.9996640613276231,0,0.02591841989709828));
#8941=DIRECTION('',(-1,0,0));
#8942=DIRECTION('',(0.9997110117018849,0,-0.02403940685611348));
#8943=FACE_SURFACE('',(#8948),#8944,.T.);
#8944=PLANE('',#8945);
#8945=AXIS2_PLACEMENT_3D('',#2033,#8946,#8947);
#8946=DIRECTION('',(-0,0,1));
#8947=DIRECTION('',(0,-1,0));
#8948=FACE_BOUND('',#8949,.T.);
#8949=EDGE_LOOP('',(#8950,#8951,#8952));
#8950=ORIENTED_EDGE('',*,*,#8953,.T.);
#8951=ORIENTED_EDGE('',*,*,#8954,.T.);
#8952=ORIENTED_EDGE('',*,*,#8955,.T.);
#8953=EDGE_CURVE('',#2034,#2036,#8956,.F.);
#8954=EDGE_CURVE('',#2036,#2038,#8957,.T.);
#8955=EDGE_CURVE('',#2038,#2034,#8958,.T.);
#8956=LINE('',#2033,#8959);
#8957=LINE('',#2035,#8960);
#8958=LINE('',#2037,#8961);
#8959=VECTOR('',#8962,1.0);
#8960=VECTOR('',#8963,1.0);
#8961=VECTOR('',#8964,1.0);
#8962=DIRECTION('',(0,-1,0));
#8963=DIRECTION('',(0.9998811611389933,0.015416341957115914,0));
#8964=DIRECTION('',(-1,0,0));
#8965=FACE_SURFACE('',(#8970),#8966,.T.);
#8966=PLANE('',#8967);
#8967=AXIS2_PLACEMENT_3D('',#2039,#8968,#8969);
#8968=DIRECTION('',(0,0,1));
#8969=DIRECTION('',(-1,0,0));
#8970=FACE_BOUND('',#8971,.T.);
#8971=EDGE_LOOP('',(#8972,#8973,#8974));
#8972=ORIENTED_EDGE('',*,*,#8975,.T.);
#8973=ORIENTED_EDGE('',*,*,#8976,.T.);
#8974=ORIENTED_EDGE('',*,*,#8977,.T.);
#8975=EDGE_CURVE('',#2040,#2038,#8978,.F.);
#8976=EDGE_CURVE('',#2038,#2036,#8979,.T.);
#8977=EDGE_CURVE('',#2036,#2040,#8980,.T.);
#8978=LINE('',#2039,#8981);
#8979=LINE('',#2037,#8982);
#8980=LINE('',#2035,#8983);
#8981=VECTOR('',#8984,1.0);
#8982=VECTOR('',#8985,1.0);
#8983=VECTOR('',#8986,1.0);
#8984=DIRECTION('',(-1,0,0));
#8985=DIRECTION('',(-0.9998811611389933,-0.015416341957115914,0));
#8986=DIRECTION('',(0.9999322402822555,0.011641084318468048,0));
#8987=FACE_SURFACE('',(#8992),#8988,.T.);
#8988=PLANE('',#8989);
#8989=AXIS2_PLACEMENT_3D('',#2039,#8990,#8991);
#8990=DIRECTION('',(0,0,1));
#8991=DIRECTION('',(-0.9999322402822555,-0.011641084318468048,0));
#8992=FACE_BOUND('',#8993,.T.);
#8993=EDGE_LOOP('',(#8994,#8995,#8996));
#8994=ORIENTED_EDGE('',*,*,#8997,.T.);
#8995=ORIENTED_EDGE('',*,*,#8998,.T.);
#8996=ORIENTED_EDGE('',*,*,#8999,.T.);
#8997=EDGE_CURVE('',#2040,#2036,#9000,.F.);
#8998=EDGE_CURVE('',#2036,#2042,#9001,.T.);
#8999=EDGE_CURVE('',#2042,#2040,#9002,.T.);
#9000=LINE('',#2039,#9003);
#9001=LINE('',#2035,#9004);
#9002=LINE('',#2041,#9005);
#9003=VECTOR('',#9006,1.0);
#9004=VECTOR('',#9007,1.0);
#9005=VECTOR('',#9008,1.0);
#9006=DIRECTION('',(-0.9999322402822555,-0.011641084318468048,0));
#9007=DIRECTION('',(0,-1,0));
#9008=DIRECTION('',(0.9998679709699985,0.016249327011862137,0));
#9009=FACE_SURFACE('',(#9014),#9010,.T.);
#9010=PLANE('',#9011);
#9011=AXIS2_PLACEMENT_3D('',#2043,#9012,#9013);
#9012=DIRECTION('',(-0,7.911669856185837E-17,1));
#9013=DIRECTION('',(1,0,0));
#9014=FACE_BOUND('',#9015,.T.);
#9015=EDGE_LOOP('',(#9016,#9017,#9018));
#9016=ORIENTED_EDGE('',*,*,#9019,.T.);
#9017=ORIENTED_EDGE('',*,*,#9020,.T.);
#9018=ORIENTED_EDGE('',*,*,#9021,.T.);
#9019=EDGE_CURVE('',#2044,#2046,#9022,.F.);
#9020=EDGE_CURVE('',#2046,#2048,#9023,.T.);
#9021=EDGE_CURVE('',#2048,#2044,#9024,.T.);
#9022=LINE('',#2043,#9025);
#9023=LINE('',#2045,#9026);
#9024=LINE('',#2047,#9027);
#9025=VECTOR('',#9028,1.0);
#9026=VECTOR('',#9029,1.0);
#9027=VECTOR('',#9030,1.0);
#9028=DIRECTION('',(1,0,0));
#9029=DIRECTION('',(-0.9724982981187761,0.23290998294638238,-1.8427068912816508E-17));
#9030=DIRECTION('',(-0.9999358836962827,-0.011323802211889786,8.959018461721893E-19));
#9031=FACE_SURFACE('',(#9036),#9032,.T.);
#9032=PLANE('',#9033);
#9033=AXIS2_PLACEMENT_3D('',#2047,#9034,#9035);
#9034=DIRECTION('',(0,0,1));
#9035=DIRECTION('',(-1,0,0));
#9036=FACE_BOUND('',#9037,.T.);
#9037=EDGE_LOOP('',(#9038,#9039,#9040));
#9038=ORIENTED_EDGE('',*,*,#9041,.T.);
#9039=ORIENTED_EDGE('',*,*,#9042,.T.);
#9040=ORIENTED_EDGE('',*,*,#9043,.T.);
#9041=EDGE_CURVE('',#2048,#2040,#9044,.F.);
#9042=EDGE_CURVE('',#2040,#2042,#9045,.T.);
#9043=EDGE_CURVE('',#2042,#2048,#9046,.T.);
#9044=LINE('',#2047,#9047);
#9045=LINE('',#2039,#9048);
#9046=LINE('',#2041,#9049);
#9047=VECTOR('',#9050,1.0);
#9048=VECTOR('',#9051,1.0);
#9049=VECTOR('',#9052,1.0);
#9050=DIRECTION('',(-1,0,0));
#9051=DIRECTION('',(-0.9998679709699985,-0.016249327011862137,0));
#9052=DIRECTION('',(0.9999995959283502,0.0008989678172341167,0));
#9053=FACE_SURFACE('',(#9058),#9054,.T.);
#9054=PLANE('',#9055);
#9055=AXIS2_PLACEMENT_3D('',#2047,#9056,#9057);
#9056=DIRECTION('',(-7.725617474444011E-20,8.593871999234255E-17,1));
#9057=DIRECTION('',(-0.9999995959283502,-0.0008989678172341167,0));
#9058=FACE_BOUND('',#9059,.T.);
#9059=EDGE_LOOP('',(#9060,#9061,#9062));
#9060=ORIENTED_EDGE('',*,*,#9063,.T.);
#9061=ORIENTED_EDGE('',*,*,#9064,.T.);
#9062=ORIENTED_EDGE('',*,*,#9065,.T.);
#9063=EDGE_CURVE('',#2048,#2042,#9066,.F.);
#9064=EDGE_CURVE('',#2042,#2044,#9067,.T.);
#9065=EDGE_CURVE('',#2044,#2048,#9068,.T.);
#9066=LINE('',#2047,#9069);
#9067=LINE('',#2041,#9070);
#9068=LINE('',#2043,#9071);
#9069=VECTOR('',#9072,1.0);
#9070=VECTOR('',#9073,1.0);
#9071=VECTOR('',#9074,1.0);
#9072=DIRECTION('',(-0.9999995959283502,-0.0008989678172341167,0));
#9073=DIRECTION('',(0,-1,8.593871999234253E-17));
#9074=DIRECTION('',(0.9999358836962827,0.011323802211889786,-8.959018461721893E-19));
#9075=FACE_SURFACE('',(#9080),#9076,.T.);
#9076=PLANE('',#9077);
#9077=AXIS2_PLACEMENT_3D('',#2049,#9078,#9079);
#9078=DIRECTION('',(-0,7.911669856185837E-17,1));
#9079=DIRECTION('',(1,0,0));
#9080=FACE_BOUND('',#9081,.T.);
#9081=EDGE_LOOP('',(#9082,#9083,#9084));
#9082=ORIENTED_EDGE('',*,*,#9085,.T.);
#9083=ORIENTED_EDGE('',*,*,#9086,.T.);
#9084=ORIENTED_EDGE('',*,*,#9087,.T.);
#9085=EDGE_CURVE('',#2050,#2052,#9088,.F.);
#9086=EDGE_CURVE('',#2052,#2054,#9089,.T.);
#9087=EDGE_CURVE('',#2054,#2050,#9090,.T.);
#9088=LINE('',#2049,#9091);
#9089=LINE('',#2051,#9092);
#9090=LINE('',#2053,#9093);
#9091=VECTOR('',#9094,1.0);
#9092=VECTOR('',#9095,1.0);
#9093=VECTOR('',#9096,1.0);
#9094=DIRECTION('',(1,0,0));
#9095=DIRECTION('',(-0.950447472462053,0.31088519117271385,-2.4596209957357316E-17));
#9096=DIRECTION('',(0.8157313571856998,-0.5784309404794805,4.57635463567673E-17));
#9097=FACE_SURFACE('',(#9102),#9098,.T.);
#9098=PLANE('',#9099);
#9099=AXIS2_PLACEMENT_3D('',#2049,#9100,#9101);
#9100=DIRECTION('',(0,7.911669856185837E-17,1));
#9101=DIRECTION('',(-0.8157313571856998,0.5784309404794805,-4.57635463567673E-17));
#9102=FACE_BOUND('',#9103,.T.);
#9103=EDGE_LOOP('',(#9104,#9105,#9106));
#9104=ORIENTED_EDGE('',*,*,#9107,.T.);
#9105=ORIENTED_EDGE('',*,*,#9108,.T.);
#9106=ORIENTED_EDGE('',*,*,#9109,.T.);
#9107=EDGE_CURVE('',#2050,#2054,#9110,.F.);
#9108=EDGE_CURVE('',#2054,#2056,#9111,.T.);
#9109=EDGE_CURVE('',#2056,#2050,#9112,.T.);
#9110=LINE('',#2049,#9113);
#9111=LINE('',#2053,#9114);
#9112=LINE('',#2055,#9115);
#9113=VECTOR('',#9116,1.0);
#9114=VECTOR('',#9117,1.0);
#9115=VECTOR('',#9118,1.0);
#9116=DIRECTION('',(-0.8157313571856998,0.5784309404794805,-4.57635463567673E-17));
#9117=DIRECTION('',(-1,0,0));
#9118=DIRECTION('',(0.9210362022600384,-0.38947697509147544,3.081413243509668E-17));
#9119=FACE_SURFACE('',(#9124),#9120,.T.);
#9120=PLANE('',#9121);
#9121=AXIS2_PLACEMENT_3D('',#2055,#9122,#9123);
#9122=DIRECTION('',(0,7.911669856185837E-17,1));
#9123=DIRECTION('',(-1,0,0));
#9124=FACE_BOUND('',#9125,.T.);
#9125=EDGE_LOOP('',(#9126,#9127,#9128));
#9126=ORIENTED_EDGE('',*,*,#9129,.T.);
#9127=ORIENTED_EDGE('',*,*,#9130,.T.);
#9128=ORIENTED_EDGE('',*,*,#9131,.T.);
#9129=EDGE_CURVE('',#2056,#2048,#9132,.F.);
#9130=EDGE_CURVE('',#2048,#2046,#9133,.T.);
#9131=EDGE_CURVE('',#2046,#2056,#9134,.T.);
#9132=LINE('',#2055,#9135);
#9133=LINE('',#2047,#9136);
#9134=LINE('',#2045,#9137);
#9135=VECTOR('',#9138,1.0);
#9136=VECTOR('',#9139,1.0);
#9137=VECTOR('',#9140,1.0);
#9138=DIRECTION('',(-1,0,0));
#9139=DIRECTION('',(0.9724982981187761,-0.23290998294638238,1.8427068912816508E-17));
#9140=DIRECTION('',(0.9119170984361783,0.4103744699414688,-3.24674732358416E-17));
#9141=FACE_SURFACE('',(#9146),#9142,.T.);
#9142=PLANE('',#9143);
#9143=AXIS2_PLACEMENT_3D('',#2055,#9144,#9145);
#9144=DIRECTION('',(0,7.911669856185837E-17,1));
#9145=DIRECTION('',(-0.9119170984361783,-0.4103744699414688,3.24674732358416E-17));
#9146=FACE_BOUND('',#9147,.T.);
#9147=EDGE_LOOP('',(#9148,#9149,#9150));
#9148=ORIENTED_EDGE('',*,*,#9151,.T.);
#9149=ORIENTED_EDGE('',*,*,#9152,.T.);
#9150=ORIENTED_EDGE('',*,*,#9153,.T.);
#9151=EDGE_CURVE('',#2056,#2046,#9154,.F.);
#9152=EDGE_CURVE('',#2046,#2050,#9155,.T.);
#9153=EDGE_CURVE('',#2050,#2056,#9156,.T.);
#9154=LINE('',#2055,#9157);
#9155=LINE('',#2045,#9158);
#9156=LINE('',#2049,#9159);
#9157=VECTOR('',#9160,1.0);
#9158=VECTOR('',#9161,1.0);
#9159=VECTOR('',#9162,1.0);
#9160=DIRECTION('',(-0.9119170984361783,-0.4103744699414688,3.24674732358416E-17));
#9161=DIRECTION('',(1,0,0));
#9162=DIRECTION('',(-0.9210362022600384,0.38947697509147544,-3.081413243509668E-17));
#9163=FACE_SURFACE('',(#9168),#9164,.T.);
#9164=PLANE('',#9165);
#9165=AXIS2_PLACEMENT_3D('',#2057,#9166,#9167);
#9166=DIRECTION('',(-4.2484029358051355E-18,0,1));
#9167=DIRECTION('',(0,1,0));
#9168=FACE_BOUND('',#9169,.T.);
#9169=EDGE_LOOP('',(#9170,#9171,#9172));
#9170=ORIENTED_EDGE('',*,*,#9173,.T.);
#9171=ORIENTED_EDGE('',*,*,#9174,.T.);
#9172=ORIENTED_EDGE('',*,*,#9175,.T.);
#9173=EDGE_CURVE('',#2058,#2060,#9176,.F.);
#9174=EDGE_CURVE('',#2060,#2062,#9177,.T.);
#9175=EDGE_CURVE('',#2062,#2058,#9178,.T.);
#9176=LINE('',#2057,#9179);
#9177=LINE('',#2059,#9180);
#9178=LINE('',#2061,#9181);
#9179=VECTOR('',#9182,1.0);
#9180=VECTOR('',#9183,1.0);
#9181=VECTOR('',#9184,1.0);
#9182=DIRECTION('',(0,1,0));
#9183=DIRECTION('',(-0.9993985795586756,0.034676781513017944,-4.24584785943656E-18));
#9184=DIRECTION('',(0.9985613765821152,-0.053620678832246624,4.242291083853075E-18));
#9185=FACE_SURFACE('',(#9190),#9186,.T.);
#9186=PLANE('',#9187);
#9187=AXIS2_PLACEMENT_3D('',#2061,#9188,#9189);
#9188=DIRECTION('',(0,7.911669856185836E-17,1));
#9189=DIRECTION('',(-1,0,0));
#9190=FACE_BOUND('',#9191,.T.);
#9191=EDGE_LOOP('',(#9192,#9193,#9194));
#9192=ORIENTED_EDGE('',*,*,#9195,.T.);
#9193=ORIENTED_EDGE('',*,*,#9196,.T.);
#9194=ORIENTED_EDGE('',*,*,#9197,.T.);
#9195=EDGE_CURVE('',#2062,#2064,#9198,.F.);
#9196=EDGE_CURVE('',#2064,#2066,#9199,.T.);
#9197=EDGE_CURVE('',#2066,#2062,#9200,.T.);
#9198=LINE('',#2061,#9201);
#9199=LINE('',#2063,#9202);
#9200=LINE('',#2065,#9203);
#9201=VECTOR('',#9204,1.0);
#9202=VECTOR('',#9205,1.0);
#9203=VECTOR('',#9206,1.0);
#9204=DIRECTION('',(-1,0,0));
#9205=DIRECTION('',(0.772509354291643,-0.6350033838743765,5.023937130774908E-17));
#9206=DIRECTION('',(0.9995608079453469,0.02963429127962086,-2.344567290264072E-18));
#9207=FACE_SURFACE('',(#9212),#9208,.T.);
#9208=PLANE('',#9209);
#9209=AXIS2_PLACEMENT_3D('',#2061,#9210,#9211);
#9210=DIRECTION('',(0,7.911669856185837E-17,1));
#9211=DIRECTION('',(-0.9995608079453469,-0.02963429127962086,2.344567290264072E-18));
#9212=FACE_BOUND('',#9213,.T.);
#9213=EDGE_LOOP('',(#9214,#9215,#9216));
#9214=ORIENTED_EDGE('',*,*,#9217,.T.);
#9215=ORIENTED_EDGE('',*,*,#9218,.T.);
#9216=ORIENTED_EDGE('',*,*,#9219,.T.);
#9217=EDGE_CURVE('',#2062,#2066,#9220,.F.);
#9218=EDGE_CURVE('',#2066,#2058,#9221,.T.);
#9219=EDGE_CURVE('',#2058,#2062,#9222,.T.);
#9220=LINE('',#2061,#9223);
#9221=LINE('',#2065,#9224);
#9222=LINE('',#2057,#9225);
#9223=VECTOR('',#9226,1.0);
#9224=VECTOR('',#9227,1.0);
#9225=VECTOR('',#9228,1.0);
#9226=DIRECTION('',(-0.9995608079453469,-0.02963429127962086,2.344567290264072E-18));
#9227=DIRECTION('',(1,0,0));
#9228=DIRECTION('',(-0.9985613765821152,0.053620678832246624,-4.242291083853075E-18));
#9229=FACE_SURFACE('',(#9234),#9230,.T.);
#9230=PLANE('',#9231);
#9231=AXIS2_PLACEMENT_3D('',#2065,#9232,#9233);
#9232=DIRECTION('',(0,7.911669856185837E-17,1));
#9233=DIRECTION('',(-0.772509354291643,0.6350033838743765,-5.023937130774908E-17));
#9234=FACE_BOUND('',#9235,.T.);
#9235=EDGE_LOOP('',(#9236,#9237,#9238));
#9236=ORIENTED_EDGE('',*,*,#9239,.T.);
#9237=ORIENTED_EDGE('',*,*,#9240,.T.);
#9238=ORIENTED_EDGE('',*,*,#9241,.T.);
#9239=EDGE_CURVE('',#2066,#2064,#9242,.F.);
#9240=EDGE_CURVE('',#2064,#2054,#9243,.T.);
#9241=EDGE_CURVE('',#2054,#2066,#9244,.T.);
#9242=LINE('',#2065,#9245);
#9243=LINE('',#2063,#9246);
#9244=LINE('',#2053,#9247);
#9245=VECTOR('',#9248,1.0);
#9246=VECTOR('',#9249,1.0);
#9247=VECTOR('',#9250,1.0);
#9248=DIRECTION('',(-0.772509354291643,0.6350033838743765,-5.023937130774908E-17));
#9249=DIRECTION('',(-1,0,0));
#9250=DIRECTION('',(0.9916797578453217,-0.1287293978850359,1.0184644968519914E-17));
#9251=FACE_SURFACE('',(#9256),#9252,.T.);
#9252=PLANE('',#9253);
#9253=AXIS2_PLACEMENT_3D('',#2065,#9254,#9255);
#9254=DIRECTION('',(0,7.911669856185837E-17,1));
#9255=DIRECTION('',(-0.9916797578453217,0.1287293978850359,-1.0184644968519914E-17));
#9256=FACE_BOUND('',#9257,.T.);
#9257=EDGE_LOOP('',(#9258,#9259,#9260));
#9258=ORIENTED_EDGE('',*,*,#9261,.T.);
#9259=ORIENTED_EDGE('',*,*,#9262,.T.);
#9260=ORIENTED_EDGE('',*,*,#9263,.T.);
#9261=EDGE_CURVE('',#2066,#2054,#9264,.F.);
#9262=EDGE_CURVE('',#2054,#2052,#9265,.T.);
#9263=EDGE_CURVE('',#2052,#2066,#9266,.T.);
#9264=LINE('',#2065,#9267);
#9265=LINE('',#2053,#9268);
#9266=LINE('',#2051,#9269);
#9267=VECTOR('',#9270,1.0);
#9268=VECTOR('',#9271,1.0);
#9269=VECTOR('',#9272,1.0);
#9270=DIRECTION('',(-0.9916797578453217,0.1287293978850359,-1.0184644968519914E-17));
#9271=DIRECTION('',(0.950447472462053,-0.31088519117271385,2.4596209957357316E-17));
#9272=DIRECTION('',(1,0,0));
#9273=FACE_SURFACE('',(#9278),#9274,.T.);
#9274=PLANE('',#9275);
#9275=AXIS2_PLACEMENT_3D('',#2061,#9276,#9277);
#9276=DIRECTION('',(-0,1.2244065551016128E-16,1));
#9277=DIRECTION('',(0.9993985795586756,-0.034676781513017944,4.24584785943656E-18));
#9278=FACE_BOUND('',#9279,.T.);
#9279=EDGE_LOOP('',(#9280,#9281,#9282));
#9280=ORIENTED_EDGE('',*,*,#9283,.T.);
#9281=ORIENTED_EDGE('',*,*,#9284,.T.);
#9282=ORIENTED_EDGE('',*,*,#9285,.T.);
#9283=EDGE_CURVE('',#2062,#2060,#9286,.F.);
#9284=EDGE_CURVE('',#2060,#2068,#9287,.T.);
#9285=EDGE_CURVE('',#2068,#2062,#9288,.T.);
#9286=LINE('',#2061,#9289);
#9287=LINE('',#2059,#9290);
#9288=LINE('',#2067,#9291);
#9289=VECTOR('',#9292,1.0);
#9290=VECTOR('',#9293,1.0);
#9291=VECTOR('',#9294,1.0);
#9292=DIRECTION('',(0.9993985795586756,-0.034676781513017944,4.24584785943656E-18));
#9293=DIRECTION('',(0,1,-1.2244065551016128E-16));
#9294=DIRECTION('',(-1,0,0));
#9295=FACE_SURFACE('',(#9300),#9296,.T.);
#9296=PLANE('',#9297);
#9297=AXIS2_PLACEMENT_3D('',#2069,#9298,#9299);
#9298=DIRECTION('',(-0,1,0));
#9299=DIRECTION('',(1,0,0));
#9300=FACE_BOUND('',#9301,.T.);
#9301=EDGE_LOOP('',(#9302,#9303,#9304));
#9302=ORIENTED_EDGE('',*,*,#9305,.T.);
#9303=ORIENTED_EDGE('',*,*,#9306,.T.);
#9304=ORIENTED_EDGE('',*,*,#9307,.T.);
#9305=EDGE_CURVE('',#2070,#2072,#9308,.F.);
#9306=EDGE_CURVE('',#2072,#2074,#9309,.T.);
#9307=EDGE_CURVE('',#2074,#2070,#9310,.T.);
#9308=LINE('',#2069,#9311);
#9309=LINE('',#2071,#9312);
#9310=LINE('',#2073,#9313);
#9311=VECTOR('',#9314,1.0);
#9312=VECTOR('',#9315,1.0);
#9313=VECTOR('',#9316,1.0);
#9314=DIRECTION('',(1,0,0));
#9315=DIRECTION('',(0,0,-1));
#9316=DIRECTION('',(-0.9966833117765944,0,0.08137798244021502));
#9317=FACE_SURFACE('',(#9322),#9318,.T.);
#9318=PLANE('',#9319);
#9319=AXIS2_PLACEMENT_3D('',#2073,#9320,#9321);
#9320=DIRECTION('',(0,1,0));
#9321=DIRECTION('',(-1,0,0));
#9322=FACE_BOUND('',#9323,.T.);
#9323=EDGE_LOOP('',(#9324,#9325,#9326));
#9324=ORIENTED_EDGE('',*,*,#9327,.T.);
#9325=ORIENTED_EDGE('',*,*,#9328,.T.);
#9326=ORIENTED_EDGE('',*,*,#9329,.T.);
#9327=EDGE_CURVE('',#2074,#2076,#9330,.F.);
#9328=EDGE_CURVE('',#2076,#2078,#9331,.T.);
#9329=EDGE_CURVE('',#2078,#2074,#9332,.T.);
#9330=LINE('',#2073,#9333);
#9331=LINE('',#2075,#9334);
#9332=LINE('',#2077,#9335);
#9333=VECTOR('',#9336,1.0);
#9334=VECTOR('',#9337,1.0);
#9335=VECTOR('',#9338,1.0);
#9336=DIRECTION('',(-1,0,0));
#9337=DIRECTION('',(0,0,1));
#9338=DIRECTION('',(0.9999523263892018,0,-0.009764473811890958));
#9339=FACE_SURFACE('',(#9344),#9340,.T.);
#9340=PLANE('',#9341);
#9341=AXIS2_PLACEMENT_3D('',#2073,#9342,#9343);
#9342=DIRECTION('',(0,1,0));
#9343=DIRECTION('',(-0.9999523263892018,0,0.009764473811890958));
#9344=FACE_BOUND('',#9345,.T.);
#9345=EDGE_LOOP('',(#9346,#9347,#9348));
#9346=ORIENTED_EDGE('',*,*,#9349,.T.);
#9347=ORIENTED_EDGE('',*,*,#9350,.T.);
#9348=ORIENTED_EDGE('',*,*,#9351,.T.);
#9349=EDGE_CURVE('',#2074,#2078,#9352,.F.);
#9350=EDGE_CURVE('',#2078,#2080,#9353,.T.);
#9351=EDGE_CURVE('',#2080,#2074,#9354,.T.);
#9352=LINE('',#2073,#9355);
#9353=LINE('',#2077,#9356);
#9354=LINE('',#2079,#9357);
#9355=VECTOR('',#9358,1.0);
#9356=VECTOR('',#9359,1.0);
#9357=VECTOR('',#9360,1.0);
#9358=DIRECTION('',(-0.9999523263892018,0,0.009764473811890958));
#9359=DIRECTION('',(1,0,0));
#9360=DIRECTION('',(0.9999499852815363,0,-0.010001346682095914));
#9361=FACE_SURFACE('',(#9366),#9362,.T.);
#9362=PLANE('',#9363);
#9363=AXIS2_PLACEMENT_3D('',#2081,#9364,#9365);
#9364=DIRECTION('',(-0,1,0));
#9365=DIRECTION('',(1,0,0));
#9366=FACE_BOUND('',#9367,.T.);
#9367=EDGE_LOOP('',(#9368,#9369,#9370));
#9368=ORIENTED_EDGE('',*,*,#9371,.T.);
#9369=ORIENTED_EDGE('',*,*,#9372,.T.);
#9370=ORIENTED_EDGE('',*,*,#9373,.T.);
#9371=EDGE_CURVE('',#2082,#2070,#9374,.F.);
#9372=EDGE_CURVE('',#2070,#2074,#9375,.T.);
#9373=EDGE_CURVE('',#2074,#2082,#9376,.T.);
#9374=LINE('',#2081,#9377);
#9375=LINE('',#2069,#9378);
#9376=LINE('',#2073,#9379);
#9377=VECTOR('',#9380,1.0);
#9378=VECTOR('',#9381,1.0);
#9379=VECTOR('',#9382,1.0);
#9380=DIRECTION('',(1,0,0));
#9381=DIRECTION('',(0.9966833117765944,0,-0.08137798244021502));
#9382=DIRECTION('',(-0.9995974097461044,0,0.02837284668267432));
#9383=FACE_SURFACE('',(#9388),#9384,.T.);
#9384=PLANE('',#9385);
#9385=AXIS2_PLACEMENT_3D('',#2083,#9386,#9387);
#9386=DIRECTION('',(-0,1,0));
#9387=DIRECTION('',(1,0,0));
#9388=FACE_BOUND('',#9389,.T.);
#9389=EDGE_LOOP('',(#9390,#9391,#9392));
#9390=ORIENTED_EDGE('',*,*,#9393,.T.);
#9391=ORIENTED_EDGE('',*,*,#9394,.T.);
#9392=ORIENTED_EDGE('',*,*,#9395,.T.);
#9393=EDGE_CURVE('',#2084,#2082,#9396,.F.);
#9394=EDGE_CURVE('',#2082,#2074,#9397,.T.);
#9395=EDGE_CURVE('',#2074,#2084,#9398,.T.);
#9396=LINE('',#2083,#9399);
#9397=LINE('',#2081,#9400);
#9398=LINE('',#2073,#9401);
#9399=VECTOR('',#9402,1.0);
#9400=VECTOR('',#9403,1.0);
#9401=VECTOR('',#9404,1.0);
#9402=DIRECTION('',(1,0,0));
#9403=DIRECTION('',(0.9995974097461044,0,-0.02837284668267432));
#9404=DIRECTION('',(-0.9996796457432475,0,0.025310193335000952));
#9405=FACE_SURFACE('',(#9410),#9406,.T.);
#9406=PLANE('',#9407);
#9407=AXIS2_PLACEMENT_3D('',#2073,#9408,#9409);
#9408=DIRECTION('',(0,1,0));
#9409=DIRECTION('',(-0.9999499852815363,0,0.010001346682095914));
#9410=FACE_BOUND('',#9411,.T.);
#9411=EDGE_LOOP('',(#9412,#9413,#9414));
#9412=ORIENTED_EDGE('',*,*,#9415,.T.);
#9413=ORIENTED_EDGE('',*,*,#9416,.T.);
#9414=ORIENTED_EDGE('',*,*,#9417,.T.);
#9415=EDGE_CURVE('',#2074,#2080,#9418,.F.);
#9416=EDGE_CURVE('',#2080,#2086,#9419,.T.);
#9417=EDGE_CURVE('',#2086,#2074,#9420,.T.);
#9418=LINE('',#2073,#9421);
#9419=LINE('',#2079,#9422);
#9420=LINE('',#2085,#9423);
#9421=VECTOR('',#9424,1.0);
#9422=VECTOR('',#9425,1.0);
#9423=VECTOR('',#9426,1.0);
#9424=DIRECTION('',(-0.9999499852815363,0,0.010001346682095914));
#9425=DIRECTION('',(1,0,0));
#9426=DIRECTION('',(0.9999491887588756,0,-0.010080669643759541));
#9427=FACE_SURFACE('',(#9432),#9428,.T.);
#9428=PLANE('',#9429);
#9429=AXIS2_PLACEMENT_3D('',#2073,#9430,#9431);
#9430=DIRECTION('',(0,1,0));
#9431=DIRECTION('',(-0.9999491887588756,0,0.010080669643759541));
#9432=FACE_BOUND('',#9433,.T.);
#9433=EDGE_LOOP('',(#9434,#9435,#9436));
#9434=ORIENTED_EDGE('',*,*,#9437,.T.);
#9435=ORIENTED_EDGE('',*,*,#9438,.T.);
#9436=ORIENTED_EDGE('',*,*,#9439,.T.);
#9437=EDGE_CURVE('',#2074,#2086,#9440,.F.);
#9438=EDGE_CURVE('',#2086,#2088,#9441,.T.);
#9439=EDGE_CURVE('',#2088,#2074,#9442,.T.);
#9440=LINE('',#2073,#9443);
#9441=LINE('',#2085,#9444);
#9442=LINE('',#2087,#9445);
#9443=VECTOR('',#9446,1.0);
#9444=VECTOR('',#9447,1.0);
#9445=VECTOR('',#9448,1.0);
#9446=DIRECTION('',(-0.9999491887588756,0,0.010080669643759541));
#9447=DIRECTION('',(1,0,0));
#9448=DIRECTION('',(0.9997456908802509,0,-0.022551132263590342));
#9449=FACE_SURFACE('',(#9454),#9450,.T.);
#9450=PLANE('',#9451);
#9451=AXIS2_PLACEMENT_3D('',#2089,#9452,#9453);
#9452=DIRECTION('',(-0,1,0));
#9453=DIRECTION('',(1,0,0));
#9454=FACE_BOUND('',#9455,.T.);
#9455=EDGE_LOOP('',(#9456,#9457,#9458));
#9456=ORIENTED_EDGE('',*,*,#9459,.T.);
#9457=ORIENTED_EDGE('',*,*,#9460,.T.);
#9458=ORIENTED_EDGE('',*,*,#9461,.T.);
#9459=EDGE_CURVE('',#2090,#2084,#9462,.F.);
#9460=EDGE_CURVE('',#2084,#2074,#9463,.T.);
#9461=EDGE_CURVE('',#2074,#2090,#9464,.T.);
#9462=LINE('',#2089,#9465);
#9463=LINE('',#2083,#9466);
#9464=LINE('',#2073,#9467);
#9465=VECTOR('',#9468,1.0);
#9466=VECTOR('',#9469,1.0);
#9467=VECTOR('',#9470,1.0);
#9468=DIRECTION('',(1,0,0));
#9469=DIRECTION('',(0.9996796457432475,0,-0.025310193335000952));
#9470=DIRECTION('',(-0.9996895870151896,0,0.024914445877833428));
#9471=FACE_SURFACE('',(#9476),#9472,.T.);
#9472=PLANE('',#9473);
#9473=AXIS2_PLACEMENT_3D('',#2087,#9474,#9475);
#9474=DIRECTION('',(-0,1,0));
#9475=DIRECTION('',(1,0,0));
#9476=FACE_BOUND('',#9477,.T.);
#9477=EDGE_LOOP('',(#9478,#9479,#9480));
#9478=ORIENTED_EDGE('',*,*,#9481,.T.);
#9479=ORIENTED_EDGE('',*,*,#9482,.T.);
#9480=ORIENTED_EDGE('',*,*,#9483,.T.);
#9481=EDGE_CURVE('',#2088,#2090,#9484,.F.);
#9482=EDGE_CURVE('',#2090,#2074,#9485,.T.);
#9483=EDGE_CURVE('',#2074,#2088,#9486,.T.);
#9484=LINE('',#2087,#9487);
#9485=LINE('',#2089,#9488);
#9486=LINE('',#2073,#9489);
#9487=VECTOR('',#9490,1.0);
#9488=VECTOR('',#9491,1.0);
#9489=VECTOR('',#9492,1.0);
#9490=DIRECTION('',(1,0,0));
#9491=DIRECTION('',(0.9996895870151896,0,-0.024914445877833428));
#9492=DIRECTION('',(-0.9997456908802509,0,0.022551132263590342));
#9493=FACE_SURFACE('',(#9498),#9494,.T.);
#9494=PLANE('',#9495);
#9495=AXIS2_PLACEMENT_3D('',#2091,#9496,#9497);
#9496=DIRECTION('',(0,-1,0));
#9497=DIRECTION('',(0,0,-1));
#9498=FACE_BOUND('',#9499,.T.);
#9499=EDGE_LOOP('',(#9500,#9501,#9502));
#9500=ORIENTED_EDGE('',*,*,#9503,.T.);
#9501=ORIENTED_EDGE('',*,*,#9504,.T.);
#9502=ORIENTED_EDGE('',*,*,#9505,.T.);
#9503=EDGE_CURVE('',#2092,#2094,#9506,.F.);
#9504=EDGE_CURVE('',#2094,#2096,#9507,.T.);
#9505=EDGE_CURVE('',#2096,#2092,#9508,.T.);
#9506=LINE('',#2091,#9509);
#9507=LINE('',#2093,#9510);
#9508=LINE('',#2095,#9511);
#9509=VECTOR('',#9512,1.0);
#9510=VECTOR('',#9513,1.0);
#9511=VECTOR('',#9514,1.0);
#9512=DIRECTION('',(0,0,-1));
#9513=DIRECTION('',(1,0,0));
#9514=DIRECTION('',(-0.9999523263892018,0,0.009764473811890958));
#9515=FACE_SURFACE('',(#9520),#9516,.T.);
#9516=PLANE('',#9517);
#9517=AXIS2_PLACEMENT_3D('',#2097,#9518,#9519);
#9518=DIRECTION('',(0,-1,0));
#9519=DIRECTION('',(0,0,1));
#9520=FACE_BOUND('',#9521,.T.);
#9521=EDGE_LOOP('',(#9522,#9523,#9524));
#9522=ORIENTED_EDGE('',*,*,#9525,.T.);
#9523=ORIENTED_EDGE('',*,*,#9526,.T.);
#9524=ORIENTED_EDGE('',*,*,#9527,.T.);
#9525=EDGE_CURVE('',#2098,#2100,#9528,.F.);
#9526=EDGE_CURVE('',#2100,#2102,#9529,.T.);
#9527=EDGE_CURVE('',#2102,#2098,#9530,.T.);
#9528=LINE('',#2097,#9531);
#9529=LINE('',#2099,#9532);
#9530=LINE('',#2101,#9533);
#9531=VECTOR('',#9534,1.0);
#9532=VECTOR('',#9535,1.0);
#9533=VECTOR('',#9536,1.0);
#9534=DIRECTION('',(0,0,1));
#9535=DIRECTION('',(-1,0,0));
#9536=DIRECTION('',(0.99987282080898,0,-0.015948109840765178));
#9537=FACE_SURFACE('',(#9542),#9538,.T.);
#9538=PLANE('',#9539);
#9539=AXIS2_PLACEMENT_3D('',#2091,#9540,#9541);
#9540=DIRECTION('',(0,-1,0));
#9541=DIRECTION('',(0.9999523263892018,0,-0.009764473811890958));
#9542=FACE_BOUND('',#9543,.T.);
#9543=EDGE_LOOP('',(#9544,#9545,#9546));
#9544=ORIENTED_EDGE('',*,*,#9547,.T.);
#9545=ORIENTED_EDGE('',*,*,#9548,.T.);
#9546=ORIENTED_EDGE('',*,*,#9549,.T.);
#9547=EDGE_CURVE('',#2092,#2096,#9550,.F.);
#9548=EDGE_CURVE('',#2096,#2098,#9551,.T.);
#9549=EDGE_CURVE('',#2098,#2092,#9552,.T.);
#9550=LINE('',#2091,#9553);
#9551=LINE('',#2095,#9554);
#9552=LINE('',#2097,#9555);
#9553=VECTOR('',#9556,1.0);
#9554=VECTOR('',#9557,1.0);
#9555=VECTOR('',#9558,1.0);
#9556=DIRECTION('',(0.9999523263892018,0,-0.009764473811890958));
#9557=DIRECTION('',(0,0,1));
#9558=DIRECTION('',(-0.9999856212823369,0,0.005362576673437209));
#9559=FACE_SURFACE('',(#9564),#9560,.T.);
#9560=PLANE('',#9561);
#9561=AXIS2_PLACEMENT_3D('',#2103,#9562,#9563);
#9562=DIRECTION('',(-0,-1,-0));
#9563=DIRECTION('',(-1,0,0));
#9564=FACE_BOUND('',#9565,.T.);
#9565=EDGE_LOOP('',(#9566,#9567,#9568));
#9566=ORIENTED_EDGE('',*,*,#9569,.T.);
#9567=ORIENTED_EDGE('',*,*,#9570,.T.);
#9568=ORIENTED_EDGE('',*,*,#9571,.T.);
#9569=EDGE_CURVE('',#2104,#2092,#9572,.F.);
#9570=EDGE_CURVE('',#2092,#2098,#9573,.T.);
#9571=EDGE_CURVE('',#2098,#2104,#9574,.T.);
#9572=LINE('',#2103,#9575);
#9573=LINE('',#2091,#9576);
#9574=LINE('',#2097,#9577);
#9575=VECTOR('',#9578,1.0);
#9576=VECTOR('',#9579,1.0);
#9577=VECTOR('',#9580,1.0);
#9578=DIRECTION('',(-1,0,0));
#9579=DIRECTION('',(0.9999856212823369,0,-0.005362576673437209));
#9580=DIRECTION('',(-0.9999128169318939,0,0.01320448921104351));
#9581=FACE_SURFACE('',(#9586),#9582,.T.);
#9582=PLANE('',#9583);
#9583=AXIS2_PLACEMENT_3D('',#2097,#9584,#9585);
#9584=DIRECTION('',(0,-1,0));
#9585=DIRECTION('',(-0.99987282080898,0,0.015948109840765178));
#9586=FACE_BOUND('',#9587,.T.);
#9587=EDGE_LOOP('',(#9588,#9589,#9590));
#9588=ORIENTED_EDGE('',*,*,#9591,.T.);
#9589=ORIENTED_EDGE('',*,*,#9592,.T.);
#9590=ORIENTED_EDGE('',*,*,#9593,.T.);
#9591=EDGE_CURVE('',#2098,#2102,#9594,.F.);
#9592=EDGE_CURVE('',#2102,#2106,#9595,.T.);
#9593=EDGE_CURVE('',#2106,#2098,#9596,.T.);
#9594=LINE('',#2097,#9597);
#9595=LINE('',#2101,#9598);
#9596=LINE('',#2105,#9599);
#9597=VECTOR('',#9600,1.0);
#9598=VECTOR('',#9601,1.0);
#9599=VECTOR('',#9602,1.0);
#9600=DIRECTION('',(-0.99987282080898,0,0.015948109840765178));
#9601=DIRECTION('',(-1,0,0));
#9602=DIRECTION('',(0.9998927069826714,0,-0.014648362463627277));
#9603=FACE_SURFACE('',(#9608),#9604,.T.);
#9604=PLANE('',#9605);
#9605=AXIS2_PLACEMENT_3D('',#2107,#9606,#9607);
#9606=DIRECTION('',(-0,-1,-0));
#9607=DIRECTION('',(-1,0,0));
#9608=FACE_BOUND('',#9609,.T.);
#9609=EDGE_LOOP('',(#9610,#9611,#9612));
#9610=ORIENTED_EDGE('',*,*,#9613,.T.);
#9611=ORIENTED_EDGE('',*,*,#9614,.T.);
#9612=ORIENTED_EDGE('',*,*,#9615,.T.);
#9613=EDGE_CURVE('',#2108,#2104,#9616,.F.);
#9614=EDGE_CURVE('',#2104,#2098,#9617,.T.);
#9615=EDGE_CURVE('',#2098,#2108,#9618,.T.);
#9616=LINE('',#2107,#9619);
#9617=LINE('',#2103,#9620);
#9618=LINE('',#2097,#9621);
#9619=VECTOR('',#9622,1.0);
#9620=VECTOR('',#9623,1.0);
#9621=VECTOR('',#9624,1.0);
#9622=DIRECTION('',(-1,0,0));
#9623=DIRECTION('',(0.9999128169318939,0,-0.01320448921104351));
#9624=DIRECTION('',(-0.9998986477818782,0,0.014237070062747482));
#9625=FACE_SURFACE('',(#9630),#9626,.T.);
#9626=PLANE('',#9627);
#9627=AXIS2_PLACEMENT_3D('',#2097,#9628,#9629);
#9628=DIRECTION('',(0,-1,0));
#9629=DIRECTION('',(-0.9998927069826714,0,0.014648362463627277));
#9630=FACE_BOUND('',#9631,.T.);
#9631=EDGE_LOOP('',(#9632,#9633,#9634));
#9632=ORIENTED_EDGE('',*,*,#9635,.T.);
#9633=ORIENTED_EDGE('',*,*,#9636,.T.);
#9634=ORIENTED_EDGE('',*,*,#9637,.T.);
#9635=EDGE_CURVE('',#2098,#2106,#9638,.F.);
#9636=EDGE_CURVE('',#2106,#2108,#9639,.T.);
#9637=EDGE_CURVE('',#2108,#2098,#9640,.T.);
#9638=LINE('',#2097,#9641);
#9639=LINE('',#2105,#9642);
#9640=LINE('',#2107,#9643);
#9641=VECTOR('',#9644,1.0);
#9642=VECTOR('',#9645,1.0);
#9643=VECTOR('',#9646,1.0);
#9644=DIRECTION('',(-0.9998927069826714,0,0.014648362463627277));
#9645=DIRECTION('',(-1,0,0));
#9646=DIRECTION('',(0.9998986477818782,0,-0.014237070062747482));
#9647=FACE_SURFACE('',(#9652),#9648,.T.);
#9648=PLANE('',#9649);
#9649=AXIS2_PLACEMENT_3D('',#2109,#9650,#9651);
#9650=DIRECTION('',(-0,0,1));
#9651=DIRECTION('',(0,-1,0));
#9652=FACE_BOUND('',#9653,.T.);
#9653=EDGE_LOOP('',(#9654,#9655,#9656));
#9654=ORIENTED_EDGE('',*,*,#9657,.T.);
#9655=ORIENTED_EDGE('',*,*,#9658,.T.);
#9656=ORIENTED_EDGE('',*,*,#9659,.T.);
#9657=EDGE_CURVE('',#2110,#2112,#9660,.F.);
#9658=EDGE_CURVE('',#2112,#2114,#9661,.T.);
#9659=EDGE_CURVE('',#2114,#2110,#9662,.T.);
#9660=LINE('',#2109,#9663);
#9661=LINE('',#2111,#9664);
#9662=LINE('',#2113,#9665);
#9663=VECTOR('',#9666,1.0);
#9664=VECTOR('',#9667,1.0);
#9665=VECTOR('',#9668,1.0);
#9666=DIRECTION('',(0,-1,0));
#9667=DIRECTION('',(0.9998811611389933,0.015416341957115914,0));
#9668=DIRECTION('',(-1,0,0));
#9669=FACE_SURFACE('',(#9674),#9670,.T.);
#9670=PLANE('',#9671);
#9671=AXIS2_PLACEMENT_3D('',#2115,#9672,#9673);
#9672=DIRECTION('',(0,0,1));
#9673=DIRECTION('',(-1,0,0));
#9674=FACE_BOUND('',#9675,.T.);
#9675=EDGE_LOOP('',(#9676,#9677,#9678));
#9676=ORIENTED_EDGE('',*,*,#9679,.T.);
#9677=ORIENTED_EDGE('',*,*,#9680,.T.);
#9678=ORIENTED_EDGE('',*,*,#9681,.T.);
#9679=EDGE_CURVE('',#2116,#2114,#9682,.F.);
#9680=EDGE_CURVE('',#2114,#2112,#9683,.T.);
#9681=EDGE_CURVE('',#2112,#2116,#9684,.T.);
#9682=LINE('',#2115,#9685);
#9683=LINE('',#2113,#9686);
#9684=LINE('',#2111,#9687);
#9685=VECTOR('',#9688,1.0);
#9686=VECTOR('',#9689,1.0);
#9687=VECTOR('',#9690,1.0);
#9688=DIRECTION('',(-1,0,0));
#9689=DIRECTION('',(-0.9998811611389933,-0.015416341957115914,0));
#9690=DIRECTION('',(0.9999322402822555,0.011641084318468048,0));
#9691=FACE_SURFACE('',(#9696),#9692,.T.);
#9692=PLANE('',#9693);
#9693=AXIS2_PLACEMENT_3D('',#2115,#9694,#9695);
#9694=DIRECTION('',(0,0,1));
#9695=DIRECTION('',(-0.9999322402822555,-0.011641084318468048,0));
#9696=FACE_BOUND('',#9697,.T.);
#9697=EDGE_LOOP('',(#9698,#9699,#9700));
#9698=ORIENTED_EDGE('',*,*,#9701,.T.);
#9699=ORIENTED_EDGE('',*,*,#9702,.T.);
#9700=ORIENTED_EDGE('',*,*,#9703,.T.);
#9701=EDGE_CURVE('',#2116,#2112,#9704,.F.);
#9702=EDGE_CURVE('',#2112,#2118,#9705,.T.);
#9703=EDGE_CURVE('',#2118,#2116,#9706,.T.);
#9704=LINE('',#2115,#9707);
#9705=LINE('',#2111,#9708);
#9706=LINE('',#2117,#9709);
#9707=VECTOR('',#9710,1.0);
#9708=VECTOR('',#9711,1.0);
#9709=VECTOR('',#9712,1.0);
#9710=DIRECTION('',(-0.9999322402822555,-0.011641084318468048,0));
#9711=DIRECTION('',(0,-1,0));
#9712=DIRECTION('',(0.9998679709699985,0.016249327011862137,0));
#9713=FACE_SURFACE('',(#9718),#9714,.T.);
#9714=PLANE('',#9715);
#9715=AXIS2_PLACEMENT_3D('',#2119,#9716,#9717);
#9716=DIRECTION('',(0,0,1));
#9717=DIRECTION('',(-0.9724982981187761,0.23290998294638238,0));
#9718=FACE_BOUND('',#9719,.T.);
#9719=EDGE_LOOP('',(#9720,#9721,#9722));
#9720=ORIENTED_EDGE('',*,*,#9723,.T.);
#9721=ORIENTED_EDGE('',*,*,#9724,.T.);
#9722=ORIENTED_EDGE('',*,*,#9725,.T.);
#9723=EDGE_CURVE('',#2120,#2122,#9726,.F.);
#9724=EDGE_CURVE('',#2122,#2116,#9727,.T.);
#9725=EDGE_CURVE('',#2116,#2120,#9728,.T.);
#9726=LINE('',#2119,#9729);
#9727=LINE('',#2121,#9730);
#9728=LINE('',#2115,#9731);
#9729=VECTOR('',#9732,1.0);
#9730=VECTOR('',#9733,1.0);
#9731=VECTOR('',#9734,1.0);
#9732=DIRECTION('',(-0.9724982981187761,0.23290998294638238,0));
#9733=DIRECTION('',(-1,0,0));
#9734=DIRECTION('',(0.999934841371974,-0.011415472412699955,0));
#9735=FACE_SURFACE('',(#9740),#9736,.T.);
#9736=PLANE('',#9737);
#9737=AXIS2_PLACEMENT_3D('',#2115,#9738,#9739);
#9738=DIRECTION('',(0,0,1));
#9739=DIRECTION('',(-0.9998679709699985,-0.016249327011862137,0));
#9740=FACE_BOUND('',#9741,.T.);
#9741=EDGE_LOOP('',(#9742,#9743,#9744));
#9742=ORIENTED_EDGE('',*,*,#9745,.T.);
#9743=ORIENTED_EDGE('',*,*,#9746,.T.);
#9744=ORIENTED_EDGE('',*,*,#9747,.T.);
#9745=EDGE_CURVE('',#2116,#2118,#9748,.F.);
#9746=EDGE_CURVE('',#2118,#2124,#9749,.T.);
#9747=EDGE_CURVE('',#2124,#2116,#9750,.T.);
#9748=LINE('',#2115,#9751);
#9749=LINE('',#2117,#9752);
#9750=LINE('',#2123,#9753);
#9751=VECTOR('',#9754,1.0);
#9752=VECTOR('',#9755,1.0);
#9753=VECTOR('',#9756,1.0);
#9754=DIRECTION('',(-0.9998679709699985,-0.016249327011862137,0));
#9755=DIRECTION('',(0,-1,0));
#9756=DIRECTION('',(0.9796805974488145,0.2005640221533603,0));
#9757=FACE_SURFACE('',(#9762),#9758,.T.);
#9758=PLANE('',#9759);
#9759=AXIS2_PLACEMENT_3D('',#2115,#9760,#9761);
#9760=DIRECTION('',(0,0,1));
#9761=DIRECTION('',(-0.9796805974488145,-0.2005640221533603,0));
#9762=FACE_BOUND('',#9763,.T.);
#9763=EDGE_LOOP('',(#9764,#9765,#9766));
#9764=ORIENTED_EDGE('',*,*,#9767,.T.);
#9765=ORIENTED_EDGE('',*,*,#9768,.T.);
#9766=ORIENTED_EDGE('',*,*,#9769,.T.);
#9767=EDGE_CURVE('',#2116,#2124,#9770,.F.);
#9768=EDGE_CURVE('',#2124,#2120,#9771,.T.);
#9769=EDGE_CURVE('',#2120,#2116,#9772,.T.);
#9770=LINE('',#2115,#9773);
#9771=LINE('',#2123,#9774);
#9772=LINE('',#2119,#9775);
#9773=VECTOR('',#9776,1.0);
#9774=VECTOR('',#9777,1.0);
#9775=VECTOR('',#9778,1.0);
#9776=DIRECTION('',(-0.9796805974488145,-0.2005640221533603,0));
#9777=DIRECTION('',(1,0,0));
#9778=DIRECTION('',(-0.999934841371974,0.011415472412699955,0));
#9779=FACE_SURFACE('',(#9784),#9780,.T.);
#9780=PLANE('',#9781);
#9781=AXIS2_PLACEMENT_3D('',#2125,#9782,#9783);
#9782=DIRECTION('',(0,-0,1));
#9783=DIRECTION('',(1,0,0));
#9784=FACE_BOUND('',#9785,.T.);
#9785=EDGE_LOOP('',(#9786,#9787,#9788));
#9786=ORIENTED_EDGE('',*,*,#9789,.T.);
#9787=ORIENTED_EDGE('',*,*,#9790,.T.);
#9788=ORIENTED_EDGE('',*,*,#9791,.T.);
#9789=EDGE_CURVE('',#2126,#2128,#9792,.F.);
#9790=EDGE_CURVE('',#2128,#2130,#9793,.T.);
#9791=EDGE_CURVE('',#2130,#2126,#9794,.T.);
#9792=LINE('',#2125,#9795);
#9793=LINE('',#2127,#9796);
#9794=LINE('',#2129,#9797);
#9795=VECTOR('',#9798,1.0);
#9796=VECTOR('',#9799,1.0);
#9797=VECTOR('',#9800,1.0);
#9798=DIRECTION('',(1,0,0));
#9799=DIRECTION('',(-0.950447472462053,0.31088519117271385,0));
#9800=DIRECTION('',(0.8157313571856998,-0.5784309404794805,0));
#9801=FACE_SURFACE('',(#9806),#9802,.T.);
#9802=PLANE('',#9803);
#9803=AXIS2_PLACEMENT_3D('',#2125,#9804,#9805);
#9804=DIRECTION('',(0,0,1));
#9805=DIRECTION('',(-0.8157313571856998,0.5784309404794805,0));
#9806=FACE_BOUND('',#9807,.T.);
#9807=EDGE_LOOP('',(#9808,#9809,#9810));
#9808=ORIENTED_EDGE('',*,*,#9811,.T.);
#9809=ORIENTED_EDGE('',*,*,#9812,.T.);
#9810=ORIENTED_EDGE('',*,*,#9813,.T.);
#9811=EDGE_CURVE('',#2126,#2130,#9814,.F.);
#9812=EDGE_CURVE('',#2130,#2132,#9815,.T.);
#9813=EDGE_CURVE('',#2132,#2126,#9816,.T.);
#9814=LINE('',#2125,#9817);
#9815=LINE('',#2129,#9818);
#9816=LINE('',#2131,#9819);
#9817=VECTOR('',#9820,1.0);
#9818=VECTOR('',#9821,1.0);
#9819=VECTOR('',#9822,1.0);
#9820=DIRECTION('',(-0.8157313571856998,0.5784309404794805,0));
#9821=DIRECTION('',(-1,0,0));
#9822=DIRECTION('',(0.9210362022600384,-0.38947697509147544,0));
#9823=FACE_SURFACE('',(#9828),#9824,.T.);
#9824=PLANE('',#9825);
#9825=AXIS2_PLACEMENT_3D('',#2131,#9826,#9827);
#9826=DIRECTION('',(0,0,1));
#9827=DIRECTION('',(-1,0,0));
#9828=FACE_BOUND('',#9829,.T.);
#9829=EDGE_LOOP('',(#9830,#9831,#9832));
#9830=ORIENTED_EDGE('',*,*,#9833,.T.);
#9831=ORIENTED_EDGE('',*,*,#9834,.T.);
#9832=ORIENTED_EDGE('',*,*,#9835,.T.);
#9833=EDGE_CURVE('',#2132,#2122,#9836,.F.);
#9834=EDGE_CURVE('',#2122,#2120,#9837,.T.);
#9835=EDGE_CURVE('',#2120,#2132,#9838,.T.);
#9836=LINE('',#2131,#9839);
#9837=LINE('',#2121,#9840);
#9838=LINE('',#2119,#9841);
#9839=VECTOR('',#9842,1.0);
#9840=VECTOR('',#9843,1.0);
#9841=VECTOR('',#9844,1.0);
#9842=DIRECTION('',(-1,0,0));
#9843=DIRECTION('',(0.9724982981187761,-0.23290998294638238,0));
#9844=DIRECTION('',(0.9119170984361783,0.4103744699414688,0));
#9845=FACE_SURFACE('',(#9850),#9846,.T.);
#9846=PLANE('',#9847);
#9847=AXIS2_PLACEMENT_3D('',#2131,#9848,#9849);
#9848=DIRECTION('',(0,0,1));
#9849=DIRECTION('',(-0.9119170984361783,-0.4103744699414688,0));
#9850=FACE_BOUND('',#9851,.T.);
#9851=EDGE_LOOP('',(#9852,#9853,#9854));
#9852=ORIENTED_EDGE('',*,*,#9855,.T.);
#9853=ORIENTED_EDGE('',*,*,#9856,.T.);
#9854=ORIENTED_EDGE('',*,*,#9857,.T.);
#9855=EDGE_CURVE('',#2132,#2120,#9858,.F.);
#9856=EDGE_CURVE('',#2120,#2126,#9859,.T.);
#9857=EDGE_CURVE('',#2126,#2132,#9860,.T.);
#9858=LINE('',#2131,#9861);
#9859=LINE('',#2119,#9862);
#9860=LINE('',#2125,#9863);
#9861=VECTOR('',#9864,1.0);
#9862=VECTOR('',#9865,1.0);
#9863=VECTOR('',#9866,1.0);
#9864=DIRECTION('',(-0.9119170984361783,-0.4103744699414688,0));
#9865=DIRECTION('',(1,0,0));
#9866=DIRECTION('',(-0.9210362022600384,0.38947697509147544,0));
#9867=FACE_SURFACE('',(#9872),#9868,.T.);
#9868=PLANE('',#9869);
#9869=AXIS2_PLACEMENT_3D('',#2133,#9870,#9871);
#9870=DIRECTION('',(0,0,1));
#9871=DIRECTION('',(-0.9993985795586756,0.034676781513017944,0));
#9872=FACE_BOUND('',#9873,.T.);
#9873=EDGE_LOOP('',(#9874,#9875,#9876));
#9874=ORIENTED_EDGE('',*,*,#9877,.T.);
#9875=ORIENTED_EDGE('',*,*,#9878,.T.);
#9876=ORIENTED_EDGE('',*,*,#9879,.T.);
#9877=EDGE_CURVE('',#2134,#2136,#9880,.F.);
#9878=EDGE_CURVE('',#2136,#2138,#9881,.T.);
#9879=EDGE_CURVE('',#2138,#2134,#9882,.T.);
#9880=LINE('',#2133,#9883);
#9881=LINE('',#2135,#9884);
#9882=LINE('',#2137,#9885);
#9883=VECTOR('',#9886,1.0);
#9884=VECTOR('',#9887,1.0);
#9885=VECTOR('',#9888,1.0);
#9886=DIRECTION('',(-0.9993985795586756,0.034676781513017944,0));
#9887=DIRECTION('',(-1,0,0));
#9888=DIRECTION('',(0.9999272590716901,-0.012061366646334573,0));
#9889=FACE_SURFACE('',(#9894),#9890,.T.);
#9890=PLANE('',#9891);
#9891=AXIS2_PLACEMENT_3D('',#2137,#9892,#9893);
#9892=DIRECTION('',(0,0,1));
#9893=DIRECTION('',(0.772509354291643,-0.6350033838743765,0));
#9894=FACE_BOUND('',#9895,.T.);
#9895=EDGE_LOOP('',(#9896,#9897,#9898));
#9896=ORIENTED_EDGE('',*,*,#9899,.T.);
#9897=ORIENTED_EDGE('',*,*,#9900,.T.);
#9898=ORIENTED_EDGE('',*,*,#9901,.T.);
#9899=EDGE_CURVE('',#2138,#2140,#9902,.F.);
#9900=EDGE_CURVE('',#2140,#2142,#9903,.T.);
#9901=EDGE_CURVE('',#2142,#2138,#9904,.T.);
#9902=LINE('',#2137,#9905);
#9903=LINE('',#2139,#9906);
#9904=LINE('',#2141,#9907);
#9905=VECTOR('',#9908,1.0);
#9906=VECTOR('',#9909,1.0);
#9907=VECTOR('',#9910,1.0);
#9908=DIRECTION('',(0.772509354291643,-0.6350033838743765,0));
#9909=DIRECTION('',(1,0,0));
#9910=DIRECTION('',(-0.9998258081949617,0.01866422426172189,0));
#9911=FACE_SURFACE('',(#9916),#9912,.T.);
#9912=PLANE('',#9913);
#9913=AXIS2_PLACEMENT_3D('',#2137,#9914,#9915);
#9914=DIRECTION('',(0,0,1));
#9915=DIRECTION('',(0.9998258081949617,-0.01866422426172189,0));
#9916=FACE_BOUND('',#9917,.T.);
#9917=EDGE_LOOP('',(#9918,#9919,#9920));
#9918=ORIENTED_EDGE('',*,*,#9921,.T.);
#9919=ORIENTED_EDGE('',*,*,#9922,.T.);
#9920=ORIENTED_EDGE('',*,*,#9923,.T.);
#9921=EDGE_CURVE('',#2138,#2142,#9924,.F.);
#9922=EDGE_CURVE('',#2142,#2134,#9925,.T.);
#9923=EDGE_CURVE('',#2134,#2138,#9926,.T.);
#9924=LINE('',#2137,#9927);
#9925=LINE('',#2141,#9928);
#9926=LINE('',#2133,#9929);
#9927=VECTOR('',#9930,1.0);
#9928=VECTOR('',#9931,1.0);
#9929=VECTOR('',#9932,1.0);
#9930=DIRECTION('',(0.9998258081949617,-0.01866422426172189,0));
#9931=DIRECTION('',(0,1,0));
#9932=DIRECTION('',(-0.9999272590716901,0.012061366646334573,0));
#9933=FACE_SURFACE('',(#9938),#9934,.T.);
#9934=PLANE('',#9935);
#9935=AXIS2_PLACEMENT_3D('',#2139,#9936,#9937);
#9936=DIRECTION('',(0,0,1));
#9937=DIRECTION('',(-0.772509354291643,0.6350033838743765,0));
#9938=FACE_BOUND('',#9939,.T.);
#9939=EDGE_LOOP('',(#9940,#9941,#9942));
#9940=ORIENTED_EDGE('',*,*,#9943,.T.);
#9941=ORIENTED_EDGE('',*,*,#9944,.T.);
#9942=ORIENTED_EDGE('',*,*,#9945,.T.);
#9943=EDGE_CURVE('',#2140,#2138,#9946,.F.);
#9944=EDGE_CURVE('',#2138,#2130,#9947,.T.);
#9945=EDGE_CURVE('',#2130,#2140,#9948,.T.);
#9946=LINE('',#2139,#9949);
#9947=LINE('',#2137,#9950);
#9948=LINE('',#2129,#9951);
#9949=VECTOR('',#9952,1.0);
#9950=VECTOR('',#9953,1.0);
#9951=VECTOR('',#9954,1.0);
#9952=DIRECTION('',(-0.772509354291643,0.6350033838743765,0));
#9953=DIRECTION('',(-1,0,0));
#9954=DIRECTION('',(0.9916797578453217,-0.1287293978850359,0));
#9955=FACE_SURFACE('',(#9960),#9956,.T.);
#9956=PLANE('',#9957);
#9957=AXIS2_PLACEMENT_3D('',#2139,#9958,#9959);
#9958=DIRECTION('',(0,0,1));
#9959=DIRECTION('',(-0.9916797578453217,0.1287293978850359,0));
#9960=FACE_BOUND('',#9961,.T.);
#9961=EDGE_LOOP('',(#9962,#9963,#9964));
#9962=ORIENTED_EDGE('',*,*,#9965,.T.);
#9963=ORIENTED_EDGE('',*,*,#9966,.T.);
#9964=ORIENTED_EDGE('',*,*,#9967,.T.);
#9965=EDGE_CURVE('',#2140,#2130,#9968,.F.);
#9966=EDGE_CURVE('',#2130,#2128,#9969,.T.);
#9967=EDGE_CURVE('',#2128,#2140,#9970,.T.);
#9968=LINE('',#2139,#9971);
#9969=LINE('',#2129,#9972);
#9970=LINE('',#2127,#9973);
#9971=VECTOR('',#9974,1.0);
#9972=VECTOR('',#9975,1.0);
#9973=VECTOR('',#9976,1.0);
#9974=DIRECTION('',(-0.9916797578453217,0.1287293978850359,0));
#9975=DIRECTION('',(0.950447472462053,-0.31088519117271385,0));
#9976=DIRECTION('',(1,0,0));
#9977=FACE_SURFACE('',(#9982),#9978,.T.);
#9978=PLANE('',#9979);
#9979=AXIS2_PLACEMENT_3D('',#2135,#9980,#9981);
#9980=DIRECTION('',(-0,0,1));
#9981=DIRECTION('',(0.9993985795586756,-0.034676781513017944,0));
#9982=FACE_BOUND('',#9983,.T.);
#9983=EDGE_LOOP('',(#9984,#9985,#9986));
#9984=ORIENTED_EDGE('',*,*,#9987,.T.);
#9985=ORIENTED_EDGE('',*,*,#9988,.T.);
#9986=ORIENTED_EDGE('',*,*,#9989,.T.);
#9987=EDGE_CURVE('',#2136,#2134,#9990,.F.);
#9988=EDGE_CURVE('',#2134,#2144,#9991,.T.);
#9989=EDGE_CURVE('',#2144,#2136,#9992,.T.);
#9990=LINE('',#2135,#9993);
#9991=LINE('',#2133,#9994);
#9992=LINE('',#2143,#9995);
#9993=VECTOR('',#9996,1.0);
#9994=VECTOR('',#9997,1.0);
#9995=VECTOR('',#9998,1.0);
#9996=DIRECTION('',(0.9993985795586756,-0.034676781513017944,0));
#9997=DIRECTION('',(0,1,0));
#9998=DIRECTION('',(-1,0,0));
ENDSEC;
END-ISO-10303-21;
